city_code,metric_date,metric_name,value,available_at,source_url,published_at,observed_at
222401,2026-07-03,content_growth,39.2,2026-07-04T08:00:00+08:00,https://example.gov.cn/panel/222401,2026-07-03T18:00:00+08:00,2026-07-04T08:00:00+08:00
222401,2026-07-03,search_growth,37.6,2026-07-04T08:00:00+08:00,https://example.gov.cn/panel/222401,2026-07-03T18:00:00+08:00,2026-07-04T08:00:00+08:00
222401,2026-07-03,event_trigger,35.3,2026-07-04T08:00:00+08:00,https://example.gov.cn/panel/222401,2026-07-03T18:00:00+08:00,2026-07-04T08:00:00+08:00
222401,2026-07-03,accessibility,29.4,2026-07-04T08:00:00+08:00,https://example.gov.cn/panel/222401,2026-07-03T18:00:00+08:00,2026-07-04T08:00:00+08:00
222401,2026-07-03,supply_capacity,26.6,2026-07-04T08:00:00+08:00,https://example.gov.cn/panel/222401,2026-07-03T18:00:00+08:00,2026-07-04T08:00:00+08:00
222401,2026-07-03,weather_fit,30.6,2026-07-04T08:00:00+08:00,https://example.gov.cn/panel/222401,2026-07-03T18:00:00+08:00,2026-07-04T08:00:00+08:00
222401,2026-07-03,novelty,36.1,2026-07-04T08:00:00+08:00,https://example.gov.cn/panel/222401,2026-07-03T18:00:00+08:00,2026-07-04T08:00:00+08:00
222401,2026-07-03,cross_region_spread,33.7,2026-07-04T08:00:00+08:00,https://example.gov.cn/panel/222401,2026-07-03T18:00:00+08:00,2026-07-04T08:00:00+08:00
222401,2026-07-03,risk_pressure,22.0,2026-07-04T08:00:00+08:00,https://example.gov.cn/panel/222401,2026-07-03T18:00:00+08:00,2026-07-04T08:00:00+08:00
222401,2026-07-04,content_growth,40.4,2026-07-05T08:00:00+08:00,https://example.gov.cn/panel/222401,2026-07-04T18:00:00+08:00,2026-07-05T08:00:00+08:00
222401,2026-07-04,search_growth,38.8,2026-07-05T08:00:00+08:00,https://example.gov.cn/panel/222401,2026-07-04T18:00:00+08:00,2026-07-05T08:00:00+08:00
222401,2026-07-04,event_trigger,36.3,2026-07-05T08:00:00+08:00,https://example.gov.cn/panel/222401,2026-07-04T18:00:00+08:00,2026-07-05T08:00:00+08:00
222401,2026-07-04,accessibility,30.3,2026-07-05T08:00:00+08:00,https://example.gov.cn/panel/222401,2026-07-04T18:00:00+08:00,2026-07-05T08:00:00+08:00
222401,2026-07-04,supply_capacity,27.5,2026-07-05T08:00:00+08:00,https://example.gov.cn/panel/222401,2026-07-04T18:00:00+08:00,2026-07-05T08:00:00+08:00
222401,2026-07-04,weather_fit,31.5,2026-07-05T08:00:00+08:00,https://example.gov.cn/panel/222401,2026-07-04T18:00:00+08:00,2026-07-05T08:00:00+08:00
222401,2026-07-04,novelty,37.2,2026-07-05T08:00:00+08:00,https://example.gov.cn/panel/222401,2026-07-04T18:00:00+08:00,2026-07-05T08:00:00+08:00
222401,2026-07-04,cross_region_spread,34.7,2026-07-05T08:00:00+08:00,https://example.gov.cn/panel/222401,2026-07-04T18:00:00+08:00,2026-07-05T08:00:00+08:00
222401,2026-07-04,risk_pressure,22.3,2026-07-05T08:00:00+08:00,https://example.gov.cn/panel/222401,2026-07-04T18:00:00+08:00,2026-07-05T08:00:00+08:00
222401,2026-07-05,content_growth,41.6,2026-07-06T08:00:00+08:00,https://example.gov.cn/panel/222401,2026-07-05T18:00:00+08:00,2026-07-06T08:00:00+08:00
222401,2026-07-05,search_growth,39.9,2026-07-06T08:00:00+08:00,https://example.gov.cn/panel/222401,2026-07-05T18:00:00+08:00,2026-07-06T08:00:00+08:00
222401,2026-07-05,event_trigger,37.4,2026-07-06T08:00:00+08:00,https://example.gov.cn/panel/222401,2026-07-05T18:00:00+08:00,2026-07-06T08:00:00+08:00
222401,2026-07-05,accessibility,31.2,2026-07-06T08:00:00+08:00,https://example.gov.cn/panel/222401,2026-07-05T18:00:00+08:00,2026-07-06T08:00:00+08:00
222401,2026-07-05,supply_capacity,28.3,2026-07-06T08:00:00+08:00,https://example.gov.cn/panel/222401,2026-07-05T18:00:00+08:00,2026-07-06T08:00:00+08:00
222401,2026-07-05,weather_fit,32.4,2026-07-06T08:00:00+08:00,https://example.gov.cn/panel/222401,2026-07-05T18:00:00+08:00,2026-07-06T08:00:00+08:00
222401,2026-07-05,novelty,38.3,2026-07-06T08:00:00+08:00,https://example.gov.cn/panel/222401,2026-07-05T18:00:00+08:00,2026-07-06T08:00:00+08:00
222401,2026-07-05,cross_region_spread,35.8,2026-07-06T08:00:00+08:00,https://example.gov.cn/panel/222401,2026-07-05T18:00:00+08:00,2026-07-06T08:00:00+08:00
222401,2026-07-05,risk_pressure,22.6,2026-07-06T08:00:00+08:00,https://example.gov.cn/panel/222401,2026-07-05T18:00:00+08:00,2026-07-06T08:00:00+08:00
222401,2026-07-06,content_growth,42.8,2026-07-07T08:00:00+08:00,https://example.gov.cn/panel/222401,2026-07-06T18:00:00+08:00,2026-07-07T08:00:00+08:00
222401,2026-07-06,search_growth,41.1,2026-07-07T08:00:00+08:00,https://example.gov.cn/panel/222401,2026-07-06T18:00:00+08:00,2026-07-07T08:00:00+08:00
222401,2026-07-06,event_trigger,38.5,2026-07-07T08:00:00+08:00,https://example.gov.cn/panel/222401,2026-07-06T18:00:00+08:00,2026-07-07T08:00:00+08:00
222401,2026-07-06,accessibility,32.1,2026-07-07T08:00:00+08:00,https://example.gov.cn/panel/222401,2026-07-06T18:00:00+08:00,2026-07-07T08:00:00+08:00
222401,2026-07-06,supply_capacity,29.1,2026-07-07T08:00:00+08:00,https://example.gov.cn/panel/222401,2026-07-06T18:00:00+08:00,2026-07-07T08:00:00+08:00
222401,2026-07-06,weather_fit,33.4,2026-07-07T08:00:00+08:00,https://example.gov.cn/panel/222401,2026-07-06T18:00:00+08:00,2026-07-07T08:00:00+08:00
222401,2026-07-06,novelty,39.4,2026-07-07T08:00:00+08:00,https://example.gov.cn/panel/222401,2026-07-06T18:00:00+08:00,2026-07-07T08:00:00+08:00
222401,2026-07-06,cross_region_spread,36.8,2026-07-07T08:00:00+08:00,https://example.gov.cn/panel/222401,2026-07-06T18:00:00+08:00,2026-07-07T08:00:00+08:00
222401,2026-07-06,risk_pressure,22.9,2026-07-07T08:00:00+08:00,https://example.gov.cn/panel/222401,2026-07-06T18:00:00+08:00,2026-07-07T08:00:00+08:00
222401,2026-07-07,content_growth,44.0,2026-07-08T08:00:00+08:00,https://example.gov.cn/panel/222401,2026-07-07T18:00:00+08:00,2026-07-08T08:00:00+08:00
222401,2026-07-07,search_growth,42.2,2026-07-08T08:00:00+08:00,https://example.gov.cn/panel/222401,2026-07-07T18:00:00+08:00,2026-07-08T08:00:00+08:00
222401,2026-07-07,event_trigger,39.6,2026-07-08T08:00:00+08:00,https://example.gov.cn/panel/222401,2026-07-07T18:00:00+08:00,2026-07-08T08:00:00+08:00
222401,2026-07-07,accessibility,33.0,2026-07-08T08:00:00+08:00,https://example.gov.cn/panel/222401,2026-07-07T18:00:00+08:00,2026-07-08T08:00:00+08:00
222401,2026-07-07,supply_capacity,29.9,2026-07-08T08:00:00+08:00,https://example.gov.cn/panel/222401,2026-07-07T18:00:00+08:00,2026-07-08T08:00:00+08:00
222401,2026-07-07,weather_fit,34.3,2026-07-08T08:00:00+08:00,https://example.gov.cn/panel/222401,2026-07-07T18:00:00+08:00,2026-07-08T08:00:00+08:00
222401,2026-07-07,novelty,40.5,2026-07-08T08:00:00+08:00,https://example.gov.cn/panel/222401,2026-07-07T18:00:00+08:00,2026-07-08T08:00:00+08:00
222401,2026-07-07,cross_region_spread,37.8,2026-07-08T08:00:00+08:00,https://example.gov.cn/panel/222401,2026-07-07T18:00:00+08:00,2026-07-08T08:00:00+08:00
222401,2026-07-07,risk_pressure,23.2,2026-07-08T08:00:00+08:00,https://example.gov.cn/panel/222401,2026-07-07T18:00:00+08:00,2026-07-08T08:00:00+08:00
222401,2026-07-08,content_growth,45.2,2026-07-09T08:00:00+08:00,https://example.gov.cn/panel/222401,2026-07-08T18:00:00+08:00,2026-07-09T08:00:00+08:00
222401,2026-07-08,search_growth,43.4,2026-07-09T08:00:00+08:00,https://example.gov.cn/panel/222401,2026-07-08T18:00:00+08:00,2026-07-09T08:00:00+08:00
222401,2026-07-08,event_trigger,40.7,2026-07-09T08:00:00+08:00,https://example.gov.cn/panel/222401,2026-07-08T18:00:00+08:00,2026-07-09T08:00:00+08:00
222401,2026-07-08,accessibility,33.9,2026-07-09T08:00:00+08:00,https://example.gov.cn/panel/222401,2026-07-08T18:00:00+08:00,2026-07-09T08:00:00+08:00
222401,2026-07-08,supply_capacity,30.7,2026-07-09T08:00:00+08:00,https://example.gov.cn/panel/222401,2026-07-08T18:00:00+08:00,2026-07-09T08:00:00+08:00
222401,2026-07-08,weather_fit,35.2,2026-07-09T08:00:00+08:00,https://example.gov.cn/panel/222401,2026-07-08T18:00:00+08:00,2026-07-09T08:00:00+08:00
222401,2026-07-08,novelty,41.6,2026-07-09T08:00:00+08:00,https://example.gov.cn/panel/222401,2026-07-08T18:00:00+08:00,2026-07-09T08:00:00+08:00
222401,2026-07-08,cross_region_spread,38.8,2026-07-09T08:00:00+08:00,https://example.gov.cn/panel/222401,2026-07-08T18:00:00+08:00,2026-07-09T08:00:00+08:00
222401,2026-07-08,risk_pressure,23.5,2026-07-09T08:00:00+08:00,https://example.gov.cn/panel/222401,2026-07-08T18:00:00+08:00,2026-07-09T08:00:00+08:00
222401,2026-07-09,content_growth,46.4,2026-07-10T08:00:00+08:00,https://example.gov.cn/panel/222401,2026-07-09T18:00:00+08:00,2026-07-10T08:00:00+08:00
222401,2026-07-09,search_growth,44.5,2026-07-10T08:00:00+08:00,https://example.gov.cn/panel/222401,2026-07-09T18:00:00+08:00,2026-07-10T08:00:00+08:00
222401,2026-07-09,event_trigger,41.7,2026-07-10T08:00:00+08:00,https://example.gov.cn/panel/222401,2026-07-09T18:00:00+08:00,2026-07-10T08:00:00+08:00
222401,2026-07-09,accessibility,34.8,2026-07-10T08:00:00+08:00,https://example.gov.cn/panel/222401,2026-07-09T18:00:00+08:00,2026-07-10T08:00:00+08:00
222401,2026-07-09,supply_capacity,31.5,2026-07-10T08:00:00+08:00,https://example.gov.cn/panel/222401,2026-07-09T18:00:00+08:00,2026-07-10T08:00:00+08:00
222401,2026-07-09,weather_fit,36.2,2026-07-10T08:00:00+08:00,https://example.gov.cn/panel/222401,2026-07-09T18:00:00+08:00,2026-07-10T08:00:00+08:00
222401,2026-07-09,novelty,42.7,2026-07-10T08:00:00+08:00,https://example.gov.cn/panel/222401,2026-07-09T18:00:00+08:00,2026-07-10T08:00:00+08:00
222401,2026-07-09,cross_region_spread,39.9,2026-07-10T08:00:00+08:00,https://example.gov.cn/panel/222401,2026-07-09T18:00:00+08:00,2026-07-10T08:00:00+08:00
222401,2026-07-09,risk_pressure,23.8,2026-07-10T08:00:00+08:00,https://example.gov.cn/panel/222401,2026-07-09T18:00:00+08:00,2026-07-10T08:00:00+08:00
222401,2026-07-10,content_growth,47.6,2026-07-11T08:00:00+08:00,https://example.gov.cn/panel/222401,2026-07-10T18:00:00+08:00,2026-07-11T08:00:00+08:00
222401,2026-07-10,search_growth,45.7,2026-07-11T08:00:00+08:00,https://example.gov.cn/panel/222401,2026-07-10T18:00:00+08:00,2026-07-11T08:00:00+08:00
222401,2026-07-10,event_trigger,42.8,2026-07-11T08:00:00+08:00,https://example.gov.cn/panel/222401,2026-07-10T18:00:00+08:00,2026-07-11T08:00:00+08:00
222401,2026-07-10,accessibility,35.7,2026-07-11T08:00:00+08:00,https://example.gov.cn/panel/222401,2026-07-10T18:00:00+08:00,2026-07-11T08:00:00+08:00
222401,2026-07-10,supply_capacity,32.3,2026-07-11T08:00:00+08:00,https://example.gov.cn/panel/222401,2026-07-10T18:00:00+08:00,2026-07-11T08:00:00+08:00
222401,2026-07-10,weather_fit,37.1,2026-07-11T08:00:00+08:00,https://example.gov.cn/panel/222401,2026-07-10T18:00:00+08:00,2026-07-11T08:00:00+08:00
222401,2026-07-10,novelty,43.8,2026-07-11T08:00:00+08:00,https://example.gov.cn/panel/222401,2026-07-10T18:00:00+08:00,2026-07-11T08:00:00+08:00
222401,2026-07-10,cross_region_spread,40.9,2026-07-11T08:00:00+08:00,https://example.gov.cn/panel/222401,2026-07-10T18:00:00+08:00,2026-07-11T08:00:00+08:00
222401,2026-07-10,risk_pressure,24.1,2026-07-11T08:00:00+08:00,https://example.gov.cn/panel/222401,2026-07-10T18:00:00+08:00,2026-07-11T08:00:00+08:00
222401,2026-07-11,content_growth,48.8,2026-07-12T08:00:00+08:00,https://example.gov.cn/panel/222401,2026-07-11T18:00:00+08:00,2026-07-12T08:00:00+08:00
222401,2026-07-11,search_growth,46.8,2026-07-12T08:00:00+08:00,https://example.gov.cn/panel/222401,2026-07-11T18:00:00+08:00,2026-07-12T08:00:00+08:00
222401,2026-07-11,event_trigger,43.9,2026-07-12T08:00:00+08:00,https://example.gov.cn/panel/222401,2026-07-11T18:00:00+08:00,2026-07-12T08:00:00+08:00
222401,2026-07-11,accessibility,36.6,2026-07-12T08:00:00+08:00,https://example.gov.cn/panel/222401,2026-07-11T18:00:00+08:00,2026-07-12T08:00:00+08:00
222401,2026-07-11,supply_capacity,33.2,2026-07-12T08:00:00+08:00,https://example.gov.cn/panel/222401,2026-07-11T18:00:00+08:00,2026-07-12T08:00:00+08:00
222401,2026-07-11,weather_fit,38.0,2026-07-12T08:00:00+08:00,https://example.gov.cn/panel/222401,2026-07-11T18:00:00+08:00,2026-07-12T08:00:00+08:00
222401,2026-07-11,novelty,44.9,2026-07-12T08:00:00+08:00,https://example.gov.cn/panel/222401,2026-07-11T18:00:00+08:00,2026-07-12T08:00:00+08:00
222401,2026-07-11,cross_region_spread,41.9,2026-07-12T08:00:00+08:00,https://example.gov.cn/panel/222401,2026-07-11T18:00:00+08:00,2026-07-12T08:00:00+08:00
222401,2026-07-11,risk_pressure,24.4,2026-07-12T08:00:00+08:00,https://example.gov.cn/panel/222401,2026-07-11T18:00:00+08:00,2026-07-12T08:00:00+08:00
222401,2026-07-12,content_growth,50.0,2026-07-13T08:00:00+08:00,https://example.gov.cn/panel/222401,2026-07-12T18:00:00+08:00,2026-07-13T08:00:00+08:00
222401,2026-07-12,search_growth,48.0,2026-07-13T08:00:00+08:00,https://example.gov.cn/panel/222401,2026-07-12T18:00:00+08:00,2026-07-13T08:00:00+08:00
222401,2026-07-12,event_trigger,45.0,2026-07-13T08:00:00+08:00,https://example.gov.cn/panel/222401,2026-07-12T18:00:00+08:00,2026-07-13T08:00:00+08:00
222401,2026-07-12,accessibility,37.5,2026-07-13T08:00:00+08:00,https://example.gov.cn/panel/222401,2026-07-12T18:00:00+08:00,2026-07-13T08:00:00+08:00
222401,2026-07-12,supply_capacity,34.0,2026-07-13T08:00:00+08:00,https://example.gov.cn/panel/222401,2026-07-12T18:00:00+08:00,2026-07-13T08:00:00+08:00
222401,2026-07-12,weather_fit,39.0,2026-07-13T08:00:00+08:00,https://example.gov.cn/panel/222401,2026-07-12T18:00:00+08:00,2026-07-13T08:00:00+08:00
222401,2026-07-12,novelty,46.0,2026-07-13T08:00:00+08:00,https://example.gov.cn/panel/222401,2026-07-12T18:00:00+08:00,2026-07-13T08:00:00+08:00
222401,2026-07-12,cross_region_spread,43.0,2026-07-13T08:00:00+08:00,https://example.gov.cn/panel/222401,2026-07-12T18:00:00+08:00,2026-07-13T08:00:00+08:00
222401,2026-07-12,risk_pressure,24.7,2026-07-13T08:00:00+08:00,https://example.gov.cn/panel/222401,2026-07-12T18:00:00+08:00,2026-07-13T08:00:00+08:00
222401,2026-07-13,content_growth,51.2,2026-07-14T08:00:00+08:00,https://example.gov.cn/panel/222401,2026-07-13T18:00:00+08:00,2026-07-14T08:00:00+08:00
222401,2026-07-13,search_growth,49.1,2026-07-14T08:00:00+08:00,https://example.gov.cn/panel/222401,2026-07-13T18:00:00+08:00,2026-07-14T08:00:00+08:00
222401,2026-07-13,event_trigger,46.0,2026-07-14T08:00:00+08:00,https://example.gov.cn/panel/222401,2026-07-13T18:00:00+08:00,2026-07-14T08:00:00+08:00
222401,2026-07-13,accessibility,38.4,2026-07-14T08:00:00+08:00,https://example.gov.cn/panel/222401,2026-07-13T18:00:00+08:00,2026-07-14T08:00:00+08:00
222401,2026-07-13,supply_capacity,34.8,2026-07-14T08:00:00+08:00,https://example.gov.cn/panel/222401,2026-07-13T18:00:00+08:00,2026-07-14T08:00:00+08:00
222401,2026-07-13,weather_fit,39.9,2026-07-14T08:00:00+08:00,https://example.gov.cn/panel/222401,2026-07-13T18:00:00+08:00,2026-07-14T08:00:00+08:00
222401,2026-07-13,novelty,47.1,2026-07-14T08:00:00+08:00,https://example.gov.cn/panel/222401,2026-07-13T18:00:00+08:00,2026-07-14T08:00:00+08:00
222401,2026-07-13,cross_region_spread,44.0,2026-07-14T08:00:00+08:00,https://example.gov.cn/panel/222401,2026-07-13T18:00:00+08:00,2026-07-14T08:00:00+08:00
222401,2026-07-13,risk_pressure,25.0,2026-07-14T08:00:00+08:00,https://example.gov.cn/panel/222401,2026-07-13T18:00:00+08:00,2026-07-14T08:00:00+08:00
222401,2026-07-14,content_growth,52.4,2026-07-15T08:00:00+08:00,https://example.gov.cn/panel/222401,2026-07-14T18:00:00+08:00,2026-07-15T08:00:00+08:00
222401,2026-07-14,search_growth,50.3,2026-07-15T08:00:00+08:00,https://example.gov.cn/panel/222401,2026-07-14T18:00:00+08:00,2026-07-15T08:00:00+08:00
222401,2026-07-14,event_trigger,47.1,2026-07-15T08:00:00+08:00,https://example.gov.cn/panel/222401,2026-07-14T18:00:00+08:00,2026-07-15T08:00:00+08:00
222401,2026-07-14,accessibility,39.3,2026-07-15T08:00:00+08:00,https://example.gov.cn/panel/222401,2026-07-14T18:00:00+08:00,2026-07-15T08:00:00+08:00
222401,2026-07-14,supply_capacity,35.6,2026-07-15T08:00:00+08:00,https://example.gov.cn/panel/222401,2026-07-14T18:00:00+08:00,2026-07-15T08:00:00+08:00
222401,2026-07-14,weather_fit,40.8,2026-07-15T08:00:00+08:00,https://example.gov.cn/panel/222401,2026-07-14T18:00:00+08:00,2026-07-15T08:00:00+08:00
222401,2026-07-14,novelty,48.2,2026-07-15T08:00:00+08:00,https://example.gov.cn/panel/222401,2026-07-14T18:00:00+08:00,2026-07-15T08:00:00+08:00
222401,2026-07-14,cross_region_spread,45.0,2026-07-15T08:00:00+08:00,https://example.gov.cn/panel/222401,2026-07-14T18:00:00+08:00,2026-07-15T08:00:00+08:00
222401,2026-07-14,risk_pressure,25.3,2026-07-15T08:00:00+08:00,https://example.gov.cn/panel/222401,2026-07-14T18:00:00+08:00,2026-07-15T08:00:00+08:00
222401,2026-07-15,content_growth,53.6,2026-07-16T08:00:00+08:00,https://example.gov.cn/panel/222401,2026-07-15T18:00:00+08:00,2026-07-16T08:00:00+08:00
222401,2026-07-15,search_growth,51.4,2026-07-16T08:00:00+08:00,https://example.gov.cn/panel/222401,2026-07-15T18:00:00+08:00,2026-07-16T08:00:00+08:00
222401,2026-07-15,event_trigger,48.2,2026-07-16T08:00:00+08:00,https://example.gov.cn/panel/222401,2026-07-15T18:00:00+08:00,2026-07-16T08:00:00+08:00
222401,2026-07-15,accessibility,40.2,2026-07-16T08:00:00+08:00,https://example.gov.cn/panel/222401,2026-07-15T18:00:00+08:00,2026-07-16T08:00:00+08:00
222401,2026-07-15,supply_capacity,36.4,2026-07-16T08:00:00+08:00,https://example.gov.cn/panel/222401,2026-07-15T18:00:00+08:00,2026-07-16T08:00:00+08:00
222401,2026-07-15,weather_fit,41.8,2026-07-16T08:00:00+08:00,https://example.gov.cn/panel/222401,2026-07-15T18:00:00+08:00,2026-07-16T08:00:00+08:00
222401,2026-07-15,novelty,49.3,2026-07-16T08:00:00+08:00,https://example.gov.cn/panel/222401,2026-07-15T18:00:00+08:00,2026-07-16T08:00:00+08:00
222401,2026-07-15,cross_region_spread,46.1,2026-07-16T08:00:00+08:00,https://example.gov.cn/panel/222401,2026-07-15T18:00:00+08:00,2026-07-16T08:00:00+08:00
222401,2026-07-15,risk_pressure,25.6,2026-07-16T08:00:00+08:00,https://example.gov.cn/panel/222401,2026-07-15T18:00:00+08:00,2026-07-16T08:00:00+08:00
222401,2026-07-16,content_growth,54.8,2026-07-17T08:00:00+08:00,https://example.gov.cn/panel/222401,2026-07-16T18:00:00+08:00,2026-07-17T08:00:00+08:00
222401,2026-07-16,search_growth,52.6,2026-07-17T08:00:00+08:00,https://example.gov.cn/panel/222401,2026-07-16T18:00:00+08:00,2026-07-17T08:00:00+08:00
222401,2026-07-16,event_trigger,49.3,2026-07-17T08:00:00+08:00,https://example.gov.cn/panel/222401,2026-07-16T18:00:00+08:00,2026-07-17T08:00:00+08:00
222401,2026-07-16,accessibility,41.1,2026-07-17T08:00:00+08:00,https://example.gov.cn/panel/222401,2026-07-16T18:00:00+08:00,2026-07-17T08:00:00+08:00
222401,2026-07-16,supply_capacity,37.2,2026-07-17T08:00:00+08:00,https://example.gov.cn/panel/222401,2026-07-16T18:00:00+08:00,2026-07-17T08:00:00+08:00
222401,2026-07-16,weather_fit,42.7,2026-07-17T08:00:00+08:00,https://example.gov.cn/panel/222401,2026-07-16T18:00:00+08:00,2026-07-17T08:00:00+08:00
222401,2026-07-16,novelty,50.4,2026-07-17T08:00:00+08:00,https://example.gov.cn/panel/222401,2026-07-16T18:00:00+08:00,2026-07-17T08:00:00+08:00
222401,2026-07-16,cross_region_spread,47.1,2026-07-17T08:00:00+08:00,https://example.gov.cn/panel/222401,2026-07-16T18:00:00+08:00,2026-07-17T08:00:00+08:00
222401,2026-07-16,risk_pressure,25.9,2026-07-17T08:00:00+08:00,https://example.gov.cn/panel/222401,2026-07-16T18:00:00+08:00,2026-07-17T08:00:00+08:00
222401,2026-07-17,content_growth,55.9,2026-07-18T08:00:00+08:00,https://example.gov.cn/panel/222401,2026-07-17T18:00:00+08:00,2026-07-18T08:00:00+08:00
222401,2026-07-17,search_growth,53.7,2026-07-18T08:00:00+08:00,https://example.gov.cn/panel/222401,2026-07-17T18:00:00+08:00,2026-07-18T08:00:00+08:00
222401,2026-07-17,event_trigger,50.4,2026-07-18T08:00:00+08:00,https://example.gov.cn/panel/222401,2026-07-17T18:00:00+08:00,2026-07-18T08:00:00+08:00
222401,2026-07-17,accessibility,42.0,2026-07-18T08:00:00+08:00,https://example.gov.cn/panel/222401,2026-07-17T18:00:00+08:00,2026-07-18T08:00:00+08:00
222401,2026-07-17,supply_capacity,38.0,2026-07-18T08:00:00+08:00,https://example.gov.cn/panel/222401,2026-07-17T18:00:00+08:00,2026-07-18T08:00:00+08:00
222401,2026-07-17,weather_fit,43.6,2026-07-18T08:00:00+08:00,https://example.gov.cn/panel/222401,2026-07-17T18:00:00+08:00,2026-07-18T08:00:00+08:00
222401,2026-07-17,novelty,51.5,2026-07-18T08:00:00+08:00,https://example.gov.cn/panel/222401,2026-07-17T18:00:00+08:00,2026-07-18T08:00:00+08:00
222401,2026-07-17,cross_region_spread,48.1,2026-07-18T08:00:00+08:00,https://example.gov.cn/panel/222401,2026-07-17T18:00:00+08:00,2026-07-18T08:00:00+08:00
222401,2026-07-17,risk_pressure,26.2,2026-07-18T08:00:00+08:00,https://example.gov.cn/panel/222401,2026-07-17T18:00:00+08:00,2026-07-18T08:00:00+08:00
222401,2026-07-18,content_growth,57.1,2026-07-19T08:00:00+08:00,https://example.gov.cn/panel/222401,2026-07-18T18:00:00+08:00,2026-07-19T08:00:00+08:00
222401,2026-07-18,search_growth,54.9,2026-07-19T08:00:00+08:00,https://example.gov.cn/panel/222401,2026-07-18T18:00:00+08:00,2026-07-19T08:00:00+08:00
222401,2026-07-18,event_trigger,51.4,2026-07-19T08:00:00+08:00,https://example.gov.cn/panel/222401,2026-07-18T18:00:00+08:00,2026-07-19T08:00:00+08:00
222401,2026-07-18,accessibility,42.9,2026-07-19T08:00:00+08:00,https://example.gov.cn/panel/222401,2026-07-18T18:00:00+08:00,2026-07-19T08:00:00+08:00
222401,2026-07-18,supply_capacity,38.9,2026-07-19T08:00:00+08:00,https://example.gov.cn/panel/222401,2026-07-18T18:00:00+08:00,2026-07-19T08:00:00+08:00
222401,2026-07-18,weather_fit,44.6,2026-07-19T08:00:00+08:00,https://example.gov.cn/panel/222401,2026-07-18T18:00:00+08:00,2026-07-19T08:00:00+08:00
222401,2026-07-18,novelty,52.6,2026-07-19T08:00:00+08:00,https://example.gov.cn/panel/222401,2026-07-18T18:00:00+08:00,2026-07-19T08:00:00+08:00
222401,2026-07-18,cross_region_spread,49.1,2026-07-19T08:00:00+08:00,https://example.gov.cn/panel/222401,2026-07-18T18:00:00+08:00,2026-07-19T08:00:00+08:00
222401,2026-07-18,risk_pressure,26.5,2026-07-19T08:00:00+08:00,https://example.gov.cn/panel/222401,2026-07-18T18:00:00+08:00,2026-07-19T08:00:00+08:00
222401,2026-07-19,content_growth,58.3,2026-07-20T08:00:00+08:00,https://example.gov.cn/panel/222401,2026-07-19T18:00:00+08:00,2026-07-20T08:00:00+08:00
222401,2026-07-19,search_growth,56.0,2026-07-20T08:00:00+08:00,https://example.gov.cn/panel/222401,2026-07-19T18:00:00+08:00,2026-07-20T08:00:00+08:00
222401,2026-07-19,event_trigger,52.5,2026-07-20T08:00:00+08:00,https://example.gov.cn/panel/222401,2026-07-19T18:00:00+08:00,2026-07-20T08:00:00+08:00
222401,2026-07-19,accessibility,43.8,2026-07-20T08:00:00+08:00,https://example.gov.cn/panel/222401,2026-07-19T18:00:00+08:00,2026-07-20T08:00:00+08:00
222401,2026-07-19,supply_capacity,39.7,2026-07-20T08:00:00+08:00,https://example.gov.cn/panel/222401,2026-07-19T18:00:00+08:00,2026-07-20T08:00:00+08:00
222401,2026-07-19,weather_fit,45.5,2026-07-20T08:00:00+08:00,https://example.gov.cn/panel/222401,2026-07-19T18:00:00+08:00,2026-07-20T08:00:00+08:00
222401,2026-07-19,novelty,53.7,2026-07-20T08:00:00+08:00,https://example.gov.cn/panel/222401,2026-07-19T18:00:00+08:00,2026-07-20T08:00:00+08:00
222401,2026-07-19,cross_region_spread,50.2,2026-07-20T08:00:00+08:00,https://example.gov.cn/panel/222401,2026-07-19T18:00:00+08:00,2026-07-20T08:00:00+08:00
222401,2026-07-19,risk_pressure,26.8,2026-07-20T08:00:00+08:00,https://example.gov.cn/panel/222401,2026-07-19T18:00:00+08:00,2026-07-20T08:00:00+08:00
222401,2026-07-20,content_growth,59.5,2026-07-21T08:00:00+08:00,https://example.gov.cn/panel/222401,2026-07-20T18:00:00+08:00,2026-07-21T08:00:00+08:00
222401,2026-07-20,search_growth,57.2,2026-07-21T08:00:00+08:00,https://example.gov.cn/panel/222401,2026-07-20T18:00:00+08:00,2026-07-21T08:00:00+08:00
222401,2026-07-20,event_trigger,53.6,2026-07-21T08:00:00+08:00,https://example.gov.cn/panel/222401,2026-07-20T18:00:00+08:00,2026-07-21T08:00:00+08:00
222401,2026-07-20,accessibility,44.7,2026-07-21T08:00:00+08:00,https://example.gov.cn/panel/222401,2026-07-20T18:00:00+08:00,2026-07-21T08:00:00+08:00
222401,2026-07-20,supply_capacity,40.5,2026-07-21T08:00:00+08:00,https://example.gov.cn/panel/222401,2026-07-20T18:00:00+08:00,2026-07-21T08:00:00+08:00
222401,2026-07-20,weather_fit,46.4,2026-07-21T08:00:00+08:00,https://example.gov.cn/panel/222401,2026-07-20T18:00:00+08:00,2026-07-21T08:00:00+08:00
222401,2026-07-20,novelty,54.8,2026-07-21T08:00:00+08:00,https://example.gov.cn/panel/222401,2026-07-20T18:00:00+08:00,2026-07-21T08:00:00+08:00
222401,2026-07-20,cross_region_spread,51.2,2026-07-21T08:00:00+08:00,https://example.gov.cn/panel/222401,2026-07-20T18:00:00+08:00,2026-07-21T08:00:00+08:00
222401,2026-07-20,risk_pressure,27.1,2026-07-21T08:00:00+08:00,https://example.gov.cn/panel/222401,2026-07-20T18:00:00+08:00,2026-07-21T08:00:00+08:00
222401,2026-07-21,content_growth,60.7,2026-07-22T08:00:00+08:00,https://example.gov.cn/panel/222401,2026-07-21T18:00:00+08:00,2026-07-22T08:00:00+08:00
222401,2026-07-21,search_growth,58.3,2026-07-22T08:00:00+08:00,https://example.gov.cn/panel/222401,2026-07-21T18:00:00+08:00,2026-07-22T08:00:00+08:00
222401,2026-07-21,event_trigger,54.7,2026-07-22T08:00:00+08:00,https://example.gov.cn/panel/222401,2026-07-21T18:00:00+08:00,2026-07-22T08:00:00+08:00
222401,2026-07-21,accessibility,45.6,2026-07-22T08:00:00+08:00,https://example.gov.cn/panel/222401,2026-07-21T18:00:00+08:00,2026-07-22T08:00:00+08:00
222401,2026-07-21,supply_capacity,41.3,2026-07-22T08:00:00+08:00,https://example.gov.cn/panel/222401,2026-07-21T18:00:00+08:00,2026-07-22T08:00:00+08:00
222401,2026-07-21,weather_fit,47.4,2026-07-22T08:00:00+08:00,https://example.gov.cn/panel/222401,2026-07-21T18:00:00+08:00,2026-07-22T08:00:00+08:00
222401,2026-07-21,novelty,55.9,2026-07-22T08:00:00+08:00,https://example.gov.cn/panel/222401,2026-07-21T18:00:00+08:00,2026-07-22T08:00:00+08:00
222401,2026-07-21,cross_region_spread,52.2,2026-07-22T08:00:00+08:00,https://example.gov.cn/panel/222401,2026-07-21T18:00:00+08:00,2026-07-22T08:00:00+08:00
222401,2026-07-21,risk_pressure,27.4,2026-07-22T08:00:00+08:00,https://example.gov.cn/panel/222401,2026-07-21T18:00:00+08:00,2026-07-22T08:00:00+08:00
222401,2026-07-22,content_growth,61.9,2026-07-23T08:00:00+08:00,https://example.gov.cn/panel/222401,2026-07-22T18:00:00+08:00,2026-07-23T08:00:00+08:00
222401,2026-07-22,search_growth,59.5,2026-07-23T08:00:00+08:00,https://example.gov.cn/panel/222401,2026-07-22T18:00:00+08:00,2026-07-23T08:00:00+08:00
222401,2026-07-22,event_trigger,55.7,2026-07-23T08:00:00+08:00,https://example.gov.cn/panel/222401,2026-07-22T18:00:00+08:00,2026-07-23T08:00:00+08:00
222401,2026-07-22,accessibility,46.5,2026-07-23T08:00:00+08:00,https://example.gov.cn/panel/222401,2026-07-22T18:00:00+08:00,2026-07-23T08:00:00+08:00
222401,2026-07-22,supply_capacity,42.1,2026-07-23T08:00:00+08:00,https://example.gov.cn/panel/222401,2026-07-22T18:00:00+08:00,2026-07-23T08:00:00+08:00
222401,2026-07-22,weather_fit,48.3,2026-07-23T08:00:00+08:00,https://example.gov.cn/panel/222401,2026-07-22T18:00:00+08:00,2026-07-23T08:00:00+08:00
222401,2026-07-22,novelty,57.0,2026-07-23T08:00:00+08:00,https://example.gov.cn/panel/222401,2026-07-22T18:00:00+08:00,2026-07-23T08:00:00+08:00
222401,2026-07-22,cross_region_spread,53.3,2026-07-23T08:00:00+08:00,https://example.gov.cn/panel/222401,2026-07-22T18:00:00+08:00,2026-07-23T08:00:00+08:00
222401,2026-07-22,risk_pressure,27.7,2026-07-23T08:00:00+08:00,https://example.gov.cn/panel/222401,2026-07-22T18:00:00+08:00,2026-07-23T08:00:00+08:00
222401,2026-07-23,content_growth,63.1,2026-07-24T08:00:00+08:00,https://example.gov.cn/panel/222401,2026-07-23T18:00:00+08:00,2026-07-24T08:00:00+08:00
222401,2026-07-23,search_growth,60.6,2026-07-24T08:00:00+08:00,https://example.gov.cn/panel/222401,2026-07-23T18:00:00+08:00,2026-07-24T08:00:00+08:00
222401,2026-07-23,event_trigger,56.8,2026-07-24T08:00:00+08:00,https://example.gov.cn/panel/222401,2026-07-23T18:00:00+08:00,2026-07-24T08:00:00+08:00
222401,2026-07-23,accessibility,47.3,2026-07-24T08:00:00+08:00,https://example.gov.cn/panel/222401,2026-07-23T18:00:00+08:00,2026-07-24T08:00:00+08:00
222401,2026-07-23,supply_capacity,42.9,2026-07-24T08:00:00+08:00,https://example.gov.cn/panel/222401,2026-07-23T18:00:00+08:00,2026-07-24T08:00:00+08:00
222401,2026-07-23,weather_fit,49.2,2026-07-24T08:00:00+08:00,https://example.gov.cn/panel/222401,2026-07-23T18:00:00+08:00,2026-07-24T08:00:00+08:00
222401,2026-07-23,novelty,58.1,2026-07-24T08:00:00+08:00,https://example.gov.cn/panel/222401,2026-07-23T18:00:00+08:00,2026-07-24T08:00:00+08:00
222401,2026-07-23,cross_region_spread,54.3,2026-07-24T08:00:00+08:00,https://example.gov.cn/panel/222401,2026-07-23T18:00:00+08:00,2026-07-24T08:00:00+08:00
222401,2026-07-23,risk_pressure,28.0,2026-07-24T08:00:00+08:00,https://example.gov.cn/panel/222401,2026-07-23T18:00:00+08:00,2026-07-24T08:00:00+08:00
222401,2026-07-24,content_growth,64.3,2026-07-25T08:00:00+08:00,https://example.gov.cn/panel/222401,2026-07-24T18:00:00+08:00,2026-07-25T08:00:00+08:00
222401,2026-07-24,search_growth,61.8,2026-07-25T08:00:00+08:00,https://example.gov.cn/panel/222401,2026-07-24T18:00:00+08:00,2026-07-25T08:00:00+08:00
222401,2026-07-24,event_trigger,57.9,2026-07-25T08:00:00+08:00,https://example.gov.cn/panel/222401,2026-07-24T18:00:00+08:00,2026-07-25T08:00:00+08:00
222401,2026-07-24,accessibility,48.2,2026-07-25T08:00:00+08:00,https://example.gov.cn/panel/222401,2026-07-24T18:00:00+08:00,2026-07-25T08:00:00+08:00
222401,2026-07-24,supply_capacity,43.7,2026-07-25T08:00:00+08:00,https://example.gov.cn/panel/222401,2026-07-24T18:00:00+08:00,2026-07-25T08:00:00+08:00
222401,2026-07-24,weather_fit,50.2,2026-07-25T08:00:00+08:00,https://example.gov.cn/panel/222401,2026-07-24T18:00:00+08:00,2026-07-25T08:00:00+08:00
222401,2026-07-24,novelty,59.2,2026-07-25T08:00:00+08:00,https://example.gov.cn/panel/222401,2026-07-24T18:00:00+08:00,2026-07-25T08:00:00+08:00
222401,2026-07-24,cross_region_spread,55.3,2026-07-25T08:00:00+08:00,https://example.gov.cn/panel/222401,2026-07-24T18:00:00+08:00,2026-07-25T08:00:00+08:00
222401,2026-07-24,risk_pressure,28.3,2026-07-25T08:00:00+08:00,https://example.gov.cn/panel/222401,2026-07-24T18:00:00+08:00,2026-07-25T08:00:00+08:00
222401,2026-07-25,content_growth,65.5,2026-07-26T08:00:00+08:00,https://example.gov.cn/panel/222401,2026-07-25T18:00:00+08:00,2026-07-26T08:00:00+08:00
222401,2026-07-25,search_growth,62.9,2026-07-26T08:00:00+08:00,https://example.gov.cn/panel/222401,2026-07-25T18:00:00+08:00,2026-07-26T08:00:00+08:00
222401,2026-07-25,event_trigger,59.0,2026-07-26T08:00:00+08:00,https://example.gov.cn/panel/222401,2026-07-25T18:00:00+08:00,2026-07-26T08:00:00+08:00
222401,2026-07-25,accessibility,49.1,2026-07-26T08:00:00+08:00,https://example.gov.cn/panel/222401,2026-07-25T18:00:00+08:00,2026-07-26T08:00:00+08:00
222401,2026-07-25,supply_capacity,44.6,2026-07-26T08:00:00+08:00,https://example.gov.cn/panel/222401,2026-07-25T18:00:00+08:00,2026-07-26T08:00:00+08:00
222401,2026-07-25,weather_fit,51.1,2026-07-26T08:00:00+08:00,https://example.gov.cn/panel/222401,2026-07-25T18:00:00+08:00,2026-07-26T08:00:00+08:00
222401,2026-07-25,novelty,60.3,2026-07-26T08:00:00+08:00,https://example.gov.cn/panel/222401,2026-07-25T18:00:00+08:00,2026-07-26T08:00:00+08:00
222401,2026-07-25,cross_region_spread,56.4,2026-07-26T08:00:00+08:00,https://example.gov.cn/panel/222401,2026-07-25T18:00:00+08:00,2026-07-26T08:00:00+08:00
222401,2026-07-25,risk_pressure,28.6,2026-07-26T08:00:00+08:00,https://example.gov.cn/panel/222401,2026-07-25T18:00:00+08:00,2026-07-26T08:00:00+08:00
222401,2026-07-26,content_growth,66.7,2026-07-27T08:00:00+08:00,https://example.gov.cn/panel/222401,2026-07-26T18:00:00+08:00,2026-07-27T08:00:00+08:00
222401,2026-07-26,search_growth,64.1,2026-07-27T08:00:00+08:00,https://example.gov.cn/panel/222401,2026-07-26T18:00:00+08:00,2026-07-27T08:00:00+08:00
222401,2026-07-26,event_trigger,60.1,2026-07-27T08:00:00+08:00,https://example.gov.cn/panel/222401,2026-07-26T18:00:00+08:00,2026-07-27T08:00:00+08:00
222401,2026-07-26,accessibility,50.0,2026-07-27T08:00:00+08:00,https://example.gov.cn/panel/222401,2026-07-26T18:00:00+08:00,2026-07-27T08:00:00+08:00
222401,2026-07-26,supply_capacity,45.4,2026-07-27T08:00:00+08:00,https://example.gov.cn/panel/222401,2026-07-26T18:00:00+08:00,2026-07-27T08:00:00+08:00
222401,2026-07-26,weather_fit,52.0,2026-07-27T08:00:00+08:00,https://example.gov.cn/panel/222401,2026-07-26T18:00:00+08:00,2026-07-27T08:00:00+08:00
222401,2026-07-26,novelty,61.4,2026-07-27T08:00:00+08:00,https://example.gov.cn/panel/222401,2026-07-26T18:00:00+08:00,2026-07-27T08:00:00+08:00
222401,2026-07-26,cross_region_spread,57.4,2026-07-27T08:00:00+08:00,https://example.gov.cn/panel/222401,2026-07-26T18:00:00+08:00,2026-07-27T08:00:00+08:00
222401,2026-07-26,risk_pressure,28.9,2026-07-27T08:00:00+08:00,https://example.gov.cn/panel/222401,2026-07-26T18:00:00+08:00,2026-07-27T08:00:00+08:00
222401,2026-07-27,content_growth,67.9,2026-07-28T08:00:00+08:00,https://example.gov.cn/panel/222401,2026-07-27T18:00:00+08:00,2026-07-28T08:00:00+08:00
222401,2026-07-27,search_growth,65.2,2026-07-28T08:00:00+08:00,https://example.gov.cn/panel/222401,2026-07-27T18:00:00+08:00,2026-07-28T08:00:00+08:00
222401,2026-07-27,event_trigger,61.1,2026-07-28T08:00:00+08:00,https://example.gov.cn/panel/222401,2026-07-27T18:00:00+08:00,2026-07-28T08:00:00+08:00
222401,2026-07-27,accessibility,50.9,2026-07-28T08:00:00+08:00,https://example.gov.cn/panel/222401,2026-07-27T18:00:00+08:00,2026-07-28T08:00:00+08:00
222401,2026-07-27,supply_capacity,46.2,2026-07-28T08:00:00+08:00,https://example.gov.cn/panel/222401,2026-07-27T18:00:00+08:00,2026-07-28T08:00:00+08:00
222401,2026-07-27,weather_fit,53.0,2026-07-28T08:00:00+08:00,https://example.gov.cn/panel/222401,2026-07-27T18:00:00+08:00,2026-07-28T08:00:00+08:00
222401,2026-07-27,novelty,62.5,2026-07-28T08:00:00+08:00,https://example.gov.cn/panel/222401,2026-07-27T18:00:00+08:00,2026-07-28T08:00:00+08:00
222401,2026-07-27,cross_region_spread,58.4,2026-07-28T08:00:00+08:00,https://example.gov.cn/panel/222401,2026-07-27T18:00:00+08:00,2026-07-28T08:00:00+08:00
222401,2026-07-27,risk_pressure,29.2,2026-07-28T08:00:00+08:00,https://example.gov.cn/panel/222401,2026-07-27T18:00:00+08:00,2026-07-28T08:00:00+08:00
222401,2026-07-28,content_growth,69.1,2026-07-29T08:00:00+08:00,https://example.gov.cn/panel/222401,2026-07-28T18:00:00+08:00,2026-07-29T08:00:00+08:00
222401,2026-07-28,search_growth,66.4,2026-07-29T08:00:00+08:00,https://example.gov.cn/panel/222401,2026-07-28T18:00:00+08:00,2026-07-29T08:00:00+08:00
222401,2026-07-28,event_trigger,62.2,2026-07-29T08:00:00+08:00,https://example.gov.cn/panel/222401,2026-07-28T18:00:00+08:00,2026-07-29T08:00:00+08:00
222401,2026-07-28,accessibility,51.8,2026-07-29T08:00:00+08:00,https://example.gov.cn/panel/222401,2026-07-28T18:00:00+08:00,2026-07-29T08:00:00+08:00
222401,2026-07-28,supply_capacity,47.0,2026-07-29T08:00:00+08:00,https://example.gov.cn/panel/222401,2026-07-28T18:00:00+08:00,2026-07-29T08:00:00+08:00
222401,2026-07-28,weather_fit,53.9,2026-07-29T08:00:00+08:00,https://example.gov.cn/panel/222401,2026-07-28T18:00:00+08:00,2026-07-29T08:00:00+08:00
222401,2026-07-28,novelty,63.6,2026-07-29T08:00:00+08:00,https://example.gov.cn/panel/222401,2026-07-28T18:00:00+08:00,2026-07-29T08:00:00+08:00
222401,2026-07-28,cross_region_spread,59.4,2026-07-29T08:00:00+08:00,https://example.gov.cn/panel/222401,2026-07-28T18:00:00+08:00,2026-07-29T08:00:00+08:00
222401,2026-07-28,risk_pressure,29.5,2026-07-29T08:00:00+08:00,https://example.gov.cn/panel/222401,2026-07-28T18:00:00+08:00,2026-07-29T08:00:00+08:00
222401,2026-07-29,content_growth,70.3,2026-07-30T08:00:00+08:00,https://example.gov.cn/panel/222401,2026-07-29T18:00:00+08:00,2026-07-30T08:00:00+08:00
222401,2026-07-29,search_growth,67.5,2026-07-30T08:00:00+08:00,https://example.gov.cn/panel/222401,2026-07-29T18:00:00+08:00,2026-07-30T08:00:00+08:00
222401,2026-07-29,event_trigger,63.3,2026-07-30T08:00:00+08:00,https://example.gov.cn/panel/222401,2026-07-29T18:00:00+08:00,2026-07-30T08:00:00+08:00
222401,2026-07-29,accessibility,52.7,2026-07-30T08:00:00+08:00,https://example.gov.cn/panel/222401,2026-07-29T18:00:00+08:00,2026-07-30T08:00:00+08:00
222401,2026-07-29,supply_capacity,47.8,2026-07-30T08:00:00+08:00,https://example.gov.cn/panel/222401,2026-07-29T18:00:00+08:00,2026-07-30T08:00:00+08:00
222401,2026-07-29,weather_fit,54.8,2026-07-30T08:00:00+08:00,https://example.gov.cn/panel/222401,2026-07-29T18:00:00+08:00,2026-07-30T08:00:00+08:00
222401,2026-07-29,novelty,64.7,2026-07-30T08:00:00+08:00,https://example.gov.cn/panel/222401,2026-07-29T18:00:00+08:00,2026-07-30T08:00:00+08:00
222401,2026-07-29,cross_region_spread,60.5,2026-07-30T08:00:00+08:00,https://example.gov.cn/panel/222401,2026-07-29T18:00:00+08:00,2026-07-30T08:00:00+08:00
222401,2026-07-29,risk_pressure,29.8,2026-07-30T08:00:00+08:00,https://example.gov.cn/panel/222401,2026-07-29T18:00:00+08:00,2026-07-30T08:00:00+08:00
222401,2026-07-30,content_growth,71.5,2026-07-31T08:00:00+08:00,https://example.gov.cn/panel/222401,2026-07-30T18:00:00+08:00,2026-07-31T08:00:00+08:00
222401,2026-07-30,search_growth,68.7,2026-07-31T08:00:00+08:00,https://example.gov.cn/panel/222401,2026-07-30T18:00:00+08:00,2026-07-31T08:00:00+08:00
222401,2026-07-30,event_trigger,64.4,2026-07-31T08:00:00+08:00,https://example.gov.cn/panel/222401,2026-07-30T18:00:00+08:00,2026-07-31T08:00:00+08:00
222401,2026-07-30,accessibility,53.6,2026-07-31T08:00:00+08:00,https://example.gov.cn/panel/222401,2026-07-30T18:00:00+08:00,2026-07-31T08:00:00+08:00
222401,2026-07-30,supply_capacity,48.6,2026-07-31T08:00:00+08:00,https://example.gov.cn/panel/222401,2026-07-30T18:00:00+08:00,2026-07-31T08:00:00+08:00
222401,2026-07-30,weather_fit,55.8,2026-07-31T08:00:00+08:00,https://example.gov.cn/panel/222401,2026-07-30T18:00:00+08:00,2026-07-31T08:00:00+08:00
222401,2026-07-30,novelty,65.8,2026-07-31T08:00:00+08:00,https://example.gov.cn/panel/222401,2026-07-30T18:00:00+08:00,2026-07-31T08:00:00+08:00
222401,2026-07-30,cross_region_spread,61.5,2026-07-31T08:00:00+08:00,https://example.gov.cn/panel/222401,2026-07-30T18:00:00+08:00,2026-07-31T08:00:00+08:00
222401,2026-07-30,risk_pressure,30.1,2026-07-31T08:00:00+08:00,https://example.gov.cn/panel/222401,2026-07-30T18:00:00+08:00,2026-07-31T08:00:00+08:00
222401,2026-07-31,content_growth,72.7,2026-08-01T08:00:00+08:00,https://example.gov.cn/panel/222401,2026-07-31T18:00:00+08:00,2026-08-01T08:00:00+08:00
222401,2026-07-31,search_growth,69.8,2026-08-01T08:00:00+08:00,https://example.gov.cn/panel/222401,2026-07-31T18:00:00+08:00,2026-08-01T08:00:00+08:00
222401,2026-07-31,event_trigger,65.4,2026-08-01T08:00:00+08:00,https://example.gov.cn/panel/222401,2026-07-31T18:00:00+08:00,2026-08-01T08:00:00+08:00
222401,2026-07-31,accessibility,54.5,2026-08-01T08:00:00+08:00,https://example.gov.cn/panel/222401,2026-07-31T18:00:00+08:00,2026-08-01T08:00:00+08:00
222401,2026-07-31,supply_capacity,49.4,2026-08-01T08:00:00+08:00,https://example.gov.cn/panel/222401,2026-07-31T18:00:00+08:00,2026-08-01T08:00:00+08:00
222401,2026-07-31,weather_fit,56.7,2026-08-01T08:00:00+08:00,https://example.gov.cn/panel/222401,2026-07-31T18:00:00+08:00,2026-08-01T08:00:00+08:00
222401,2026-07-31,novelty,66.9,2026-08-01T08:00:00+08:00,https://example.gov.cn/panel/222401,2026-07-31T18:00:00+08:00,2026-08-01T08:00:00+08:00
222401,2026-07-31,cross_region_spread,62.5,2026-08-01T08:00:00+08:00,https://example.gov.cn/panel/222401,2026-07-31T18:00:00+08:00,2026-08-01T08:00:00+08:00
222401,2026-07-31,risk_pressure,30.4,2026-08-01T08:00:00+08:00,https://example.gov.cn/panel/222401,2026-07-31T18:00:00+08:00,2026-08-01T08:00:00+08:00
222401,2026-08-01,content_growth,73.9,2026-08-02T08:00:00+08:00,https://example.gov.cn/panel/222401,2026-08-01T18:00:00+08:00,2026-08-02T08:00:00+08:00
222401,2026-08-01,search_growth,71.0,2026-08-02T08:00:00+08:00,https://example.gov.cn/panel/222401,2026-08-01T18:00:00+08:00,2026-08-02T08:00:00+08:00
222401,2026-08-01,event_trigger,66.5,2026-08-02T08:00:00+08:00,https://example.gov.cn/panel/222401,2026-08-01T18:00:00+08:00,2026-08-02T08:00:00+08:00
222401,2026-08-01,accessibility,55.4,2026-08-02T08:00:00+08:00,https://example.gov.cn/panel/222401,2026-08-01T18:00:00+08:00,2026-08-02T08:00:00+08:00
222401,2026-08-01,supply_capacity,50.3,2026-08-02T08:00:00+08:00,https://example.gov.cn/panel/222401,2026-08-01T18:00:00+08:00,2026-08-02T08:00:00+08:00
222401,2026-08-01,weather_fit,57.6,2026-08-02T08:00:00+08:00,https://example.gov.cn/panel/222401,2026-08-01T18:00:00+08:00,2026-08-02T08:00:00+08:00
222401,2026-08-01,novelty,68.0,2026-08-02T08:00:00+08:00,https://example.gov.cn/panel/222401,2026-08-01T18:00:00+08:00,2026-08-02T08:00:00+08:00
222401,2026-08-01,cross_region_spread,63.6,2026-08-02T08:00:00+08:00,https://example.gov.cn/panel/222401,2026-08-01T18:00:00+08:00,2026-08-02T08:00:00+08:00
222401,2026-08-01,risk_pressure,30.7,2026-08-02T08:00:00+08:00,https://example.gov.cn/panel/222401,2026-08-01T18:00:00+08:00,2026-08-02T08:00:00+08:00
222401,2026-08-02,content_growth,75.1,2026-08-03T08:00:00+08:00,https://example.gov.cn/panel/222401,2026-08-02T18:00:00+08:00,2026-08-03T08:00:00+08:00
222401,2026-08-02,search_growth,72.1,2026-08-03T08:00:00+08:00,https://example.gov.cn/panel/222401,2026-08-02T18:00:00+08:00,2026-08-03T08:00:00+08:00
222401,2026-08-02,event_trigger,67.6,2026-08-03T08:00:00+08:00,https://example.gov.cn/panel/222401,2026-08-02T18:00:00+08:00,2026-08-03T08:00:00+08:00
222401,2026-08-02,accessibility,56.3,2026-08-03T08:00:00+08:00,https://example.gov.cn/panel/222401,2026-08-02T18:00:00+08:00,2026-08-03T08:00:00+08:00
222401,2026-08-02,supply_capacity,51.1,2026-08-03T08:00:00+08:00,https://example.gov.cn/panel/222401,2026-08-02T18:00:00+08:00,2026-08-03T08:00:00+08:00
222401,2026-08-02,weather_fit,58.6,2026-08-03T08:00:00+08:00,https://example.gov.cn/panel/222401,2026-08-02T18:00:00+08:00,2026-08-03T08:00:00+08:00
222401,2026-08-02,novelty,69.1,2026-08-03T08:00:00+08:00,https://example.gov.cn/panel/222401,2026-08-02T18:00:00+08:00,2026-08-03T08:00:00+08:00
222401,2026-08-02,cross_region_spread,64.6,2026-08-03T08:00:00+08:00,https://example.gov.cn/panel/222401,2026-08-02T18:00:00+08:00,2026-08-03T08:00:00+08:00
222401,2026-08-02,risk_pressure,31.0,2026-08-03T08:00:00+08:00,https://example.gov.cn/panel/222401,2026-08-02T18:00:00+08:00,2026-08-03T08:00:00+08:00
222401,2026-08-03,content_growth,76.3,2026-08-04T08:00:00+08:00,https://example.gov.cn/panel/222401,2026-08-03T18:00:00+08:00,2026-08-04T08:00:00+08:00
222401,2026-08-03,search_growth,73.3,2026-08-04T08:00:00+08:00,https://example.gov.cn/panel/222401,2026-08-03T18:00:00+08:00,2026-08-04T08:00:00+08:00
222401,2026-08-03,event_trigger,68.7,2026-08-04T08:00:00+08:00,https://example.gov.cn/panel/222401,2026-08-03T18:00:00+08:00,2026-08-04T08:00:00+08:00
222401,2026-08-03,accessibility,57.2,2026-08-04T08:00:00+08:00,https://example.gov.cn/panel/222401,2026-08-03T18:00:00+08:00,2026-08-04T08:00:00+08:00
222401,2026-08-03,supply_capacity,51.9,2026-08-04T08:00:00+08:00,https://example.gov.cn/panel/222401,2026-08-03T18:00:00+08:00,2026-08-04T08:00:00+08:00
222401,2026-08-03,weather_fit,59.5,2026-08-04T08:00:00+08:00,https://example.gov.cn/panel/222401,2026-08-03T18:00:00+08:00,2026-08-04T08:00:00+08:00
222401,2026-08-03,novelty,70.2,2026-08-04T08:00:00+08:00,https://example.gov.cn/panel/222401,2026-08-03T18:00:00+08:00,2026-08-04T08:00:00+08:00
222401,2026-08-03,cross_region_spread,65.6,2026-08-04T08:00:00+08:00,https://example.gov.cn/panel/222401,2026-08-03T18:00:00+08:00,2026-08-04T08:00:00+08:00
222401,2026-08-03,risk_pressure,31.3,2026-08-04T08:00:00+08:00,https://example.gov.cn/panel/222401,2026-08-03T18:00:00+08:00,2026-08-04T08:00:00+08:00
222401,2026-08-04,content_growth,77.5,2026-08-05T08:00:00+08:00,https://example.gov.cn/panel/222401,2026-08-04T18:00:00+08:00,2026-08-05T08:00:00+08:00
222401,2026-08-04,search_growth,74.4,2026-08-05T08:00:00+08:00,https://example.gov.cn/panel/222401,2026-08-04T18:00:00+08:00,2026-08-05T08:00:00+08:00
222401,2026-08-04,event_trigger,69.8,2026-08-05T08:00:00+08:00,https://example.gov.cn/panel/222401,2026-08-04T18:00:00+08:00,2026-08-05T08:00:00+08:00
222401,2026-08-04,accessibility,58.1,2026-08-05T08:00:00+08:00,https://example.gov.cn/panel/222401,2026-08-04T18:00:00+08:00,2026-08-05T08:00:00+08:00
222401,2026-08-04,supply_capacity,52.7,2026-08-05T08:00:00+08:00,https://example.gov.cn/panel/222401,2026-08-04T18:00:00+08:00,2026-08-05T08:00:00+08:00
222401,2026-08-04,weather_fit,60.5,2026-08-05T08:00:00+08:00,https://example.gov.cn/panel/222401,2026-08-04T18:00:00+08:00,2026-08-05T08:00:00+08:00
222401,2026-08-04,novelty,71.3,2026-08-05T08:00:00+08:00,https://example.gov.cn/panel/222401,2026-08-04T18:00:00+08:00,2026-08-05T08:00:00+08:00
222401,2026-08-04,cross_region_spread,66.7,2026-08-05T08:00:00+08:00,https://example.gov.cn/panel/222401,2026-08-04T18:00:00+08:00,2026-08-05T08:00:00+08:00
222401,2026-08-04,risk_pressure,31.6,2026-08-05T08:00:00+08:00,https://example.gov.cn/panel/222401,2026-08-04T18:00:00+08:00,2026-08-05T08:00:00+08:00
222401,2026-08-05,content_growth,78.7,2026-08-06T08:00:00+08:00,https://example.gov.cn/panel/222401,2026-08-05T18:00:00+08:00,2026-08-06T08:00:00+08:00
222401,2026-08-05,search_growth,75.6,2026-08-06T08:00:00+08:00,https://example.gov.cn/panel/222401,2026-08-05T18:00:00+08:00,2026-08-06T08:00:00+08:00
222401,2026-08-05,event_trigger,70.8,2026-08-06T08:00:00+08:00,https://example.gov.cn/panel/222401,2026-08-05T18:00:00+08:00,2026-08-06T08:00:00+08:00
222401,2026-08-05,accessibility,59.0,2026-08-06T08:00:00+08:00,https://example.gov.cn/panel/222401,2026-08-05T18:00:00+08:00,2026-08-06T08:00:00+08:00
222401,2026-08-05,supply_capacity,53.5,2026-08-06T08:00:00+08:00,https://example.gov.cn/panel/222401,2026-08-05T18:00:00+08:00,2026-08-06T08:00:00+08:00
222401,2026-08-05,weather_fit,61.4,2026-08-06T08:00:00+08:00,https://example.gov.cn/panel/222401,2026-08-05T18:00:00+08:00,2026-08-06T08:00:00+08:00
222401,2026-08-05,novelty,72.4,2026-08-06T08:00:00+08:00,https://example.gov.cn/panel/222401,2026-08-05T18:00:00+08:00,2026-08-06T08:00:00+08:00
222401,2026-08-05,cross_region_spread,67.7,2026-08-06T08:00:00+08:00,https://example.gov.cn/panel/222401,2026-08-05T18:00:00+08:00,2026-08-06T08:00:00+08:00
222401,2026-08-05,risk_pressure,31.9,2026-08-06T08:00:00+08:00,https://example.gov.cn/panel/222401,2026-08-05T18:00:00+08:00,2026-08-06T08:00:00+08:00
222401,2026-08-06,content_growth,79.9,2026-08-07T08:00:00+08:00,https://example.gov.cn/panel/222401,2026-08-06T18:00:00+08:00,2026-08-07T08:00:00+08:00
222401,2026-08-06,search_growth,76.7,2026-08-07T08:00:00+08:00,https://example.gov.cn/panel/222401,2026-08-06T18:00:00+08:00,2026-08-07T08:00:00+08:00
222401,2026-08-06,event_trigger,71.9,2026-08-07T08:00:00+08:00,https://example.gov.cn/panel/222401,2026-08-06T18:00:00+08:00,2026-08-07T08:00:00+08:00
222401,2026-08-06,accessibility,59.9,2026-08-07T08:00:00+08:00,https://example.gov.cn/panel/222401,2026-08-06T18:00:00+08:00,2026-08-07T08:00:00+08:00
222401,2026-08-06,supply_capacity,54.3,2026-08-07T08:00:00+08:00,https://example.gov.cn/panel/222401,2026-08-06T18:00:00+08:00,2026-08-07T08:00:00+08:00
222401,2026-08-06,weather_fit,62.3,2026-08-07T08:00:00+08:00,https://example.gov.cn/panel/222401,2026-08-06T18:00:00+08:00,2026-08-07T08:00:00+08:00
222401,2026-08-06,novelty,73.5,2026-08-07T08:00:00+08:00,https://example.gov.cn/panel/222401,2026-08-06T18:00:00+08:00,2026-08-07T08:00:00+08:00
222401,2026-08-06,cross_region_spread,68.7,2026-08-07T08:00:00+08:00,https://example.gov.cn/panel/222401,2026-08-06T18:00:00+08:00,2026-08-07T08:00:00+08:00
222401,2026-08-06,risk_pressure,32.2,2026-08-07T08:00:00+08:00,https://example.gov.cn/panel/222401,2026-08-06T18:00:00+08:00,2026-08-07T08:00:00+08:00
222401,2026-08-07,content_growth,81.1,2026-08-08T08:00:00+08:00,https://example.gov.cn/panel/222401,2026-08-07T18:00:00+08:00,2026-08-08T08:00:00+08:00
222401,2026-08-07,search_growth,77.8,2026-08-08T08:00:00+08:00,https://example.gov.cn/panel/222401,2026-08-07T18:00:00+08:00,2026-08-08T08:00:00+08:00
222401,2026-08-07,event_trigger,73.0,2026-08-08T08:00:00+08:00,https://example.gov.cn/panel/222401,2026-08-07T18:00:00+08:00,2026-08-08T08:00:00+08:00
222401,2026-08-07,accessibility,60.8,2026-08-08T08:00:00+08:00,https://example.gov.cn/panel/222401,2026-08-07T18:00:00+08:00,2026-08-08T08:00:00+08:00
222401,2026-08-07,supply_capacity,55.1,2026-08-08T08:00:00+08:00,https://example.gov.cn/panel/222401,2026-08-07T18:00:00+08:00,2026-08-08T08:00:00+08:00
222401,2026-08-07,weather_fit,63.3,2026-08-08T08:00:00+08:00,https://example.gov.cn/panel/222401,2026-08-07T18:00:00+08:00,2026-08-08T08:00:00+08:00
222401,2026-08-07,novelty,74.6,2026-08-08T08:00:00+08:00,https://example.gov.cn/panel/222401,2026-08-07T18:00:00+08:00,2026-08-08T08:00:00+08:00
222401,2026-08-07,cross_region_spread,69.7,2026-08-08T08:00:00+08:00,https://example.gov.cn/panel/222401,2026-08-07T18:00:00+08:00,2026-08-08T08:00:00+08:00
222401,2026-08-07,risk_pressure,32.5,2026-08-08T08:00:00+08:00,https://example.gov.cn/panel/222401,2026-08-07T18:00:00+08:00,2026-08-08T08:00:00+08:00
222401,2026-08-08,content_growth,82.3,2026-08-09T08:00:00+08:00,https://example.gov.cn/panel/222401,2026-08-08T18:00:00+08:00,2026-08-09T08:00:00+08:00
222401,2026-08-08,search_growth,79.0,2026-08-09T08:00:00+08:00,https://example.gov.cn/panel/222401,2026-08-08T18:00:00+08:00,2026-08-09T08:00:00+08:00
222401,2026-08-08,event_trigger,74.1,2026-08-09T08:00:00+08:00,https://example.gov.cn/panel/222401,2026-08-08T18:00:00+08:00,2026-08-09T08:00:00+08:00
222401,2026-08-08,accessibility,61.7,2026-08-09T08:00:00+08:00,https://example.gov.cn/panel/222401,2026-08-08T18:00:00+08:00,2026-08-09T08:00:00+08:00
222401,2026-08-08,supply_capacity,56.0,2026-08-09T08:00:00+08:00,https://example.gov.cn/panel/222401,2026-08-08T18:00:00+08:00,2026-08-09T08:00:00+08:00
222401,2026-08-08,weather_fit,64.2,2026-08-09T08:00:00+08:00,https://example.gov.cn/panel/222401,2026-08-08T18:00:00+08:00,2026-08-09T08:00:00+08:00
222401,2026-08-08,novelty,75.7,2026-08-09T08:00:00+08:00,https://example.gov.cn/panel/222401,2026-08-08T18:00:00+08:00,2026-08-09T08:00:00+08:00
222401,2026-08-08,cross_region_spread,70.8,2026-08-09T08:00:00+08:00,https://example.gov.cn/panel/222401,2026-08-08T18:00:00+08:00,2026-08-09T08:00:00+08:00
222401,2026-08-08,risk_pressure,32.8,2026-08-09T08:00:00+08:00,https://example.gov.cn/panel/222401,2026-08-08T18:00:00+08:00,2026-08-09T08:00:00+08:00
222401,2026-08-09,content_growth,83.5,2026-08-10T08:00:00+08:00,https://example.gov.cn/panel/222401,2026-08-09T18:00:00+08:00,2026-08-10T08:00:00+08:00
222401,2026-08-09,search_growth,80.1,2026-08-10T08:00:00+08:00,https://example.gov.cn/panel/222401,2026-08-09T18:00:00+08:00,2026-08-10T08:00:00+08:00
222401,2026-08-09,event_trigger,75.1,2026-08-10T08:00:00+08:00,https://example.gov.cn/panel/222401,2026-08-09T18:00:00+08:00,2026-08-10T08:00:00+08:00
222401,2026-08-09,accessibility,62.6,2026-08-10T08:00:00+08:00,https://example.gov.cn/panel/222401,2026-08-09T18:00:00+08:00,2026-08-10T08:00:00+08:00
222401,2026-08-09,supply_capacity,56.8,2026-08-10T08:00:00+08:00,https://example.gov.cn/panel/222401,2026-08-09T18:00:00+08:00,2026-08-10T08:00:00+08:00
222401,2026-08-09,weather_fit,65.1,2026-08-10T08:00:00+08:00,https://example.gov.cn/panel/222401,2026-08-09T18:00:00+08:00,2026-08-10T08:00:00+08:00
222401,2026-08-09,novelty,76.8,2026-08-10T08:00:00+08:00,https://example.gov.cn/panel/222401,2026-08-09T18:00:00+08:00,2026-08-10T08:00:00+08:00
222401,2026-08-09,cross_region_spread,71.8,2026-08-10T08:00:00+08:00,https://example.gov.cn/panel/222401,2026-08-09T18:00:00+08:00,2026-08-10T08:00:00+08:00
222401,2026-08-09,risk_pressure,33.1,2026-08-10T08:00:00+08:00,https://example.gov.cn/panel/222401,2026-08-09T18:00:00+08:00,2026-08-10T08:00:00+08:00
222401,2026-08-10,content_growth,84.7,2026-08-11T08:00:00+08:00,https://example.gov.cn/panel/222401,2026-08-10T18:00:00+08:00,2026-08-11T08:00:00+08:00
222401,2026-08-10,search_growth,81.3,2026-08-11T08:00:00+08:00,https://example.gov.cn/panel/222401,2026-08-10T18:00:00+08:00,2026-08-11T08:00:00+08:00
222401,2026-08-10,event_trigger,76.2,2026-08-11T08:00:00+08:00,https://example.gov.cn/panel/222401,2026-08-10T18:00:00+08:00,2026-08-11T08:00:00+08:00
222401,2026-08-10,accessibility,63.5,2026-08-11T08:00:00+08:00,https://example.gov.cn/panel/222401,2026-08-10T18:00:00+08:00,2026-08-11T08:00:00+08:00
222401,2026-08-10,supply_capacity,57.6,2026-08-11T08:00:00+08:00,https://example.gov.cn/panel/222401,2026-08-10T18:00:00+08:00,2026-08-11T08:00:00+08:00
222401,2026-08-10,weather_fit,66.1,2026-08-11T08:00:00+08:00,https://example.gov.cn/panel/222401,2026-08-10T18:00:00+08:00,2026-08-11T08:00:00+08:00
222401,2026-08-10,novelty,77.9,2026-08-11T08:00:00+08:00,https://example.gov.cn/panel/222401,2026-08-10T18:00:00+08:00,2026-08-11T08:00:00+08:00
222401,2026-08-10,cross_region_spread,72.8,2026-08-11T08:00:00+08:00,https://example.gov.cn/panel/222401,2026-08-10T18:00:00+08:00,2026-08-11T08:00:00+08:00
222401,2026-08-10,risk_pressure,33.4,2026-08-11T08:00:00+08:00,https://example.gov.cn/panel/222401,2026-08-10T18:00:00+08:00,2026-08-11T08:00:00+08:00
222401,2026-08-11,content_growth,85.9,2026-08-12T08:00:00+08:00,https://example.gov.cn/panel/222401,2026-08-11T18:00:00+08:00,2026-08-12T08:00:00+08:00
222401,2026-08-11,search_growth,82.4,2026-08-12T08:00:00+08:00,https://example.gov.cn/panel/222401,2026-08-11T18:00:00+08:00,2026-08-12T08:00:00+08:00
222401,2026-08-11,event_trigger,77.3,2026-08-12T08:00:00+08:00,https://example.gov.cn/panel/222401,2026-08-11T18:00:00+08:00,2026-08-12T08:00:00+08:00
222401,2026-08-11,accessibility,64.4,2026-08-12T08:00:00+08:00,https://example.gov.cn/panel/222401,2026-08-11T18:00:00+08:00,2026-08-12T08:00:00+08:00
222401,2026-08-11,supply_capacity,58.4,2026-08-12T08:00:00+08:00,https://example.gov.cn/panel/222401,2026-08-11T18:00:00+08:00,2026-08-12T08:00:00+08:00
222401,2026-08-11,weather_fit,67.0,2026-08-12T08:00:00+08:00,https://example.gov.cn/panel/222401,2026-08-11T18:00:00+08:00,2026-08-12T08:00:00+08:00
222401,2026-08-11,novelty,79.0,2026-08-12T08:00:00+08:00,https://example.gov.cn/panel/222401,2026-08-11T18:00:00+08:00,2026-08-12T08:00:00+08:00
222401,2026-08-11,cross_region_spread,73.9,2026-08-12T08:00:00+08:00,https://example.gov.cn/panel/222401,2026-08-11T18:00:00+08:00,2026-08-12T08:00:00+08:00
222401,2026-08-11,risk_pressure,33.7,2026-08-12T08:00:00+08:00,https://example.gov.cn/panel/222401,2026-08-11T18:00:00+08:00,2026-08-12T08:00:00+08:00
222401,2026-08-12,content_growth,87.1,2026-08-13T08:00:00+08:00,https://example.gov.cn/panel/222401,2026-08-12T18:00:00+08:00,2026-08-13T08:00:00+08:00
222401,2026-08-12,search_growth,83.6,2026-08-13T08:00:00+08:00,https://example.gov.cn/panel/222401,2026-08-12T18:00:00+08:00,2026-08-13T08:00:00+08:00
222401,2026-08-12,event_trigger,78.4,2026-08-13T08:00:00+08:00,https://example.gov.cn/panel/222401,2026-08-12T18:00:00+08:00,2026-08-13T08:00:00+08:00
222401,2026-08-12,accessibility,65.3,2026-08-13T08:00:00+08:00,https://example.gov.cn/panel/222401,2026-08-12T18:00:00+08:00,2026-08-13T08:00:00+08:00
222401,2026-08-12,supply_capacity,59.2,2026-08-13T08:00:00+08:00,https://example.gov.cn/panel/222401,2026-08-12T18:00:00+08:00,2026-08-13T08:00:00+08:00
222401,2026-08-12,weather_fit,67.9,2026-08-13T08:00:00+08:00,https://example.gov.cn/panel/222401,2026-08-12T18:00:00+08:00,2026-08-13T08:00:00+08:00
222401,2026-08-12,novelty,80.1,2026-08-13T08:00:00+08:00,https://example.gov.cn/panel/222401,2026-08-12T18:00:00+08:00,2026-08-13T08:00:00+08:00
222401,2026-08-12,cross_region_spread,74.9,2026-08-13T08:00:00+08:00,https://example.gov.cn/panel/222401,2026-08-12T18:00:00+08:00,2026-08-13T08:00:00+08:00
222401,2026-08-12,risk_pressure,34.0,2026-08-13T08:00:00+08:00,https://example.gov.cn/panel/222401,2026-08-12T18:00:00+08:00,2026-08-13T08:00:00+08:00
222401,2026-08-13,content_growth,87.1,2026-08-14T08:00:00+08:00,https://example.gov.cn/panel/222401,2026-08-13T18:00:00+08:00,2026-08-14T08:00:00+08:00
222401,2026-08-13,search_growth,83.6,2026-08-14T08:00:00+08:00,https://example.gov.cn/panel/222401,2026-08-13T18:00:00+08:00,2026-08-14T08:00:00+08:00
222401,2026-08-13,event_trigger,78.4,2026-08-14T08:00:00+08:00,https://example.gov.cn/panel/222401,2026-08-13T18:00:00+08:00,2026-08-14T08:00:00+08:00
222401,2026-08-13,accessibility,65.3,2026-08-14T08:00:00+08:00,https://example.gov.cn/panel/222401,2026-08-13T18:00:00+08:00,2026-08-14T08:00:00+08:00
222401,2026-08-13,supply_capacity,59.2,2026-08-14T08:00:00+08:00,https://example.gov.cn/panel/222401,2026-08-13T18:00:00+08:00,2026-08-14T08:00:00+08:00
222401,2026-08-13,weather_fit,67.9,2026-08-14T08:00:00+08:00,https://example.gov.cn/panel/222401,2026-08-13T18:00:00+08:00,2026-08-14T08:00:00+08:00
222401,2026-08-13,novelty,80.1,2026-08-14T08:00:00+08:00,https://example.gov.cn/panel/222401,2026-08-13T18:00:00+08:00,2026-08-14T08:00:00+08:00
222401,2026-08-13,cross_region_spread,74.9,2026-08-14T08:00:00+08:00,https://example.gov.cn/panel/222401,2026-08-13T18:00:00+08:00,2026-08-14T08:00:00+08:00
222401,2026-08-13,risk_pressure,34.0,2026-08-14T08:00:00+08:00,https://example.gov.cn/panel/222401,2026-08-13T18:00:00+08:00,2026-08-14T08:00:00+08:00
222401,2026-08-14,content_growth,87.1,2026-08-15T08:00:00+08:00,https://example.gov.cn/panel/222401,2026-08-14T18:00:00+08:00,2026-08-15T08:00:00+08:00
222401,2026-08-14,search_growth,83.6,2026-08-15T08:00:00+08:00,https://example.gov.cn/panel/222401,2026-08-14T18:00:00+08:00,2026-08-15T08:00:00+08:00
222401,2026-08-14,event_trigger,78.4,2026-08-15T08:00:00+08:00,https://example.gov.cn/panel/222401,2026-08-14T18:00:00+08:00,2026-08-15T08:00:00+08:00
222401,2026-08-14,accessibility,65.3,2026-08-15T08:00:00+08:00,https://example.gov.cn/panel/222401,2026-08-14T18:00:00+08:00,2026-08-15T08:00:00+08:00
222401,2026-08-14,supply_capacity,59.2,2026-08-15T08:00:00+08:00,https://example.gov.cn/panel/222401,2026-08-14T18:00:00+08:00,2026-08-15T08:00:00+08:00
222401,2026-08-14,weather_fit,67.9,2026-08-15T08:00:00+08:00,https://example.gov.cn/panel/222401,2026-08-14T18:00:00+08:00,2026-08-15T08:00:00+08:00
222401,2026-08-14,novelty,80.1,2026-08-15T08:00:00+08:00,https://example.gov.cn/panel/222401,2026-08-14T18:00:00+08:00,2026-08-15T08:00:00+08:00
222401,2026-08-14,cross_region_spread,74.9,2026-08-15T08:00:00+08:00,https://example.gov.cn/panel/222401,2026-08-14T18:00:00+08:00,2026-08-15T08:00:00+08:00
222401,2026-08-14,risk_pressure,34.0,2026-08-15T08:00:00+08:00,https://example.gov.cn/panel/222401,2026-08-14T18:00:00+08:00,2026-08-15T08:00:00+08:00
370300,2026-07-03,content_growth,33.7,2026-07-04T08:00:00+08:00,https://example.gov.cn/panel/370300,2026-07-03T18:00:00+08:00,2026-07-04T08:00:00+08:00
370300,2026-07-03,search_growth,32.4,2026-07-04T08:00:00+08:00,https://example.gov.cn/panel/370300,2026-07-03T18:00:00+08:00,2026-07-04T08:00:00+08:00
370300,2026-07-03,event_trigger,30.3,2026-07-04T08:00:00+08:00,https://example.gov.cn/panel/370300,2026-07-03T18:00:00+08:00,2026-07-04T08:00:00+08:00
370300,2026-07-03,accessibility,25.3,2026-07-04T08:00:00+08:00,https://example.gov.cn/panel/370300,2026-07-03T18:00:00+08:00,2026-07-04T08:00:00+08:00
370300,2026-07-03,supply_capacity,22.9,2026-07-04T08:00:00+08:00,https://example.gov.cn/panel/370300,2026-07-03T18:00:00+08:00,2026-07-04T08:00:00+08:00
370300,2026-07-03,weather_fit,26.3,2026-07-04T08:00:00+08:00,https://example.gov.cn/panel/370300,2026-07-03T18:00:00+08:00,2026-07-04T08:00:00+08:00
370300,2026-07-03,novelty,31.0,2026-07-04T08:00:00+08:00,https://example.gov.cn/panel/370300,2026-07-03T18:00:00+08:00,2026-07-04T08:00:00+08:00
370300,2026-07-03,cross_region_spread,29.0,2026-07-04T08:00:00+08:00,https://example.gov.cn/panel/370300,2026-07-03T18:00:00+08:00,2026-07-04T08:00:00+08:00
370300,2026-07-03,risk_pressure,26,2026-07-04T08:00:00+08:00,https://example.gov.cn/panel/370300,2026-07-03T18:00:00+08:00,2026-07-04T08:00:00+08:00
370300,2026-07-04,content_growth,34.7,2026-07-05T08:00:00+08:00,https://example.gov.cn/panel/370300,2026-07-04T18:00:00+08:00,2026-07-05T08:00:00+08:00
370300,2026-07-04,search_growth,33.4,2026-07-05T08:00:00+08:00,https://example.gov.cn/panel/370300,2026-07-04T18:00:00+08:00,2026-07-05T08:00:00+08:00
370300,2026-07-04,event_trigger,31.3,2026-07-05T08:00:00+08:00,https://example.gov.cn/panel/370300,2026-07-04T18:00:00+08:00,2026-07-05T08:00:00+08:00
370300,2026-07-04,accessibility,26.1,2026-07-05T08:00:00+08:00,https://example.gov.cn/panel/370300,2026-07-04T18:00:00+08:00,2026-07-05T08:00:00+08:00
370300,2026-07-04,supply_capacity,23.6,2026-07-05T08:00:00+08:00,https://example.gov.cn/panel/370300,2026-07-04T18:00:00+08:00,2026-07-05T08:00:00+08:00
370300,2026-07-04,weather_fit,27.1,2026-07-05T08:00:00+08:00,https://example.gov.cn/panel/370300,2026-07-04T18:00:00+08:00,2026-07-05T08:00:00+08:00
370300,2026-07-04,novelty,32.0,2026-07-05T08:00:00+08:00,https://example.gov.cn/panel/370300,2026-07-04T18:00:00+08:00,2026-07-05T08:00:00+08:00
370300,2026-07-04,cross_region_spread,29.9,2026-07-05T08:00:00+08:00,https://example.gov.cn/panel/370300,2026-07-04T18:00:00+08:00,2026-07-05T08:00:00+08:00
370300,2026-07-04,risk_pressure,26,2026-07-05T08:00:00+08:00,https://example.gov.cn/panel/370300,2026-07-04T18:00:00+08:00,2026-07-05T08:00:00+08:00
370300,2026-07-05,content_growth,35.8,2026-07-06T08:00:00+08:00,https://example.gov.cn/panel/370300,2026-07-05T18:00:00+08:00,2026-07-06T08:00:00+08:00
370300,2026-07-05,search_growth,34.3,2026-07-06T08:00:00+08:00,https://example.gov.cn/panel/370300,2026-07-05T18:00:00+08:00,2026-07-06T08:00:00+08:00
370300,2026-07-05,event_trigger,32.2,2026-07-06T08:00:00+08:00,https://example.gov.cn/panel/370300,2026-07-05T18:00:00+08:00,2026-07-06T08:00:00+08:00
370300,2026-07-05,accessibility,26.8,2026-07-06T08:00:00+08:00,https://example.gov.cn/panel/370300,2026-07-05T18:00:00+08:00,2026-07-06T08:00:00+08:00
370300,2026-07-05,supply_capacity,24.3,2026-07-06T08:00:00+08:00,https://example.gov.cn/panel/370300,2026-07-05T18:00:00+08:00,2026-07-06T08:00:00+08:00
370300,2026-07-05,weather_fit,27.9,2026-07-06T08:00:00+08:00,https://example.gov.cn/panel/370300,2026-07-05T18:00:00+08:00,2026-07-06T08:00:00+08:00
370300,2026-07-05,novelty,32.9,2026-07-06T08:00:00+08:00,https://example.gov.cn/panel/370300,2026-07-05T18:00:00+08:00,2026-07-06T08:00:00+08:00
370300,2026-07-05,cross_region_spread,30.8,2026-07-06T08:00:00+08:00,https://example.gov.cn/panel/370300,2026-07-05T18:00:00+08:00,2026-07-06T08:00:00+08:00
370300,2026-07-05,risk_pressure,26,2026-07-06T08:00:00+08:00,https://example.gov.cn/panel/370300,2026-07-05T18:00:00+08:00,2026-07-06T08:00:00+08:00
370300,2026-07-06,content_growth,36.8,2026-07-07T08:00:00+08:00,https://example.gov.cn/panel/370300,2026-07-06T18:00:00+08:00,2026-07-07T08:00:00+08:00
370300,2026-07-06,search_growth,35.3,2026-07-07T08:00:00+08:00,https://example.gov.cn/panel/370300,2026-07-06T18:00:00+08:00,2026-07-07T08:00:00+08:00
370300,2026-07-06,event_trigger,33.1,2026-07-07T08:00:00+08:00,https://example.gov.cn/panel/370300,2026-07-06T18:00:00+08:00,2026-07-07T08:00:00+08:00
370300,2026-07-06,accessibility,27.6,2026-07-07T08:00:00+08:00,https://example.gov.cn/panel/370300,2026-07-06T18:00:00+08:00,2026-07-07T08:00:00+08:00
370300,2026-07-06,supply_capacity,25.0,2026-07-07T08:00:00+08:00,https://example.gov.cn/panel/370300,2026-07-06T18:00:00+08:00,2026-07-07T08:00:00+08:00
370300,2026-07-06,weather_fit,28.7,2026-07-07T08:00:00+08:00,https://example.gov.cn/panel/370300,2026-07-06T18:00:00+08:00,2026-07-07T08:00:00+08:00
370300,2026-07-06,novelty,33.9,2026-07-07T08:00:00+08:00,https://example.gov.cn/panel/370300,2026-07-06T18:00:00+08:00,2026-07-07T08:00:00+08:00
370300,2026-07-06,cross_region_spread,31.7,2026-07-07T08:00:00+08:00,https://example.gov.cn/panel/370300,2026-07-06T18:00:00+08:00,2026-07-07T08:00:00+08:00
370300,2026-07-06,risk_pressure,26,2026-07-07T08:00:00+08:00,https://example.gov.cn/panel/370300,2026-07-06T18:00:00+08:00,2026-07-07T08:00:00+08:00
370300,2026-07-07,content_growth,37.8,2026-07-08T08:00:00+08:00,https://example.gov.cn/panel/370300,2026-07-07T18:00:00+08:00,2026-07-08T08:00:00+08:00
370300,2026-07-07,search_growth,36.3,2026-07-08T08:00:00+08:00,https://example.gov.cn/panel/370300,2026-07-07T18:00:00+08:00,2026-07-08T08:00:00+08:00
370300,2026-07-07,event_trigger,34.1,2026-07-08T08:00:00+08:00,https://example.gov.cn/panel/370300,2026-07-07T18:00:00+08:00,2026-07-08T08:00:00+08:00
370300,2026-07-07,accessibility,28.4,2026-07-08T08:00:00+08:00,https://example.gov.cn/panel/370300,2026-07-07T18:00:00+08:00,2026-07-08T08:00:00+08:00
370300,2026-07-07,supply_capacity,25.7,2026-07-08T08:00:00+08:00,https://example.gov.cn/panel/370300,2026-07-07T18:00:00+08:00,2026-07-08T08:00:00+08:00
370300,2026-07-07,weather_fit,29.5,2026-07-08T08:00:00+08:00,https://example.gov.cn/panel/370300,2026-07-07T18:00:00+08:00,2026-07-08T08:00:00+08:00
370300,2026-07-07,novelty,34.8,2026-07-08T08:00:00+08:00,https://example.gov.cn/panel/370300,2026-07-07T18:00:00+08:00,2026-07-08T08:00:00+08:00
370300,2026-07-07,cross_region_spread,32.5,2026-07-08T08:00:00+08:00,https://example.gov.cn/panel/370300,2026-07-07T18:00:00+08:00,2026-07-08T08:00:00+08:00
370300,2026-07-07,risk_pressure,26,2026-07-08T08:00:00+08:00,https://example.gov.cn/panel/370300,2026-07-07T18:00:00+08:00,2026-07-08T08:00:00+08:00
370300,2026-07-08,content_growth,38.9,2026-07-09T08:00:00+08:00,https://example.gov.cn/panel/370300,2026-07-08T18:00:00+08:00,2026-07-09T08:00:00+08:00
370300,2026-07-08,search_growth,37.3,2026-07-09T08:00:00+08:00,https://example.gov.cn/panel/370300,2026-07-08T18:00:00+08:00,2026-07-09T08:00:00+08:00
370300,2026-07-08,event_trigger,35.0,2026-07-09T08:00:00+08:00,https://example.gov.cn/panel/370300,2026-07-08T18:00:00+08:00,2026-07-09T08:00:00+08:00
370300,2026-07-08,accessibility,29.2,2026-07-09T08:00:00+08:00,https://example.gov.cn/panel/370300,2026-07-08T18:00:00+08:00,2026-07-09T08:00:00+08:00
370300,2026-07-08,supply_capacity,26.4,2026-07-09T08:00:00+08:00,https://example.gov.cn/panel/370300,2026-07-08T18:00:00+08:00,2026-07-09T08:00:00+08:00
370300,2026-07-08,weather_fit,30.3,2026-07-09T08:00:00+08:00,https://example.gov.cn/panel/370300,2026-07-08T18:00:00+08:00,2026-07-09T08:00:00+08:00
370300,2026-07-08,novelty,35.8,2026-07-09T08:00:00+08:00,https://example.gov.cn/panel/370300,2026-07-08T18:00:00+08:00,2026-07-09T08:00:00+08:00
370300,2026-07-08,cross_region_spread,33.4,2026-07-09T08:00:00+08:00,https://example.gov.cn/panel/370300,2026-07-08T18:00:00+08:00,2026-07-09T08:00:00+08:00
370300,2026-07-08,risk_pressure,26,2026-07-09T08:00:00+08:00,https://example.gov.cn/panel/370300,2026-07-08T18:00:00+08:00,2026-07-09T08:00:00+08:00
370300,2026-07-09,content_growth,39.9,2026-07-10T08:00:00+08:00,https://example.gov.cn/panel/370300,2026-07-09T18:00:00+08:00,2026-07-10T08:00:00+08:00
370300,2026-07-09,search_growth,38.3,2026-07-10T08:00:00+08:00,https://example.gov.cn/panel/370300,2026-07-09T18:00:00+08:00,2026-07-10T08:00:00+08:00
370300,2026-07-09,event_trigger,35.9,2026-07-10T08:00:00+08:00,https://example.gov.cn/panel/370300,2026-07-09T18:00:00+08:00,2026-07-10T08:00:00+08:00
370300,2026-07-09,accessibility,29.9,2026-07-10T08:00:00+08:00,https://example.gov.cn/panel/370300,2026-07-09T18:00:00+08:00,2026-07-10T08:00:00+08:00
370300,2026-07-09,supply_capacity,27.1,2026-07-10T08:00:00+08:00,https://example.gov.cn/panel/370300,2026-07-09T18:00:00+08:00,2026-07-10T08:00:00+08:00
370300,2026-07-09,weather_fit,31.1,2026-07-10T08:00:00+08:00,https://example.gov.cn/panel/370300,2026-07-09T18:00:00+08:00,2026-07-10T08:00:00+08:00
370300,2026-07-09,novelty,36.7,2026-07-10T08:00:00+08:00,https://example.gov.cn/panel/370300,2026-07-09T18:00:00+08:00,2026-07-10T08:00:00+08:00
370300,2026-07-09,cross_region_spread,34.3,2026-07-10T08:00:00+08:00,https://example.gov.cn/panel/370300,2026-07-09T18:00:00+08:00,2026-07-10T08:00:00+08:00
370300,2026-07-09,risk_pressure,26,2026-07-10T08:00:00+08:00,https://example.gov.cn/panel/370300,2026-07-09T18:00:00+08:00,2026-07-10T08:00:00+08:00
370300,2026-07-10,content_growth,40.9,2026-07-11T08:00:00+08:00,https://example.gov.cn/panel/370300,2026-07-10T18:00:00+08:00,2026-07-11T08:00:00+08:00
370300,2026-07-10,search_growth,39.3,2026-07-11T08:00:00+08:00,https://example.gov.cn/panel/370300,2026-07-10T18:00:00+08:00,2026-07-11T08:00:00+08:00
370300,2026-07-10,event_trigger,36.8,2026-07-11T08:00:00+08:00,https://example.gov.cn/panel/370300,2026-07-10T18:00:00+08:00,2026-07-11T08:00:00+08:00
370300,2026-07-10,accessibility,30.7,2026-07-11T08:00:00+08:00,https://example.gov.cn/panel/370300,2026-07-10T18:00:00+08:00,2026-07-11T08:00:00+08:00
370300,2026-07-10,supply_capacity,27.8,2026-07-11T08:00:00+08:00,https://example.gov.cn/panel/370300,2026-07-10T18:00:00+08:00,2026-07-11T08:00:00+08:00
370300,2026-07-10,weather_fit,31.9,2026-07-11T08:00:00+08:00,https://example.gov.cn/panel/370300,2026-07-10T18:00:00+08:00,2026-07-11T08:00:00+08:00
370300,2026-07-10,novelty,37.7,2026-07-11T08:00:00+08:00,https://example.gov.cn/panel/370300,2026-07-10T18:00:00+08:00,2026-07-11T08:00:00+08:00
370300,2026-07-10,cross_region_spread,35.2,2026-07-11T08:00:00+08:00,https://example.gov.cn/panel/370300,2026-07-10T18:00:00+08:00,2026-07-11T08:00:00+08:00
370300,2026-07-10,risk_pressure,26,2026-07-11T08:00:00+08:00,https://example.gov.cn/panel/370300,2026-07-10T18:00:00+08:00,2026-07-11T08:00:00+08:00
370300,2026-07-11,content_growth,42.0,2026-07-12T08:00:00+08:00,https://example.gov.cn/panel/370300,2026-07-11T18:00:00+08:00,2026-07-12T08:00:00+08:00
370300,2026-07-11,search_growth,40.3,2026-07-12T08:00:00+08:00,https://example.gov.cn/panel/370300,2026-07-11T18:00:00+08:00,2026-07-12T08:00:00+08:00
370300,2026-07-11,event_trigger,37.8,2026-07-12T08:00:00+08:00,https://example.gov.cn/panel/370300,2026-07-11T18:00:00+08:00,2026-07-12T08:00:00+08:00
370300,2026-07-11,accessibility,31.5,2026-07-12T08:00:00+08:00,https://example.gov.cn/panel/370300,2026-07-11T18:00:00+08:00,2026-07-12T08:00:00+08:00
370300,2026-07-11,supply_capacity,28.5,2026-07-12T08:00:00+08:00,https://example.gov.cn/panel/370300,2026-07-11T18:00:00+08:00,2026-07-12T08:00:00+08:00
370300,2026-07-11,weather_fit,32.7,2026-07-12T08:00:00+08:00,https://example.gov.cn/panel/370300,2026-07-11T18:00:00+08:00,2026-07-12T08:00:00+08:00
370300,2026-07-11,novelty,38.6,2026-07-12T08:00:00+08:00,https://example.gov.cn/panel/370300,2026-07-11T18:00:00+08:00,2026-07-12T08:00:00+08:00
370300,2026-07-11,cross_region_spread,36.1,2026-07-12T08:00:00+08:00,https://example.gov.cn/panel/370300,2026-07-11T18:00:00+08:00,2026-07-12T08:00:00+08:00
370300,2026-07-11,risk_pressure,26,2026-07-12T08:00:00+08:00,https://example.gov.cn/panel/370300,2026-07-11T18:00:00+08:00,2026-07-12T08:00:00+08:00
370300,2026-07-12,content_growth,43.0,2026-07-13T08:00:00+08:00,https://example.gov.cn/panel/370300,2026-07-12T18:00:00+08:00,2026-07-13T08:00:00+08:00
370300,2026-07-12,search_growth,41.3,2026-07-13T08:00:00+08:00,https://example.gov.cn/panel/370300,2026-07-12T18:00:00+08:00,2026-07-13T08:00:00+08:00
370300,2026-07-12,event_trigger,38.7,2026-07-13T08:00:00+08:00,https://example.gov.cn/panel/370300,2026-07-12T18:00:00+08:00,2026-07-13T08:00:00+08:00
370300,2026-07-12,accessibility,32.2,2026-07-13T08:00:00+08:00,https://example.gov.cn/panel/370300,2026-07-12T18:00:00+08:00,2026-07-13T08:00:00+08:00
370300,2026-07-12,supply_capacity,29.2,2026-07-13T08:00:00+08:00,https://example.gov.cn/panel/370300,2026-07-12T18:00:00+08:00,2026-07-13T08:00:00+08:00
370300,2026-07-12,weather_fit,33.5,2026-07-13T08:00:00+08:00,https://example.gov.cn/panel/370300,2026-07-12T18:00:00+08:00,2026-07-13T08:00:00+08:00
370300,2026-07-12,novelty,39.6,2026-07-13T08:00:00+08:00,https://example.gov.cn/panel/370300,2026-07-12T18:00:00+08:00,2026-07-13T08:00:00+08:00
370300,2026-07-12,cross_region_spread,37.0,2026-07-13T08:00:00+08:00,https://example.gov.cn/panel/370300,2026-07-12T18:00:00+08:00,2026-07-13T08:00:00+08:00
370300,2026-07-12,risk_pressure,26,2026-07-13T08:00:00+08:00,https://example.gov.cn/panel/370300,2026-07-12T18:00:00+08:00,2026-07-13T08:00:00+08:00
370300,2026-07-13,content_growth,44.0,2026-07-14T08:00:00+08:00,https://example.gov.cn/panel/370300,2026-07-13T18:00:00+08:00,2026-07-14T08:00:00+08:00
370300,2026-07-13,search_growth,42.3,2026-07-14T08:00:00+08:00,https://example.gov.cn/panel/370300,2026-07-13T18:00:00+08:00,2026-07-14T08:00:00+08:00
370300,2026-07-13,event_trigger,39.6,2026-07-14T08:00:00+08:00,https://example.gov.cn/panel/370300,2026-07-13T18:00:00+08:00,2026-07-14T08:00:00+08:00
370300,2026-07-13,accessibility,33.0,2026-07-14T08:00:00+08:00,https://example.gov.cn/panel/370300,2026-07-13T18:00:00+08:00,2026-07-14T08:00:00+08:00
370300,2026-07-13,supply_capacity,29.9,2026-07-14T08:00:00+08:00,https://example.gov.cn/panel/370300,2026-07-13T18:00:00+08:00,2026-07-14T08:00:00+08:00
370300,2026-07-13,weather_fit,34.3,2026-07-14T08:00:00+08:00,https://example.gov.cn/panel/370300,2026-07-13T18:00:00+08:00,2026-07-14T08:00:00+08:00
370300,2026-07-13,novelty,40.5,2026-07-14T08:00:00+08:00,https://example.gov.cn/panel/370300,2026-07-13T18:00:00+08:00,2026-07-14T08:00:00+08:00
370300,2026-07-13,cross_region_spread,37.9,2026-07-14T08:00:00+08:00,https://example.gov.cn/panel/370300,2026-07-13T18:00:00+08:00,2026-07-14T08:00:00+08:00
370300,2026-07-13,risk_pressure,26,2026-07-14T08:00:00+08:00,https://example.gov.cn/panel/370300,2026-07-13T18:00:00+08:00,2026-07-14T08:00:00+08:00
370300,2026-07-14,content_growth,45.1,2026-07-15T08:00:00+08:00,https://example.gov.cn/panel/370300,2026-07-14T18:00:00+08:00,2026-07-15T08:00:00+08:00
370300,2026-07-14,search_growth,43.3,2026-07-15T08:00:00+08:00,https://example.gov.cn/panel/370300,2026-07-14T18:00:00+08:00,2026-07-15T08:00:00+08:00
370300,2026-07-14,event_trigger,40.5,2026-07-15T08:00:00+08:00,https://example.gov.cn/panel/370300,2026-07-14T18:00:00+08:00,2026-07-15T08:00:00+08:00
370300,2026-07-14,accessibility,33.8,2026-07-15T08:00:00+08:00,https://example.gov.cn/panel/370300,2026-07-14T18:00:00+08:00,2026-07-15T08:00:00+08:00
370300,2026-07-14,supply_capacity,30.6,2026-07-15T08:00:00+08:00,https://example.gov.cn/panel/370300,2026-07-14T18:00:00+08:00,2026-07-15T08:00:00+08:00
370300,2026-07-14,weather_fit,35.1,2026-07-15T08:00:00+08:00,https://example.gov.cn/panel/370300,2026-07-14T18:00:00+08:00,2026-07-15T08:00:00+08:00
370300,2026-07-14,novelty,41.4,2026-07-15T08:00:00+08:00,https://example.gov.cn/panel/370300,2026-07-14T18:00:00+08:00,2026-07-15T08:00:00+08:00
370300,2026-07-14,cross_region_spread,38.7,2026-07-15T08:00:00+08:00,https://example.gov.cn/panel/370300,2026-07-14T18:00:00+08:00,2026-07-15T08:00:00+08:00
370300,2026-07-14,risk_pressure,26,2026-07-15T08:00:00+08:00,https://example.gov.cn/panel/370300,2026-07-14T18:00:00+08:00,2026-07-15T08:00:00+08:00
370300,2026-07-15,content_growth,46.1,2026-07-16T08:00:00+08:00,https://example.gov.cn/panel/370300,2026-07-15T18:00:00+08:00,2026-07-16T08:00:00+08:00
370300,2026-07-15,search_growth,44.2,2026-07-16T08:00:00+08:00,https://example.gov.cn/panel/370300,2026-07-15T18:00:00+08:00,2026-07-16T08:00:00+08:00
370300,2026-07-15,event_trigger,41.5,2026-07-16T08:00:00+08:00,https://example.gov.cn/panel/370300,2026-07-15T18:00:00+08:00,2026-07-16T08:00:00+08:00
370300,2026-07-15,accessibility,34.6,2026-07-16T08:00:00+08:00,https://example.gov.cn/panel/370300,2026-07-15T18:00:00+08:00,2026-07-16T08:00:00+08:00
370300,2026-07-15,supply_capacity,31.3,2026-07-16T08:00:00+08:00,https://example.gov.cn/panel/370300,2026-07-15T18:00:00+08:00,2026-07-16T08:00:00+08:00
370300,2026-07-15,weather_fit,35.9,2026-07-16T08:00:00+08:00,https://example.gov.cn/panel/370300,2026-07-15T18:00:00+08:00,2026-07-16T08:00:00+08:00
370300,2026-07-15,novelty,42.4,2026-07-16T08:00:00+08:00,https://example.gov.cn/panel/370300,2026-07-15T18:00:00+08:00,2026-07-16T08:00:00+08:00
370300,2026-07-15,cross_region_spread,39.6,2026-07-16T08:00:00+08:00,https://example.gov.cn/panel/370300,2026-07-15T18:00:00+08:00,2026-07-16T08:00:00+08:00
370300,2026-07-15,risk_pressure,26,2026-07-16T08:00:00+08:00,https://example.gov.cn/panel/370300,2026-07-15T18:00:00+08:00,2026-07-16T08:00:00+08:00
370300,2026-07-16,content_growth,47.1,2026-07-17T08:00:00+08:00,https://example.gov.cn/panel/370300,2026-07-16T18:00:00+08:00,2026-07-17T08:00:00+08:00
370300,2026-07-16,search_growth,45.2,2026-07-17T08:00:00+08:00,https://example.gov.cn/panel/370300,2026-07-16T18:00:00+08:00,2026-07-17T08:00:00+08:00
370300,2026-07-16,event_trigger,42.4,2026-07-17T08:00:00+08:00,https://example.gov.cn/panel/370300,2026-07-16T18:00:00+08:00,2026-07-17T08:00:00+08:00
370300,2026-07-16,accessibility,35.3,2026-07-17T08:00:00+08:00,https://example.gov.cn/panel/370300,2026-07-16T18:00:00+08:00,2026-07-17T08:00:00+08:00
370300,2026-07-16,supply_capacity,32.0,2026-07-17T08:00:00+08:00,https://example.gov.cn/panel/370300,2026-07-16T18:00:00+08:00,2026-07-17T08:00:00+08:00
370300,2026-07-16,weather_fit,36.7,2026-07-17T08:00:00+08:00,https://example.gov.cn/panel/370300,2026-07-16T18:00:00+08:00,2026-07-17T08:00:00+08:00
370300,2026-07-16,novelty,43.3,2026-07-17T08:00:00+08:00,https://example.gov.cn/panel/370300,2026-07-16T18:00:00+08:00,2026-07-17T08:00:00+08:00
370300,2026-07-16,cross_region_spread,40.5,2026-07-17T08:00:00+08:00,https://example.gov.cn/panel/370300,2026-07-16T18:00:00+08:00,2026-07-17T08:00:00+08:00
370300,2026-07-16,risk_pressure,26,2026-07-17T08:00:00+08:00,https://example.gov.cn/panel/370300,2026-07-16T18:00:00+08:00,2026-07-17T08:00:00+08:00
370300,2026-07-17,content_growth,48.1,2026-07-18T08:00:00+08:00,https://example.gov.cn/panel/370300,2026-07-17T18:00:00+08:00,2026-07-18T08:00:00+08:00
370300,2026-07-17,search_growth,46.2,2026-07-18T08:00:00+08:00,https://example.gov.cn/panel/370300,2026-07-17T18:00:00+08:00,2026-07-18T08:00:00+08:00
370300,2026-07-17,event_trigger,43.3,2026-07-18T08:00:00+08:00,https://example.gov.cn/panel/370300,2026-07-17T18:00:00+08:00,2026-07-18T08:00:00+08:00
370300,2026-07-17,accessibility,36.1,2026-07-18T08:00:00+08:00,https://example.gov.cn/panel/370300,2026-07-17T18:00:00+08:00,2026-07-18T08:00:00+08:00
370300,2026-07-17,supply_capacity,32.7,2026-07-18T08:00:00+08:00,https://example.gov.cn/panel/370300,2026-07-17T18:00:00+08:00,2026-07-18T08:00:00+08:00
370300,2026-07-17,weather_fit,37.6,2026-07-18T08:00:00+08:00,https://example.gov.cn/panel/370300,2026-07-17T18:00:00+08:00,2026-07-18T08:00:00+08:00
370300,2026-07-17,novelty,44.3,2026-07-18T08:00:00+08:00,https://example.gov.cn/panel/370300,2026-07-17T18:00:00+08:00,2026-07-18T08:00:00+08:00
370300,2026-07-17,cross_region_spread,41.4,2026-07-18T08:00:00+08:00,https://example.gov.cn/panel/370300,2026-07-17T18:00:00+08:00,2026-07-18T08:00:00+08:00
370300,2026-07-17,risk_pressure,26,2026-07-18T08:00:00+08:00,https://example.gov.cn/panel/370300,2026-07-17T18:00:00+08:00,2026-07-18T08:00:00+08:00
370300,2026-07-18,content_growth,49.2,2026-07-19T08:00:00+08:00,https://example.gov.cn/panel/370300,2026-07-18T18:00:00+08:00,2026-07-19T08:00:00+08:00
370300,2026-07-18,search_growth,47.2,2026-07-19T08:00:00+08:00,https://example.gov.cn/panel/370300,2026-07-18T18:00:00+08:00,2026-07-19T08:00:00+08:00
370300,2026-07-18,event_trigger,44.3,2026-07-19T08:00:00+08:00,https://example.gov.cn/panel/370300,2026-07-18T18:00:00+08:00,2026-07-19T08:00:00+08:00
370300,2026-07-18,accessibility,36.9,2026-07-19T08:00:00+08:00,https://example.gov.cn/panel/370300,2026-07-18T18:00:00+08:00,2026-07-19T08:00:00+08:00
370300,2026-07-18,supply_capacity,33.4,2026-07-19T08:00:00+08:00,https://example.gov.cn/panel/370300,2026-07-18T18:00:00+08:00,2026-07-19T08:00:00+08:00
370300,2026-07-18,weather_fit,38.4,2026-07-19T08:00:00+08:00,https://example.gov.cn/panel/370300,2026-07-18T18:00:00+08:00,2026-07-19T08:00:00+08:00
370300,2026-07-18,novelty,45.2,2026-07-19T08:00:00+08:00,https://example.gov.cn/panel/370300,2026-07-18T18:00:00+08:00,2026-07-19T08:00:00+08:00
370300,2026-07-18,cross_region_spread,42.3,2026-07-19T08:00:00+08:00,https://example.gov.cn/panel/370300,2026-07-18T18:00:00+08:00,2026-07-19T08:00:00+08:00
370300,2026-07-18,risk_pressure,26,2026-07-19T08:00:00+08:00,https://example.gov.cn/panel/370300,2026-07-18T18:00:00+08:00,2026-07-19T08:00:00+08:00
370300,2026-07-19,content_growth,50.2,2026-07-20T08:00:00+08:00,https://example.gov.cn/panel/370300,2026-07-19T18:00:00+08:00,2026-07-20T08:00:00+08:00
370300,2026-07-19,search_growth,48.2,2026-07-20T08:00:00+08:00,https://example.gov.cn/panel/370300,2026-07-19T18:00:00+08:00,2026-07-20T08:00:00+08:00
370300,2026-07-19,event_trigger,45.2,2026-07-20T08:00:00+08:00,https://example.gov.cn/panel/370300,2026-07-19T18:00:00+08:00,2026-07-20T08:00:00+08:00
370300,2026-07-19,accessibility,37.7,2026-07-20T08:00:00+08:00,https://example.gov.cn/panel/370300,2026-07-19T18:00:00+08:00,2026-07-20T08:00:00+08:00
370300,2026-07-19,supply_capacity,34.1,2026-07-20T08:00:00+08:00,https://example.gov.cn/panel/370300,2026-07-19T18:00:00+08:00,2026-07-20T08:00:00+08:00
370300,2026-07-19,weather_fit,39.2,2026-07-20T08:00:00+08:00,https://example.gov.cn/panel/370300,2026-07-19T18:00:00+08:00,2026-07-20T08:00:00+08:00
370300,2026-07-19,novelty,46.2,2026-07-20T08:00:00+08:00,https://example.gov.cn/panel/370300,2026-07-19T18:00:00+08:00,2026-07-20T08:00:00+08:00
370300,2026-07-19,cross_region_spread,43.2,2026-07-20T08:00:00+08:00,https://example.gov.cn/panel/370300,2026-07-19T18:00:00+08:00,2026-07-20T08:00:00+08:00
370300,2026-07-19,risk_pressure,26,2026-07-20T08:00:00+08:00,https://example.gov.cn/panel/370300,2026-07-19T18:00:00+08:00,2026-07-20T08:00:00+08:00
370300,2026-07-20,content_growth,51.2,2026-07-21T08:00:00+08:00,https://example.gov.cn/panel/370300,2026-07-20T18:00:00+08:00,2026-07-21T08:00:00+08:00
370300,2026-07-20,search_growth,49.2,2026-07-21T08:00:00+08:00,https://example.gov.cn/panel/370300,2026-07-20T18:00:00+08:00,2026-07-21T08:00:00+08:00
370300,2026-07-20,event_trigger,46.1,2026-07-21T08:00:00+08:00,https://example.gov.cn/panel/370300,2026-07-20T18:00:00+08:00,2026-07-21T08:00:00+08:00
370300,2026-07-20,accessibility,38.4,2026-07-21T08:00:00+08:00,https://example.gov.cn/panel/370300,2026-07-20T18:00:00+08:00,2026-07-21T08:00:00+08:00
370300,2026-07-20,supply_capacity,34.8,2026-07-21T08:00:00+08:00,https://example.gov.cn/panel/370300,2026-07-20T18:00:00+08:00,2026-07-21T08:00:00+08:00
370300,2026-07-20,weather_fit,40.0,2026-07-21T08:00:00+08:00,https://example.gov.cn/panel/370300,2026-07-20T18:00:00+08:00,2026-07-21T08:00:00+08:00
370300,2026-07-20,novelty,47.1,2026-07-21T08:00:00+08:00,https://example.gov.cn/panel/370300,2026-07-20T18:00:00+08:00,2026-07-21T08:00:00+08:00
370300,2026-07-20,cross_region_spread,44.1,2026-07-21T08:00:00+08:00,https://example.gov.cn/panel/370300,2026-07-20T18:00:00+08:00,2026-07-21T08:00:00+08:00
370300,2026-07-20,risk_pressure,26,2026-07-21T08:00:00+08:00,https://example.gov.cn/panel/370300,2026-07-20T18:00:00+08:00,2026-07-21T08:00:00+08:00
370300,2026-07-21,content_growth,52.3,2026-07-22T08:00:00+08:00,https://example.gov.cn/panel/370300,2026-07-21T18:00:00+08:00,2026-07-22T08:00:00+08:00
370300,2026-07-21,search_growth,50.2,2026-07-22T08:00:00+08:00,https://example.gov.cn/panel/370300,2026-07-21T18:00:00+08:00,2026-07-22T08:00:00+08:00
370300,2026-07-21,event_trigger,47.0,2026-07-22T08:00:00+08:00,https://example.gov.cn/panel/370300,2026-07-21T18:00:00+08:00,2026-07-22T08:00:00+08:00
370300,2026-07-21,accessibility,39.2,2026-07-22T08:00:00+08:00,https://example.gov.cn/panel/370300,2026-07-21T18:00:00+08:00,2026-07-22T08:00:00+08:00
370300,2026-07-21,supply_capacity,35.5,2026-07-22T08:00:00+08:00,https://example.gov.cn/panel/370300,2026-07-21T18:00:00+08:00,2026-07-22T08:00:00+08:00
370300,2026-07-21,weather_fit,40.8,2026-07-22T08:00:00+08:00,https://example.gov.cn/panel/370300,2026-07-21T18:00:00+08:00,2026-07-22T08:00:00+08:00
370300,2026-07-21,novelty,48.1,2026-07-22T08:00:00+08:00,https://example.gov.cn/panel/370300,2026-07-21T18:00:00+08:00,2026-07-22T08:00:00+08:00
370300,2026-07-21,cross_region_spread,44.9,2026-07-22T08:00:00+08:00,https://example.gov.cn/panel/370300,2026-07-21T18:00:00+08:00,2026-07-22T08:00:00+08:00
370300,2026-07-21,risk_pressure,26,2026-07-22T08:00:00+08:00,https://example.gov.cn/panel/370300,2026-07-21T18:00:00+08:00,2026-07-22T08:00:00+08:00
370300,2026-07-22,content_growth,53.3,2026-07-23T08:00:00+08:00,https://example.gov.cn/panel/370300,2026-07-22T18:00:00+08:00,2026-07-23T08:00:00+08:00
370300,2026-07-22,search_growth,51.2,2026-07-23T08:00:00+08:00,https://example.gov.cn/panel/370300,2026-07-22T18:00:00+08:00,2026-07-23T08:00:00+08:00
370300,2026-07-22,event_trigger,48.0,2026-07-23T08:00:00+08:00,https://example.gov.cn/panel/370300,2026-07-22T18:00:00+08:00,2026-07-23T08:00:00+08:00
370300,2026-07-22,accessibility,40.0,2026-07-23T08:00:00+08:00,https://example.gov.cn/panel/370300,2026-07-22T18:00:00+08:00,2026-07-23T08:00:00+08:00
370300,2026-07-22,supply_capacity,36.2,2026-07-23T08:00:00+08:00,https://example.gov.cn/panel/370300,2026-07-22T18:00:00+08:00,2026-07-23T08:00:00+08:00
370300,2026-07-22,weather_fit,41.6,2026-07-23T08:00:00+08:00,https://example.gov.cn/panel/370300,2026-07-22T18:00:00+08:00,2026-07-23T08:00:00+08:00
370300,2026-07-22,novelty,49.0,2026-07-23T08:00:00+08:00,https://example.gov.cn/panel/370300,2026-07-22T18:00:00+08:00,2026-07-23T08:00:00+08:00
370300,2026-07-22,cross_region_spread,45.8,2026-07-23T08:00:00+08:00,https://example.gov.cn/panel/370300,2026-07-22T18:00:00+08:00,2026-07-23T08:00:00+08:00
370300,2026-07-22,risk_pressure,26,2026-07-23T08:00:00+08:00,https://example.gov.cn/panel/370300,2026-07-22T18:00:00+08:00,2026-07-23T08:00:00+08:00
370300,2026-07-23,content_growth,54.3,2026-07-24T08:00:00+08:00,https://example.gov.cn/panel/370300,2026-07-23T18:00:00+08:00,2026-07-24T08:00:00+08:00
370300,2026-07-23,search_growth,52.2,2026-07-24T08:00:00+08:00,https://example.gov.cn/panel/370300,2026-07-23T18:00:00+08:00,2026-07-24T08:00:00+08:00
370300,2026-07-23,event_trigger,48.9,2026-07-24T08:00:00+08:00,https://example.gov.cn/panel/370300,2026-07-23T18:00:00+08:00,2026-07-24T08:00:00+08:00
370300,2026-07-23,accessibility,40.7,2026-07-24T08:00:00+08:00,https://example.gov.cn/panel/370300,2026-07-23T18:00:00+08:00,2026-07-24T08:00:00+08:00
370300,2026-07-23,supply_capacity,36.9,2026-07-24T08:00:00+08:00,https://example.gov.cn/panel/370300,2026-07-23T18:00:00+08:00,2026-07-24T08:00:00+08:00
370300,2026-07-23,weather_fit,42.4,2026-07-24T08:00:00+08:00,https://example.gov.cn/panel/370300,2026-07-23T18:00:00+08:00,2026-07-24T08:00:00+08:00
370300,2026-07-23,novelty,50.0,2026-07-24T08:00:00+08:00,https://example.gov.cn/panel/370300,2026-07-23T18:00:00+08:00,2026-07-24T08:00:00+08:00
370300,2026-07-23,cross_region_spread,46.7,2026-07-24T08:00:00+08:00,https://example.gov.cn/panel/370300,2026-07-23T18:00:00+08:00,2026-07-24T08:00:00+08:00
370300,2026-07-23,risk_pressure,26,2026-07-24T08:00:00+08:00,https://example.gov.cn/panel/370300,2026-07-23T18:00:00+08:00,2026-07-24T08:00:00+08:00
370300,2026-07-24,content_growth,55.4,2026-07-25T08:00:00+08:00,https://example.gov.cn/panel/370300,2026-07-24T18:00:00+08:00,2026-07-25T08:00:00+08:00
370300,2026-07-24,search_growth,53.1,2026-07-25T08:00:00+08:00,https://example.gov.cn/panel/370300,2026-07-24T18:00:00+08:00,2026-07-25T08:00:00+08:00
370300,2026-07-24,event_trigger,49.8,2026-07-25T08:00:00+08:00,https://example.gov.cn/panel/370300,2026-07-24T18:00:00+08:00,2026-07-25T08:00:00+08:00
370300,2026-07-24,accessibility,41.5,2026-07-25T08:00:00+08:00,https://example.gov.cn/panel/370300,2026-07-24T18:00:00+08:00,2026-07-25T08:00:00+08:00
370300,2026-07-24,supply_capacity,37.6,2026-07-25T08:00:00+08:00,https://example.gov.cn/panel/370300,2026-07-24T18:00:00+08:00,2026-07-25T08:00:00+08:00
370300,2026-07-24,weather_fit,43.2,2026-07-25T08:00:00+08:00,https://example.gov.cn/panel/370300,2026-07-24T18:00:00+08:00,2026-07-25T08:00:00+08:00
370300,2026-07-24,novelty,50.9,2026-07-25T08:00:00+08:00,https://example.gov.cn/panel/370300,2026-07-24T18:00:00+08:00,2026-07-25T08:00:00+08:00
370300,2026-07-24,cross_region_spread,47.6,2026-07-25T08:00:00+08:00,https://example.gov.cn/panel/370300,2026-07-24T18:00:00+08:00,2026-07-25T08:00:00+08:00
370300,2026-07-24,risk_pressure,26,2026-07-25T08:00:00+08:00,https://example.gov.cn/panel/370300,2026-07-24T18:00:00+08:00,2026-07-25T08:00:00+08:00
370300,2026-07-25,content_growth,56.4,2026-07-26T08:00:00+08:00,https://example.gov.cn/panel/370300,2026-07-25T18:00:00+08:00,2026-07-26T08:00:00+08:00
370300,2026-07-25,search_growth,54.1,2026-07-26T08:00:00+08:00,https://example.gov.cn/panel/370300,2026-07-25T18:00:00+08:00,2026-07-26T08:00:00+08:00
370300,2026-07-25,event_trigger,50.7,2026-07-26T08:00:00+08:00,https://example.gov.cn/panel/370300,2026-07-25T18:00:00+08:00,2026-07-26T08:00:00+08:00
370300,2026-07-25,accessibility,42.3,2026-07-26T08:00:00+08:00,https://example.gov.cn/panel/370300,2026-07-25T18:00:00+08:00,2026-07-26T08:00:00+08:00
370300,2026-07-25,supply_capacity,38.3,2026-07-26T08:00:00+08:00,https://example.gov.cn/panel/370300,2026-07-25T18:00:00+08:00,2026-07-26T08:00:00+08:00
370300,2026-07-25,weather_fit,44.0,2026-07-26T08:00:00+08:00,https://example.gov.cn/panel/370300,2026-07-25T18:00:00+08:00,2026-07-26T08:00:00+08:00
370300,2026-07-25,novelty,51.9,2026-07-26T08:00:00+08:00,https://example.gov.cn/panel/370300,2026-07-25T18:00:00+08:00,2026-07-26T08:00:00+08:00
370300,2026-07-25,cross_region_spread,48.5,2026-07-26T08:00:00+08:00,https://example.gov.cn/panel/370300,2026-07-25T18:00:00+08:00,2026-07-26T08:00:00+08:00
370300,2026-07-25,risk_pressure,26,2026-07-26T08:00:00+08:00,https://example.gov.cn/panel/370300,2026-07-25T18:00:00+08:00,2026-07-26T08:00:00+08:00
370300,2026-07-26,content_growth,57.4,2026-07-27T08:00:00+08:00,https://example.gov.cn/panel/370300,2026-07-26T18:00:00+08:00,2026-07-27T08:00:00+08:00
370300,2026-07-26,search_growth,55.1,2026-07-27T08:00:00+08:00,https://example.gov.cn/panel/370300,2026-07-26T18:00:00+08:00,2026-07-27T08:00:00+08:00
370300,2026-07-26,event_trigger,51.7,2026-07-27T08:00:00+08:00,https://example.gov.cn/panel/370300,2026-07-26T18:00:00+08:00,2026-07-27T08:00:00+08:00
370300,2026-07-26,accessibility,43.1,2026-07-27T08:00:00+08:00,https://example.gov.cn/panel/370300,2026-07-26T18:00:00+08:00,2026-07-27T08:00:00+08:00
370300,2026-07-26,supply_capacity,39.0,2026-07-27T08:00:00+08:00,https://example.gov.cn/panel/370300,2026-07-26T18:00:00+08:00,2026-07-27T08:00:00+08:00
370300,2026-07-26,weather_fit,44.8,2026-07-27T08:00:00+08:00,https://example.gov.cn/panel/370300,2026-07-26T18:00:00+08:00,2026-07-27T08:00:00+08:00
370300,2026-07-26,novelty,52.8,2026-07-27T08:00:00+08:00,https://example.gov.cn/panel/370300,2026-07-26T18:00:00+08:00,2026-07-27T08:00:00+08:00
370300,2026-07-26,cross_region_spread,49.4,2026-07-27T08:00:00+08:00,https://example.gov.cn/panel/370300,2026-07-26T18:00:00+08:00,2026-07-27T08:00:00+08:00
370300,2026-07-26,risk_pressure,26,2026-07-27T08:00:00+08:00,https://example.gov.cn/panel/370300,2026-07-26T18:00:00+08:00,2026-07-27T08:00:00+08:00
370300,2026-07-27,content_growth,58.4,2026-07-28T08:00:00+08:00,https://example.gov.cn/panel/370300,2026-07-27T18:00:00+08:00,2026-07-28T08:00:00+08:00
370300,2026-07-27,search_growth,56.1,2026-07-28T08:00:00+08:00,https://example.gov.cn/panel/370300,2026-07-27T18:00:00+08:00,2026-07-28T08:00:00+08:00
370300,2026-07-27,event_trigger,52.6,2026-07-28T08:00:00+08:00,https://example.gov.cn/panel/370300,2026-07-27T18:00:00+08:00,2026-07-28T08:00:00+08:00
370300,2026-07-27,accessibility,43.8,2026-07-28T08:00:00+08:00,https://example.gov.cn/panel/370300,2026-07-27T18:00:00+08:00,2026-07-28T08:00:00+08:00
370300,2026-07-27,supply_capacity,39.7,2026-07-28T08:00:00+08:00,https://example.gov.cn/panel/370300,2026-07-27T18:00:00+08:00,2026-07-28T08:00:00+08:00
370300,2026-07-27,weather_fit,45.6,2026-07-28T08:00:00+08:00,https://example.gov.cn/panel/370300,2026-07-27T18:00:00+08:00,2026-07-28T08:00:00+08:00
370300,2026-07-27,novelty,53.8,2026-07-28T08:00:00+08:00,https://example.gov.cn/panel/370300,2026-07-27T18:00:00+08:00,2026-07-28T08:00:00+08:00
370300,2026-07-27,cross_region_spread,50.3,2026-07-28T08:00:00+08:00,https://example.gov.cn/panel/370300,2026-07-27T18:00:00+08:00,2026-07-28T08:00:00+08:00
370300,2026-07-27,risk_pressure,26,2026-07-28T08:00:00+08:00,https://example.gov.cn/panel/370300,2026-07-27T18:00:00+08:00,2026-07-28T08:00:00+08:00
370300,2026-07-28,content_growth,59.5,2026-07-29T08:00:00+08:00,https://example.gov.cn/panel/370300,2026-07-28T18:00:00+08:00,2026-07-29T08:00:00+08:00
370300,2026-07-28,search_growth,57.1,2026-07-29T08:00:00+08:00,https://example.gov.cn/panel/370300,2026-07-28T18:00:00+08:00,2026-07-29T08:00:00+08:00
370300,2026-07-28,event_trigger,53.5,2026-07-29T08:00:00+08:00,https://example.gov.cn/panel/370300,2026-07-28T18:00:00+08:00,2026-07-29T08:00:00+08:00
370300,2026-07-28,accessibility,44.6,2026-07-29T08:00:00+08:00,https://example.gov.cn/panel/370300,2026-07-28T18:00:00+08:00,2026-07-29T08:00:00+08:00
370300,2026-07-28,supply_capacity,40.4,2026-07-29T08:00:00+08:00,https://example.gov.cn/panel/370300,2026-07-28T18:00:00+08:00,2026-07-29T08:00:00+08:00
370300,2026-07-28,weather_fit,46.4,2026-07-29T08:00:00+08:00,https://example.gov.cn/panel/370300,2026-07-28T18:00:00+08:00,2026-07-29T08:00:00+08:00
370300,2026-07-28,novelty,54.7,2026-07-29T08:00:00+08:00,https://example.gov.cn/panel/370300,2026-07-28T18:00:00+08:00,2026-07-29T08:00:00+08:00
370300,2026-07-28,cross_region_spread,51.2,2026-07-29T08:00:00+08:00,https://example.gov.cn/panel/370300,2026-07-28T18:00:00+08:00,2026-07-29T08:00:00+08:00
370300,2026-07-28,risk_pressure,26,2026-07-29T08:00:00+08:00,https://example.gov.cn/panel/370300,2026-07-28T18:00:00+08:00,2026-07-29T08:00:00+08:00
370300,2026-07-29,content_growth,60.5,2026-07-30T08:00:00+08:00,https://example.gov.cn/panel/370300,2026-07-29T18:00:00+08:00,2026-07-30T08:00:00+08:00
370300,2026-07-29,search_growth,58.1,2026-07-30T08:00:00+08:00,https://example.gov.cn/panel/370300,2026-07-29T18:00:00+08:00,2026-07-30T08:00:00+08:00
370300,2026-07-29,event_trigger,54.5,2026-07-30T08:00:00+08:00,https://example.gov.cn/panel/370300,2026-07-29T18:00:00+08:00,2026-07-30T08:00:00+08:00
370300,2026-07-29,accessibility,45.4,2026-07-30T08:00:00+08:00,https://example.gov.cn/panel/370300,2026-07-29T18:00:00+08:00,2026-07-30T08:00:00+08:00
370300,2026-07-29,supply_capacity,41.1,2026-07-30T08:00:00+08:00,https://example.gov.cn/panel/370300,2026-07-29T18:00:00+08:00,2026-07-30T08:00:00+08:00
370300,2026-07-29,weather_fit,47.2,2026-07-30T08:00:00+08:00,https://example.gov.cn/panel/370300,2026-07-29T18:00:00+08:00,2026-07-30T08:00:00+08:00
370300,2026-07-29,novelty,55.7,2026-07-30T08:00:00+08:00,https://example.gov.cn/panel/370300,2026-07-29T18:00:00+08:00,2026-07-30T08:00:00+08:00
370300,2026-07-29,cross_region_spread,52.0,2026-07-30T08:00:00+08:00,https://example.gov.cn/panel/370300,2026-07-29T18:00:00+08:00,2026-07-30T08:00:00+08:00
370300,2026-07-29,risk_pressure,26,2026-07-30T08:00:00+08:00,https://example.gov.cn/panel/370300,2026-07-29T18:00:00+08:00,2026-07-30T08:00:00+08:00
370300,2026-07-30,content_growth,61.5,2026-07-31T08:00:00+08:00,https://example.gov.cn/panel/370300,2026-07-30T18:00:00+08:00,2026-07-31T08:00:00+08:00
370300,2026-07-30,search_growth,59.1,2026-07-31T08:00:00+08:00,https://example.gov.cn/panel/370300,2026-07-30T18:00:00+08:00,2026-07-31T08:00:00+08:00
370300,2026-07-30,event_trigger,55.4,2026-07-31T08:00:00+08:00,https://example.gov.cn/panel/370300,2026-07-30T18:00:00+08:00,2026-07-31T08:00:00+08:00
370300,2026-07-30,accessibility,46.2,2026-07-31T08:00:00+08:00,https://example.gov.cn/panel/370300,2026-07-30T18:00:00+08:00,2026-07-31T08:00:00+08:00
370300,2026-07-30,supply_capacity,41.8,2026-07-31T08:00:00+08:00,https://example.gov.cn/panel/370300,2026-07-30T18:00:00+08:00,2026-07-31T08:00:00+08:00
370300,2026-07-30,weather_fit,48.0,2026-07-31T08:00:00+08:00,https://example.gov.cn/panel/370300,2026-07-30T18:00:00+08:00,2026-07-31T08:00:00+08:00
370300,2026-07-30,novelty,56.6,2026-07-31T08:00:00+08:00,https://example.gov.cn/panel/370300,2026-07-30T18:00:00+08:00,2026-07-31T08:00:00+08:00
370300,2026-07-30,cross_region_spread,52.9,2026-07-31T08:00:00+08:00,https://example.gov.cn/panel/370300,2026-07-30T18:00:00+08:00,2026-07-31T08:00:00+08:00
370300,2026-07-30,risk_pressure,26,2026-07-31T08:00:00+08:00,https://example.gov.cn/panel/370300,2026-07-30T18:00:00+08:00,2026-07-31T08:00:00+08:00
370300,2026-07-31,content_growth,62.6,2026-08-01T08:00:00+08:00,https://example.gov.cn/panel/370300,2026-07-31T18:00:00+08:00,2026-08-01T08:00:00+08:00
370300,2026-07-31,search_growth,60.1,2026-08-01T08:00:00+08:00,https://example.gov.cn/panel/370300,2026-07-31T18:00:00+08:00,2026-08-01T08:00:00+08:00
370300,2026-07-31,event_trigger,56.3,2026-08-01T08:00:00+08:00,https://example.gov.cn/panel/370300,2026-07-31T18:00:00+08:00,2026-08-01T08:00:00+08:00
370300,2026-07-31,accessibility,46.9,2026-08-01T08:00:00+08:00,https://example.gov.cn/panel/370300,2026-07-31T18:00:00+08:00,2026-08-01T08:00:00+08:00
370300,2026-07-31,supply_capacity,42.5,2026-08-01T08:00:00+08:00,https://example.gov.cn/panel/370300,2026-07-31T18:00:00+08:00,2026-08-01T08:00:00+08:00
370300,2026-07-31,weather_fit,48.8,2026-08-01T08:00:00+08:00,https://example.gov.cn/panel/370300,2026-07-31T18:00:00+08:00,2026-08-01T08:00:00+08:00
370300,2026-07-31,novelty,57.6,2026-08-01T08:00:00+08:00,https://example.gov.cn/panel/370300,2026-07-31T18:00:00+08:00,2026-08-01T08:00:00+08:00
370300,2026-07-31,cross_region_spread,53.8,2026-08-01T08:00:00+08:00,https://example.gov.cn/panel/370300,2026-07-31T18:00:00+08:00,2026-08-01T08:00:00+08:00
370300,2026-07-31,risk_pressure,26,2026-08-01T08:00:00+08:00,https://example.gov.cn/panel/370300,2026-07-31T18:00:00+08:00,2026-08-01T08:00:00+08:00
370300,2026-08-01,content_growth,63.6,2026-08-02T08:00:00+08:00,https://example.gov.cn/panel/370300,2026-08-01T18:00:00+08:00,2026-08-02T08:00:00+08:00
370300,2026-08-01,search_growth,61.1,2026-08-02T08:00:00+08:00,https://example.gov.cn/panel/370300,2026-08-01T18:00:00+08:00,2026-08-02T08:00:00+08:00
370300,2026-08-01,event_trigger,57.2,2026-08-02T08:00:00+08:00,https://example.gov.cn/panel/370300,2026-08-01T18:00:00+08:00,2026-08-02T08:00:00+08:00
370300,2026-08-01,accessibility,47.7,2026-08-02T08:00:00+08:00,https://example.gov.cn/panel/370300,2026-08-01T18:00:00+08:00,2026-08-02T08:00:00+08:00
370300,2026-08-01,supply_capacity,43.2,2026-08-02T08:00:00+08:00,https://example.gov.cn/panel/370300,2026-08-01T18:00:00+08:00,2026-08-02T08:00:00+08:00
370300,2026-08-01,weather_fit,49.6,2026-08-02T08:00:00+08:00,https://example.gov.cn/panel/370300,2026-08-01T18:00:00+08:00,2026-08-02T08:00:00+08:00
370300,2026-08-01,novelty,58.5,2026-08-02T08:00:00+08:00,https://example.gov.cn/panel/370300,2026-08-01T18:00:00+08:00,2026-08-02T08:00:00+08:00
370300,2026-08-01,cross_region_spread,54.7,2026-08-02T08:00:00+08:00,https://example.gov.cn/panel/370300,2026-08-01T18:00:00+08:00,2026-08-02T08:00:00+08:00
370300,2026-08-01,risk_pressure,26,2026-08-02T08:00:00+08:00,https://example.gov.cn/panel/370300,2026-08-01T18:00:00+08:00,2026-08-02T08:00:00+08:00
370300,2026-08-02,content_growth,64.6,2026-08-03T08:00:00+08:00,https://example.gov.cn/panel/370300,2026-08-02T18:00:00+08:00,2026-08-03T08:00:00+08:00
370300,2026-08-02,search_growth,62.0,2026-08-03T08:00:00+08:00,https://example.gov.cn/panel/370300,2026-08-02T18:00:00+08:00,2026-08-03T08:00:00+08:00
370300,2026-08-02,event_trigger,58.2,2026-08-03T08:00:00+08:00,https://example.gov.cn/panel/370300,2026-08-02T18:00:00+08:00,2026-08-03T08:00:00+08:00
370300,2026-08-02,accessibility,48.5,2026-08-03T08:00:00+08:00,https://example.gov.cn/panel/370300,2026-08-02T18:00:00+08:00,2026-08-03T08:00:00+08:00
370300,2026-08-02,supply_capacity,43.9,2026-08-03T08:00:00+08:00,https://example.gov.cn/panel/370300,2026-08-02T18:00:00+08:00,2026-08-03T08:00:00+08:00
370300,2026-08-02,weather_fit,50.4,2026-08-03T08:00:00+08:00,https://example.gov.cn/panel/370300,2026-08-02T18:00:00+08:00,2026-08-03T08:00:00+08:00
370300,2026-08-02,novelty,59.5,2026-08-03T08:00:00+08:00,https://example.gov.cn/panel/370300,2026-08-02T18:00:00+08:00,2026-08-03T08:00:00+08:00
370300,2026-08-02,cross_region_spread,55.6,2026-08-03T08:00:00+08:00,https://example.gov.cn/panel/370300,2026-08-02T18:00:00+08:00,2026-08-03T08:00:00+08:00
370300,2026-08-02,risk_pressure,26,2026-08-03T08:00:00+08:00,https://example.gov.cn/panel/370300,2026-08-02T18:00:00+08:00,2026-08-03T08:00:00+08:00
370300,2026-08-03,content_growth,65.7,2026-08-04T08:00:00+08:00,https://example.gov.cn/panel/370300,2026-08-03T18:00:00+08:00,2026-08-04T08:00:00+08:00
370300,2026-08-03,search_growth,63.0,2026-08-04T08:00:00+08:00,https://example.gov.cn/panel/370300,2026-08-03T18:00:00+08:00,2026-08-04T08:00:00+08:00
370300,2026-08-03,event_trigger,59.1,2026-08-04T08:00:00+08:00,https://example.gov.cn/panel/370300,2026-08-03T18:00:00+08:00,2026-08-04T08:00:00+08:00
370300,2026-08-03,accessibility,49.2,2026-08-04T08:00:00+08:00,https://example.gov.cn/panel/370300,2026-08-03T18:00:00+08:00,2026-08-04T08:00:00+08:00
370300,2026-08-03,supply_capacity,44.6,2026-08-04T08:00:00+08:00,https://example.gov.cn/panel/370300,2026-08-03T18:00:00+08:00,2026-08-04T08:00:00+08:00
370300,2026-08-03,weather_fit,51.2,2026-08-04T08:00:00+08:00,https://example.gov.cn/panel/370300,2026-08-03T18:00:00+08:00,2026-08-04T08:00:00+08:00
370300,2026-08-03,novelty,60.4,2026-08-04T08:00:00+08:00,https://example.gov.cn/panel/370300,2026-08-03T18:00:00+08:00,2026-08-04T08:00:00+08:00
370300,2026-08-03,cross_region_spread,56.5,2026-08-04T08:00:00+08:00,https://example.gov.cn/panel/370300,2026-08-03T18:00:00+08:00,2026-08-04T08:00:00+08:00
370300,2026-08-03,risk_pressure,26,2026-08-04T08:00:00+08:00,https://example.gov.cn/panel/370300,2026-08-03T18:00:00+08:00,2026-08-04T08:00:00+08:00
370300,2026-08-04,content_growth,66.7,2026-08-05T08:00:00+08:00,https://example.gov.cn/panel/370300,2026-08-04T18:00:00+08:00,2026-08-05T08:00:00+08:00
370300,2026-08-04,search_growth,64.0,2026-08-05T08:00:00+08:00,https://example.gov.cn/panel/370300,2026-08-04T18:00:00+08:00,2026-08-05T08:00:00+08:00
370300,2026-08-04,event_trigger,60.0,2026-08-05T08:00:00+08:00,https://example.gov.cn/panel/370300,2026-08-04T18:00:00+08:00,2026-08-05T08:00:00+08:00
370300,2026-08-04,accessibility,50.0,2026-08-05T08:00:00+08:00,https://example.gov.cn/panel/370300,2026-08-04T18:00:00+08:00,2026-08-05T08:00:00+08:00
370300,2026-08-04,supply_capacity,45.3,2026-08-05T08:00:00+08:00,https://example.gov.cn/panel/370300,2026-08-04T18:00:00+08:00,2026-08-05T08:00:00+08:00
370300,2026-08-04,weather_fit,52.0,2026-08-05T08:00:00+08:00,https://example.gov.cn/panel/370300,2026-08-04T18:00:00+08:00,2026-08-05T08:00:00+08:00
370300,2026-08-04,novelty,61.4,2026-08-05T08:00:00+08:00,https://example.gov.cn/panel/370300,2026-08-04T18:00:00+08:00,2026-08-05T08:00:00+08:00
370300,2026-08-04,cross_region_spread,57.4,2026-08-05T08:00:00+08:00,https://example.gov.cn/panel/370300,2026-08-04T18:00:00+08:00,2026-08-05T08:00:00+08:00
370300,2026-08-04,risk_pressure,26,2026-08-05T08:00:00+08:00,https://example.gov.cn/panel/370300,2026-08-04T18:00:00+08:00,2026-08-05T08:00:00+08:00
370300,2026-08-05,content_growth,67.7,2026-08-06T08:00:00+08:00,https://example.gov.cn/panel/370300,2026-08-05T18:00:00+08:00,2026-08-06T08:00:00+08:00
370300,2026-08-05,search_growth,65.0,2026-08-06T08:00:00+08:00,https://example.gov.cn/panel/370300,2026-08-05T18:00:00+08:00,2026-08-06T08:00:00+08:00
370300,2026-08-05,event_trigger,60.9,2026-08-06T08:00:00+08:00,https://example.gov.cn/panel/370300,2026-08-05T18:00:00+08:00,2026-08-06T08:00:00+08:00
370300,2026-08-05,accessibility,50.8,2026-08-06T08:00:00+08:00,https://example.gov.cn/panel/370300,2026-08-05T18:00:00+08:00,2026-08-06T08:00:00+08:00
370300,2026-08-05,supply_capacity,46.0,2026-08-06T08:00:00+08:00,https://example.gov.cn/panel/370300,2026-08-05T18:00:00+08:00,2026-08-06T08:00:00+08:00
370300,2026-08-05,weather_fit,52.8,2026-08-06T08:00:00+08:00,https://example.gov.cn/panel/370300,2026-08-05T18:00:00+08:00,2026-08-06T08:00:00+08:00
370300,2026-08-05,novelty,62.3,2026-08-06T08:00:00+08:00,https://example.gov.cn/panel/370300,2026-08-05T18:00:00+08:00,2026-08-06T08:00:00+08:00
370300,2026-08-05,cross_region_spread,58.2,2026-08-06T08:00:00+08:00,https://example.gov.cn/panel/370300,2026-08-05T18:00:00+08:00,2026-08-06T08:00:00+08:00
370300,2026-08-05,risk_pressure,26,2026-08-06T08:00:00+08:00,https://example.gov.cn/panel/370300,2026-08-05T18:00:00+08:00,2026-08-06T08:00:00+08:00
370300,2026-08-06,content_growth,68.8,2026-08-07T08:00:00+08:00,https://example.gov.cn/panel/370300,2026-08-06T18:00:00+08:00,2026-08-07T08:00:00+08:00
370300,2026-08-06,search_growth,66.0,2026-08-07T08:00:00+08:00,https://example.gov.cn/panel/370300,2026-08-06T18:00:00+08:00,2026-08-07T08:00:00+08:00
370300,2026-08-06,event_trigger,61.9,2026-08-07T08:00:00+08:00,https://example.gov.cn/panel/370300,2026-08-06T18:00:00+08:00,2026-08-07T08:00:00+08:00
370300,2026-08-06,accessibility,51.6,2026-08-07T08:00:00+08:00,https://example.gov.cn/panel/370300,2026-08-06T18:00:00+08:00,2026-08-07T08:00:00+08:00
370300,2026-08-06,supply_capacity,46.8,2026-08-07T08:00:00+08:00,https://example.gov.cn/panel/370300,2026-08-06T18:00:00+08:00,2026-08-07T08:00:00+08:00
370300,2026-08-06,weather_fit,53.6,2026-08-07T08:00:00+08:00,https://example.gov.cn/panel/370300,2026-08-06T18:00:00+08:00,2026-08-07T08:00:00+08:00
370300,2026-08-06,novelty,63.2,2026-08-07T08:00:00+08:00,https://example.gov.cn/panel/370300,2026-08-06T18:00:00+08:00,2026-08-07T08:00:00+08:00
370300,2026-08-06,cross_region_spread,59.1,2026-08-07T08:00:00+08:00,https://example.gov.cn/panel/370300,2026-08-06T18:00:00+08:00,2026-08-07T08:00:00+08:00
370300,2026-08-06,risk_pressure,26,2026-08-07T08:00:00+08:00,https://example.gov.cn/panel/370300,2026-08-06T18:00:00+08:00,2026-08-07T08:00:00+08:00
370300,2026-08-07,content_growth,69.8,2026-08-08T08:00:00+08:00,https://example.gov.cn/panel/370300,2026-08-07T18:00:00+08:00,2026-08-08T08:00:00+08:00
370300,2026-08-07,search_growth,67.0,2026-08-08T08:00:00+08:00,https://example.gov.cn/panel/370300,2026-08-07T18:00:00+08:00,2026-08-08T08:00:00+08:00
370300,2026-08-07,event_trigger,62.8,2026-08-08T08:00:00+08:00,https://example.gov.cn/panel/370300,2026-08-07T18:00:00+08:00,2026-08-08T08:00:00+08:00
370300,2026-08-07,accessibility,52.3,2026-08-08T08:00:00+08:00,https://example.gov.cn/panel/370300,2026-08-07T18:00:00+08:00,2026-08-08T08:00:00+08:00
370300,2026-08-07,supply_capacity,47.5,2026-08-08T08:00:00+08:00,https://example.gov.cn/panel/370300,2026-08-07T18:00:00+08:00,2026-08-08T08:00:00+08:00
370300,2026-08-07,weather_fit,54.4,2026-08-08T08:00:00+08:00,https://example.gov.cn/panel/370300,2026-08-07T18:00:00+08:00,2026-08-08T08:00:00+08:00
370300,2026-08-07,novelty,64.2,2026-08-08T08:00:00+08:00,https://example.gov.cn/panel/370300,2026-08-07T18:00:00+08:00,2026-08-08T08:00:00+08:00
370300,2026-08-07,cross_region_spread,60.0,2026-08-08T08:00:00+08:00,https://example.gov.cn/panel/370300,2026-08-07T18:00:00+08:00,2026-08-08T08:00:00+08:00
370300,2026-08-07,risk_pressure,26,2026-08-08T08:00:00+08:00,https://example.gov.cn/panel/370300,2026-08-07T18:00:00+08:00,2026-08-08T08:00:00+08:00
370300,2026-08-08,content_growth,70.8,2026-08-09T08:00:00+08:00,https://example.gov.cn/panel/370300,2026-08-08T18:00:00+08:00,2026-08-09T08:00:00+08:00
370300,2026-08-08,search_growth,68.0,2026-08-09T08:00:00+08:00,https://example.gov.cn/panel/370300,2026-08-08T18:00:00+08:00,2026-08-09T08:00:00+08:00
370300,2026-08-08,event_trigger,63.7,2026-08-09T08:00:00+08:00,https://example.gov.cn/panel/370300,2026-08-08T18:00:00+08:00,2026-08-09T08:00:00+08:00
370300,2026-08-08,accessibility,53.1,2026-08-09T08:00:00+08:00,https://example.gov.cn/panel/370300,2026-08-08T18:00:00+08:00,2026-08-09T08:00:00+08:00
370300,2026-08-08,supply_capacity,48.2,2026-08-09T08:00:00+08:00,https://example.gov.cn/panel/370300,2026-08-08T18:00:00+08:00,2026-08-09T08:00:00+08:00
370300,2026-08-08,weather_fit,55.2,2026-08-09T08:00:00+08:00,https://example.gov.cn/panel/370300,2026-08-08T18:00:00+08:00,2026-08-09T08:00:00+08:00
370300,2026-08-08,novelty,65.1,2026-08-09T08:00:00+08:00,https://example.gov.cn/panel/370300,2026-08-08T18:00:00+08:00,2026-08-09T08:00:00+08:00
370300,2026-08-08,cross_region_spread,60.9,2026-08-09T08:00:00+08:00,https://example.gov.cn/panel/370300,2026-08-08T18:00:00+08:00,2026-08-09T08:00:00+08:00
370300,2026-08-08,risk_pressure,26,2026-08-09T08:00:00+08:00,https://example.gov.cn/panel/370300,2026-08-08T18:00:00+08:00,2026-08-09T08:00:00+08:00
370300,2026-08-09,content_growth,71.8,2026-08-10T08:00:00+08:00,https://example.gov.cn/panel/370300,2026-08-09T18:00:00+08:00,2026-08-10T08:00:00+08:00
370300,2026-08-09,search_growth,69.0,2026-08-10T08:00:00+08:00,https://example.gov.cn/panel/370300,2026-08-09T18:00:00+08:00,2026-08-10T08:00:00+08:00
370300,2026-08-09,event_trigger,64.7,2026-08-10T08:00:00+08:00,https://example.gov.cn/panel/370300,2026-08-09T18:00:00+08:00,2026-08-10T08:00:00+08:00
370300,2026-08-09,accessibility,53.9,2026-08-10T08:00:00+08:00,https://example.gov.cn/panel/370300,2026-08-09T18:00:00+08:00,2026-08-10T08:00:00+08:00
370300,2026-08-09,supply_capacity,48.9,2026-08-10T08:00:00+08:00,https://example.gov.cn/panel/370300,2026-08-09T18:00:00+08:00,2026-08-10T08:00:00+08:00
370300,2026-08-09,weather_fit,56.0,2026-08-10T08:00:00+08:00,https://example.gov.cn/panel/370300,2026-08-09T18:00:00+08:00,2026-08-10T08:00:00+08:00
370300,2026-08-09,novelty,66.1,2026-08-10T08:00:00+08:00,https://example.gov.cn/panel/370300,2026-08-09T18:00:00+08:00,2026-08-10T08:00:00+08:00
370300,2026-08-09,cross_region_spread,61.8,2026-08-10T08:00:00+08:00,https://example.gov.cn/panel/370300,2026-08-09T18:00:00+08:00,2026-08-10T08:00:00+08:00
370300,2026-08-09,risk_pressure,26,2026-08-10T08:00:00+08:00,https://example.gov.cn/panel/370300,2026-08-09T18:00:00+08:00,2026-08-10T08:00:00+08:00
370300,2026-08-10,content_growth,72.9,2026-08-11T08:00:00+08:00,https://example.gov.cn/panel/370300,2026-08-10T18:00:00+08:00,2026-08-11T08:00:00+08:00
370300,2026-08-10,search_growth,70.0,2026-08-11T08:00:00+08:00,https://example.gov.cn/panel/370300,2026-08-10T18:00:00+08:00,2026-08-11T08:00:00+08:00
370300,2026-08-10,event_trigger,65.6,2026-08-11T08:00:00+08:00,https://example.gov.cn/panel/370300,2026-08-10T18:00:00+08:00,2026-08-11T08:00:00+08:00
370300,2026-08-10,accessibility,54.7,2026-08-11T08:00:00+08:00,https://example.gov.cn/panel/370300,2026-08-10T18:00:00+08:00,2026-08-11T08:00:00+08:00
370300,2026-08-10,supply_capacity,49.6,2026-08-11T08:00:00+08:00,https://example.gov.cn/panel/370300,2026-08-10T18:00:00+08:00,2026-08-11T08:00:00+08:00
370300,2026-08-10,weather_fit,56.8,2026-08-11T08:00:00+08:00,https://example.gov.cn/panel/370300,2026-08-10T18:00:00+08:00,2026-08-11T08:00:00+08:00
370300,2026-08-10,novelty,67.0,2026-08-11T08:00:00+08:00,https://example.gov.cn/panel/370300,2026-08-10T18:00:00+08:00,2026-08-11T08:00:00+08:00
370300,2026-08-10,cross_region_spread,62.7,2026-08-11T08:00:00+08:00,https://example.gov.cn/panel/370300,2026-08-10T18:00:00+08:00,2026-08-11T08:00:00+08:00
370300,2026-08-10,risk_pressure,26,2026-08-11T08:00:00+08:00,https://example.gov.cn/panel/370300,2026-08-10T18:00:00+08:00,2026-08-11T08:00:00+08:00
370300,2026-08-11,content_growth,73.9,2026-08-12T08:00:00+08:00,https://example.gov.cn/panel/370300,2026-08-11T18:00:00+08:00,2026-08-12T08:00:00+08:00
370300,2026-08-11,search_growth,70.9,2026-08-12T08:00:00+08:00,https://example.gov.cn/panel/370300,2026-08-11T18:00:00+08:00,2026-08-12T08:00:00+08:00
370300,2026-08-11,event_trigger,66.5,2026-08-12T08:00:00+08:00,https://example.gov.cn/panel/370300,2026-08-11T18:00:00+08:00,2026-08-12T08:00:00+08:00
370300,2026-08-11,accessibility,55.4,2026-08-12T08:00:00+08:00,https://example.gov.cn/panel/370300,2026-08-11T18:00:00+08:00,2026-08-12T08:00:00+08:00
370300,2026-08-11,supply_capacity,50.3,2026-08-12T08:00:00+08:00,https://example.gov.cn/panel/370300,2026-08-11T18:00:00+08:00,2026-08-12T08:00:00+08:00
370300,2026-08-11,weather_fit,57.6,2026-08-12T08:00:00+08:00,https://example.gov.cn/panel/370300,2026-08-11T18:00:00+08:00,2026-08-12T08:00:00+08:00
370300,2026-08-11,novelty,68.0,2026-08-12T08:00:00+08:00,https://example.gov.cn/panel/370300,2026-08-11T18:00:00+08:00,2026-08-12T08:00:00+08:00
370300,2026-08-11,cross_region_spread,63.6,2026-08-12T08:00:00+08:00,https://example.gov.cn/panel/370300,2026-08-11T18:00:00+08:00,2026-08-12T08:00:00+08:00
370300,2026-08-11,risk_pressure,26,2026-08-12T08:00:00+08:00,https://example.gov.cn/panel/370300,2026-08-11T18:00:00+08:00,2026-08-12T08:00:00+08:00
370300,2026-08-12,content_growth,74.9,2026-08-13T08:00:00+08:00,https://example.gov.cn/panel/370300,2026-08-12T18:00:00+08:00,2026-08-13T08:00:00+08:00
370300,2026-08-12,search_growth,71.9,2026-08-13T08:00:00+08:00,https://example.gov.cn/panel/370300,2026-08-12T18:00:00+08:00,2026-08-13T08:00:00+08:00
370300,2026-08-12,event_trigger,67.4,2026-08-13T08:00:00+08:00,https://example.gov.cn/panel/370300,2026-08-12T18:00:00+08:00,2026-08-13T08:00:00+08:00
370300,2026-08-12,accessibility,56.2,2026-08-13T08:00:00+08:00,https://example.gov.cn/panel/370300,2026-08-12T18:00:00+08:00,2026-08-13T08:00:00+08:00
370300,2026-08-12,supply_capacity,51.0,2026-08-13T08:00:00+08:00,https://example.gov.cn/panel/370300,2026-08-12T18:00:00+08:00,2026-08-13T08:00:00+08:00
370300,2026-08-12,weather_fit,58.4,2026-08-13T08:00:00+08:00,https://example.gov.cn/panel/370300,2026-08-12T18:00:00+08:00,2026-08-13T08:00:00+08:00
370300,2026-08-12,novelty,68.9,2026-08-13T08:00:00+08:00,https://example.gov.cn/panel/370300,2026-08-12T18:00:00+08:00,2026-08-13T08:00:00+08:00
370300,2026-08-12,cross_region_spread,64.4,2026-08-13T08:00:00+08:00,https://example.gov.cn/panel/370300,2026-08-12T18:00:00+08:00,2026-08-13T08:00:00+08:00
370300,2026-08-12,risk_pressure,26,2026-08-13T08:00:00+08:00,https://example.gov.cn/panel/370300,2026-08-12T18:00:00+08:00,2026-08-13T08:00:00+08:00
370300,2026-08-13,content_growth,74.9,2026-08-14T08:00:00+08:00,https://example.gov.cn/panel/370300,2026-08-13T18:00:00+08:00,2026-08-14T08:00:00+08:00
370300,2026-08-13,search_growth,71.9,2026-08-14T08:00:00+08:00,https://example.gov.cn/panel/370300,2026-08-13T18:00:00+08:00,2026-08-14T08:00:00+08:00
370300,2026-08-13,event_trigger,67.4,2026-08-14T08:00:00+08:00,https://example.gov.cn/panel/370300,2026-08-13T18:00:00+08:00,2026-08-14T08:00:00+08:00
370300,2026-08-13,accessibility,56.2,2026-08-14T08:00:00+08:00,https://example.gov.cn/panel/370300,2026-08-13T18:00:00+08:00,2026-08-14T08:00:00+08:00
370300,2026-08-13,supply_capacity,51.0,2026-08-14T08:00:00+08:00,https://example.gov.cn/panel/370300,2026-08-13T18:00:00+08:00,2026-08-14T08:00:00+08:00
370300,2026-08-13,weather_fit,58.4,2026-08-14T08:00:00+08:00,https://example.gov.cn/panel/370300,2026-08-13T18:00:00+08:00,2026-08-14T08:00:00+08:00
370300,2026-08-13,novelty,68.9,2026-08-14T08:00:00+08:00,https://example.gov.cn/panel/370300,2026-08-13T18:00:00+08:00,2026-08-14T08:00:00+08:00
370300,2026-08-13,cross_region_spread,64.4,2026-08-14T08:00:00+08:00,https://example.gov.cn/panel/370300,2026-08-13T18:00:00+08:00,2026-08-14T08:00:00+08:00
370300,2026-08-13,risk_pressure,26,2026-08-14T08:00:00+08:00,https://example.gov.cn/panel/370300,2026-08-13T18:00:00+08:00,2026-08-14T08:00:00+08:00
370300,2026-08-14,content_growth,74.9,2026-08-15T08:00:00+08:00,https://example.gov.cn/panel/370300,2026-08-14T18:00:00+08:00,2026-08-15T08:00:00+08:00
370300,2026-08-14,search_growth,71.9,2026-08-15T08:00:00+08:00,https://example.gov.cn/panel/370300,2026-08-14T18:00:00+08:00,2026-08-15T08:00:00+08:00
370300,2026-08-14,event_trigger,67.4,2026-08-15T08:00:00+08:00,https://example.gov.cn/panel/370300,2026-08-14T18:00:00+08:00,2026-08-15T08:00:00+08:00
370300,2026-08-14,accessibility,56.2,2026-08-15T08:00:00+08:00,https://example.gov.cn/panel/370300,2026-08-14T18:00:00+08:00,2026-08-15T08:00:00+08:00
370300,2026-08-14,supply_capacity,51.0,2026-08-15T08:00:00+08:00,https://example.gov.cn/panel/370300,2026-08-14T18:00:00+08:00,2026-08-15T08:00:00+08:00
370300,2026-08-14,weather_fit,58.4,2026-08-15T08:00:00+08:00,https://example.gov.cn/panel/370300,2026-08-14T18:00:00+08:00,2026-08-15T08:00:00+08:00
370300,2026-08-14,novelty,68.9,2026-08-15T08:00:00+08:00,https://example.gov.cn/panel/370300,2026-08-14T18:00:00+08:00,2026-08-15T08:00:00+08:00
370300,2026-08-14,cross_region_spread,64.4,2026-08-15T08:00:00+08:00,https://example.gov.cn/panel/370300,2026-08-14T18:00:00+08:00,2026-08-15T08:00:00+08:00
370300,2026-08-14,risk_pressure,26,2026-08-15T08:00:00+08:00,https://example.gov.cn/panel/370300,2026-08-14T18:00:00+08:00,2026-08-15T08:00:00+08:00
620500,2026-07-03,content_growth,31.9,2026-07-04T08:00:00+08:00,https://example.gov.cn/panel/620500,2026-07-03T18:00:00+08:00,2026-07-04T08:00:00+08:00
620500,2026-07-03,search_growth,30.7,2026-07-04T08:00:00+08:00,https://example.gov.cn/panel/620500,2026-07-03T18:00:00+08:00,2026-07-04T08:00:00+08:00
620500,2026-07-03,event_trigger,28.7,2026-07-04T08:00:00+08:00,https://example.gov.cn/panel/620500,2026-07-03T18:00:00+08:00,2026-07-04T08:00:00+08:00
620500,2026-07-03,accessibility,23.9,2026-07-04T08:00:00+08:00,https://example.gov.cn/panel/620500,2026-07-03T18:00:00+08:00,2026-07-04T08:00:00+08:00
620500,2026-07-03,supply_capacity,21.7,2026-07-04T08:00:00+08:00,https://example.gov.cn/panel/620500,2026-07-03T18:00:00+08:00,2026-07-04T08:00:00+08:00
620500,2026-07-03,weather_fit,24.9,2026-07-04T08:00:00+08:00,https://example.gov.cn/panel/620500,2026-07-03T18:00:00+08:00,2026-07-04T08:00:00+08:00
620500,2026-07-03,novelty,29.4,2026-07-04T08:00:00+08:00,https://example.gov.cn/panel/620500,2026-07-03T18:00:00+08:00,2026-07-04T08:00:00+08:00
620500,2026-07-03,cross_region_spread,27.5,2026-07-04T08:00:00+08:00,https://example.gov.cn/panel/620500,2026-07-03T18:00:00+08:00,2026-07-04T08:00:00+08:00
620500,2026-07-03,risk_pressure,26,2026-07-04T08:00:00+08:00,https://example.gov.cn/panel/620500,2026-07-03T18:00:00+08:00,2026-07-04T08:00:00+08:00
620500,2026-07-04,content_growth,32.9,2026-07-05T08:00:00+08:00,https://example.gov.cn/panel/620500,2026-07-04T18:00:00+08:00,2026-07-05T08:00:00+08:00
620500,2026-07-04,search_growth,31.6,2026-07-05T08:00:00+08:00,https://example.gov.cn/panel/620500,2026-07-04T18:00:00+08:00,2026-07-05T08:00:00+08:00
620500,2026-07-04,event_trigger,29.6,2026-07-05T08:00:00+08:00,https://example.gov.cn/panel/620500,2026-07-04T18:00:00+08:00,2026-07-05T08:00:00+08:00
620500,2026-07-04,accessibility,24.7,2026-07-05T08:00:00+08:00,https://example.gov.cn/panel/620500,2026-07-04T18:00:00+08:00,2026-07-05T08:00:00+08:00
620500,2026-07-04,supply_capacity,22.4,2026-07-05T08:00:00+08:00,https://example.gov.cn/panel/620500,2026-07-04T18:00:00+08:00,2026-07-05T08:00:00+08:00
620500,2026-07-04,weather_fit,25.7,2026-07-05T08:00:00+08:00,https://example.gov.cn/panel/620500,2026-07-04T18:00:00+08:00,2026-07-05T08:00:00+08:00
620500,2026-07-04,novelty,30.3,2026-07-05T08:00:00+08:00,https://example.gov.cn/panel/620500,2026-07-04T18:00:00+08:00,2026-07-05T08:00:00+08:00
620500,2026-07-04,cross_region_spread,28.3,2026-07-05T08:00:00+08:00,https://example.gov.cn/panel/620500,2026-07-04T18:00:00+08:00,2026-07-05T08:00:00+08:00
620500,2026-07-04,risk_pressure,26,2026-07-05T08:00:00+08:00,https://example.gov.cn/panel/620500,2026-07-04T18:00:00+08:00,2026-07-05T08:00:00+08:00
620500,2026-07-05,content_growth,33.9,2026-07-06T08:00:00+08:00,https://example.gov.cn/panel/620500,2026-07-05T18:00:00+08:00,2026-07-06T08:00:00+08:00
620500,2026-07-05,search_growth,32.5,2026-07-06T08:00:00+08:00,https://example.gov.cn/panel/620500,2026-07-05T18:00:00+08:00,2026-07-06T08:00:00+08:00
620500,2026-07-05,event_trigger,30.5,2026-07-06T08:00:00+08:00,https://example.gov.cn/panel/620500,2026-07-05T18:00:00+08:00,2026-07-06T08:00:00+08:00
620500,2026-07-05,accessibility,25.4,2026-07-06T08:00:00+08:00,https://example.gov.cn/panel/620500,2026-07-05T18:00:00+08:00,2026-07-06T08:00:00+08:00
620500,2026-07-05,supply_capacity,23.0,2026-07-06T08:00:00+08:00,https://example.gov.cn/panel/620500,2026-07-05T18:00:00+08:00,2026-07-06T08:00:00+08:00
620500,2026-07-05,weather_fit,26.4,2026-07-06T08:00:00+08:00,https://example.gov.cn/panel/620500,2026-07-05T18:00:00+08:00,2026-07-06T08:00:00+08:00
620500,2026-07-05,novelty,31.2,2026-07-06T08:00:00+08:00,https://example.gov.cn/panel/620500,2026-07-05T18:00:00+08:00,2026-07-06T08:00:00+08:00
620500,2026-07-05,cross_region_spread,29.1,2026-07-06T08:00:00+08:00,https://example.gov.cn/panel/620500,2026-07-05T18:00:00+08:00,2026-07-06T08:00:00+08:00
620500,2026-07-05,risk_pressure,26,2026-07-06T08:00:00+08:00,https://example.gov.cn/panel/620500,2026-07-05T18:00:00+08:00,2026-07-06T08:00:00+08:00
620500,2026-07-06,content_growth,34.9,2026-07-07T08:00:00+08:00,https://example.gov.cn/panel/620500,2026-07-06T18:00:00+08:00,2026-07-07T08:00:00+08:00
620500,2026-07-06,search_growth,33.5,2026-07-07T08:00:00+08:00,https://example.gov.cn/panel/620500,2026-07-06T18:00:00+08:00,2026-07-07T08:00:00+08:00
620500,2026-07-06,event_trigger,31.4,2026-07-07T08:00:00+08:00,https://example.gov.cn/panel/620500,2026-07-06T18:00:00+08:00,2026-07-07T08:00:00+08:00
620500,2026-07-06,accessibility,26.1,2026-07-07T08:00:00+08:00,https://example.gov.cn/panel/620500,2026-07-06T18:00:00+08:00,2026-07-07T08:00:00+08:00
620500,2026-07-06,supply_capacity,23.7,2026-07-07T08:00:00+08:00,https://example.gov.cn/panel/620500,2026-07-06T18:00:00+08:00,2026-07-07T08:00:00+08:00
620500,2026-07-06,weather_fit,27.2,2026-07-07T08:00:00+08:00,https://example.gov.cn/panel/620500,2026-07-06T18:00:00+08:00,2026-07-07T08:00:00+08:00
620500,2026-07-06,novelty,32.1,2026-07-07T08:00:00+08:00,https://example.gov.cn/panel/620500,2026-07-06T18:00:00+08:00,2026-07-07T08:00:00+08:00
620500,2026-07-06,cross_region_spread,30.0,2026-07-07T08:00:00+08:00,https://example.gov.cn/panel/620500,2026-07-06T18:00:00+08:00,2026-07-07T08:00:00+08:00
620500,2026-07-06,risk_pressure,26,2026-07-07T08:00:00+08:00,https://example.gov.cn/panel/620500,2026-07-06T18:00:00+08:00,2026-07-07T08:00:00+08:00
620500,2026-07-07,content_growth,35.8,2026-07-08T08:00:00+08:00,https://example.gov.cn/panel/620500,2026-07-07T18:00:00+08:00,2026-07-08T08:00:00+08:00
620500,2026-07-07,search_growth,34.4,2026-07-08T08:00:00+08:00,https://example.gov.cn/panel/620500,2026-07-07T18:00:00+08:00,2026-07-08T08:00:00+08:00
620500,2026-07-07,event_trigger,32.3,2026-07-08T08:00:00+08:00,https://example.gov.cn/panel/620500,2026-07-07T18:00:00+08:00,2026-07-08T08:00:00+08:00
620500,2026-07-07,accessibility,26.9,2026-07-08T08:00:00+08:00,https://example.gov.cn/panel/620500,2026-07-07T18:00:00+08:00,2026-07-08T08:00:00+08:00
620500,2026-07-07,supply_capacity,24.4,2026-07-08T08:00:00+08:00,https://example.gov.cn/panel/620500,2026-07-07T18:00:00+08:00,2026-07-08T08:00:00+08:00
620500,2026-07-07,weather_fit,28.0,2026-07-08T08:00:00+08:00,https://example.gov.cn/panel/620500,2026-07-07T18:00:00+08:00,2026-07-08T08:00:00+08:00
620500,2026-07-07,novelty,33.0,2026-07-08T08:00:00+08:00,https://example.gov.cn/panel/620500,2026-07-07T18:00:00+08:00,2026-07-08T08:00:00+08:00
620500,2026-07-07,cross_region_spread,30.8,2026-07-08T08:00:00+08:00,https://example.gov.cn/panel/620500,2026-07-07T18:00:00+08:00,2026-07-08T08:00:00+08:00
620500,2026-07-07,risk_pressure,26,2026-07-08T08:00:00+08:00,https://example.gov.cn/panel/620500,2026-07-07T18:00:00+08:00,2026-07-08T08:00:00+08:00
620500,2026-07-08,content_growth,36.8,2026-07-09T08:00:00+08:00,https://example.gov.cn/panel/620500,2026-07-08T18:00:00+08:00,2026-07-09T08:00:00+08:00
620500,2026-07-08,search_growth,35.3,2026-07-09T08:00:00+08:00,https://example.gov.cn/panel/620500,2026-07-08T18:00:00+08:00,2026-07-09T08:00:00+08:00
620500,2026-07-08,event_trigger,33.1,2026-07-09T08:00:00+08:00,https://example.gov.cn/panel/620500,2026-07-08T18:00:00+08:00,2026-07-09T08:00:00+08:00
620500,2026-07-08,accessibility,27.6,2026-07-09T08:00:00+08:00,https://example.gov.cn/panel/620500,2026-07-08T18:00:00+08:00,2026-07-09T08:00:00+08:00
620500,2026-07-08,supply_capacity,25.0,2026-07-09T08:00:00+08:00,https://example.gov.cn/panel/620500,2026-07-08T18:00:00+08:00,2026-07-09T08:00:00+08:00
620500,2026-07-08,weather_fit,28.7,2026-07-09T08:00:00+08:00,https://example.gov.cn/panel/620500,2026-07-08T18:00:00+08:00,2026-07-09T08:00:00+08:00
620500,2026-07-08,novelty,33.9,2026-07-09T08:00:00+08:00,https://example.gov.cn/panel/620500,2026-07-08T18:00:00+08:00,2026-07-09T08:00:00+08:00
620500,2026-07-08,cross_region_spread,31.7,2026-07-09T08:00:00+08:00,https://example.gov.cn/panel/620500,2026-07-08T18:00:00+08:00,2026-07-09T08:00:00+08:00
620500,2026-07-08,risk_pressure,26,2026-07-09T08:00:00+08:00,https://example.gov.cn/panel/620500,2026-07-08T18:00:00+08:00,2026-07-09T08:00:00+08:00
620500,2026-07-09,content_growth,37.8,2026-07-10T08:00:00+08:00,https://example.gov.cn/panel/620500,2026-07-09T18:00:00+08:00,2026-07-10T08:00:00+08:00
620500,2026-07-09,search_growth,36.3,2026-07-10T08:00:00+08:00,https://example.gov.cn/panel/620500,2026-07-09T18:00:00+08:00,2026-07-10T08:00:00+08:00
620500,2026-07-09,event_trigger,34.0,2026-07-10T08:00:00+08:00,https://example.gov.cn/panel/620500,2026-07-09T18:00:00+08:00,2026-07-10T08:00:00+08:00
620500,2026-07-09,accessibility,28.3,2026-07-10T08:00:00+08:00,https://example.gov.cn/panel/620500,2026-07-09T18:00:00+08:00,2026-07-10T08:00:00+08:00
620500,2026-07-09,supply_capacity,25.7,2026-07-10T08:00:00+08:00,https://example.gov.cn/panel/620500,2026-07-09T18:00:00+08:00,2026-07-10T08:00:00+08:00
620500,2026-07-09,weather_fit,29.5,2026-07-10T08:00:00+08:00,https://example.gov.cn/panel/620500,2026-07-09T18:00:00+08:00,2026-07-10T08:00:00+08:00
620500,2026-07-09,novelty,34.8,2026-07-10T08:00:00+08:00,https://example.gov.cn/panel/620500,2026-07-09T18:00:00+08:00,2026-07-10T08:00:00+08:00
620500,2026-07-09,cross_region_spread,32.5,2026-07-10T08:00:00+08:00,https://example.gov.cn/panel/620500,2026-07-09T18:00:00+08:00,2026-07-10T08:00:00+08:00
620500,2026-07-09,risk_pressure,26,2026-07-10T08:00:00+08:00,https://example.gov.cn/panel/620500,2026-07-09T18:00:00+08:00,2026-07-10T08:00:00+08:00
620500,2026-07-10,content_growth,38.8,2026-07-11T08:00:00+08:00,https://example.gov.cn/panel/620500,2026-07-10T18:00:00+08:00,2026-07-11T08:00:00+08:00
620500,2026-07-10,search_growth,37.2,2026-07-11T08:00:00+08:00,https://example.gov.cn/panel/620500,2026-07-10T18:00:00+08:00,2026-07-11T08:00:00+08:00
620500,2026-07-10,event_trigger,34.9,2026-07-11T08:00:00+08:00,https://example.gov.cn/panel/620500,2026-07-10T18:00:00+08:00,2026-07-11T08:00:00+08:00
620500,2026-07-10,accessibility,29.1,2026-07-11T08:00:00+08:00,https://example.gov.cn/panel/620500,2026-07-10T18:00:00+08:00,2026-07-11T08:00:00+08:00
620500,2026-07-10,supply_capacity,26.4,2026-07-11T08:00:00+08:00,https://example.gov.cn/panel/620500,2026-07-10T18:00:00+08:00,2026-07-11T08:00:00+08:00
620500,2026-07-10,weather_fit,30.2,2026-07-11T08:00:00+08:00,https://example.gov.cn/panel/620500,2026-07-10T18:00:00+08:00,2026-07-11T08:00:00+08:00
620500,2026-07-10,novelty,35.7,2026-07-11T08:00:00+08:00,https://example.gov.cn/panel/620500,2026-07-10T18:00:00+08:00,2026-07-11T08:00:00+08:00
620500,2026-07-10,cross_region_spread,33.3,2026-07-11T08:00:00+08:00,https://example.gov.cn/panel/620500,2026-07-10T18:00:00+08:00,2026-07-11T08:00:00+08:00
620500,2026-07-10,risk_pressure,26,2026-07-11T08:00:00+08:00,https://example.gov.cn/panel/620500,2026-07-10T18:00:00+08:00,2026-07-11T08:00:00+08:00
620500,2026-07-11,content_growth,39.7,2026-07-12T08:00:00+08:00,https://example.gov.cn/panel/620500,2026-07-11T18:00:00+08:00,2026-07-12T08:00:00+08:00
620500,2026-07-11,search_growth,38.1,2026-07-12T08:00:00+08:00,https://example.gov.cn/panel/620500,2026-07-11T18:00:00+08:00,2026-07-12T08:00:00+08:00
620500,2026-07-11,event_trigger,35.8,2026-07-12T08:00:00+08:00,https://example.gov.cn/panel/620500,2026-07-11T18:00:00+08:00,2026-07-12T08:00:00+08:00
620500,2026-07-11,accessibility,29.8,2026-07-12T08:00:00+08:00,https://example.gov.cn/panel/620500,2026-07-11T18:00:00+08:00,2026-07-12T08:00:00+08:00
620500,2026-07-11,supply_capacity,27.0,2026-07-12T08:00:00+08:00,https://example.gov.cn/panel/620500,2026-07-11T18:00:00+08:00,2026-07-12T08:00:00+08:00
620500,2026-07-11,weather_fit,31.0,2026-07-12T08:00:00+08:00,https://example.gov.cn/panel/620500,2026-07-11T18:00:00+08:00,2026-07-12T08:00:00+08:00
620500,2026-07-11,novelty,36.6,2026-07-12T08:00:00+08:00,https://example.gov.cn/panel/620500,2026-07-11T18:00:00+08:00,2026-07-12T08:00:00+08:00
620500,2026-07-11,cross_region_spread,34.2,2026-07-12T08:00:00+08:00,https://example.gov.cn/panel/620500,2026-07-11T18:00:00+08:00,2026-07-12T08:00:00+08:00
620500,2026-07-11,risk_pressure,26,2026-07-12T08:00:00+08:00,https://example.gov.cn/panel/620500,2026-07-11T18:00:00+08:00,2026-07-12T08:00:00+08:00
620500,2026-07-12,content_growth,40.7,2026-07-13T08:00:00+08:00,https://example.gov.cn/panel/620500,2026-07-12T18:00:00+08:00,2026-07-13T08:00:00+08:00
620500,2026-07-12,search_growth,39.1,2026-07-13T08:00:00+08:00,https://example.gov.cn/panel/620500,2026-07-12T18:00:00+08:00,2026-07-13T08:00:00+08:00
620500,2026-07-12,event_trigger,36.6,2026-07-13T08:00:00+08:00,https://example.gov.cn/panel/620500,2026-07-12T18:00:00+08:00,2026-07-13T08:00:00+08:00
620500,2026-07-12,accessibility,30.5,2026-07-13T08:00:00+08:00,https://example.gov.cn/panel/620500,2026-07-12T18:00:00+08:00,2026-07-13T08:00:00+08:00
620500,2026-07-12,supply_capacity,27.7,2026-07-13T08:00:00+08:00,https://example.gov.cn/panel/620500,2026-07-12T18:00:00+08:00,2026-07-13T08:00:00+08:00
620500,2026-07-12,weather_fit,31.8,2026-07-13T08:00:00+08:00,https://example.gov.cn/panel/620500,2026-07-12T18:00:00+08:00,2026-07-13T08:00:00+08:00
620500,2026-07-12,novelty,37.5,2026-07-13T08:00:00+08:00,https://example.gov.cn/panel/620500,2026-07-12T18:00:00+08:00,2026-07-13T08:00:00+08:00
620500,2026-07-12,cross_region_spread,35.0,2026-07-13T08:00:00+08:00,https://example.gov.cn/panel/620500,2026-07-12T18:00:00+08:00,2026-07-13T08:00:00+08:00
620500,2026-07-12,risk_pressure,26,2026-07-13T08:00:00+08:00,https://example.gov.cn/panel/620500,2026-07-12T18:00:00+08:00,2026-07-13T08:00:00+08:00
620500,2026-07-13,content_growth,41.7,2026-07-14T08:00:00+08:00,https://example.gov.cn/panel/620500,2026-07-13T18:00:00+08:00,2026-07-14T08:00:00+08:00
620500,2026-07-13,search_growth,40.0,2026-07-14T08:00:00+08:00,https://example.gov.cn/panel/620500,2026-07-13T18:00:00+08:00,2026-07-14T08:00:00+08:00
620500,2026-07-13,event_trigger,37.5,2026-07-14T08:00:00+08:00,https://example.gov.cn/panel/620500,2026-07-13T18:00:00+08:00,2026-07-14T08:00:00+08:00
620500,2026-07-13,accessibility,31.3,2026-07-14T08:00:00+08:00,https://example.gov.cn/panel/620500,2026-07-13T18:00:00+08:00,2026-07-14T08:00:00+08:00
620500,2026-07-13,supply_capacity,28.3,2026-07-14T08:00:00+08:00,https://example.gov.cn/panel/620500,2026-07-13T18:00:00+08:00,2026-07-14T08:00:00+08:00
620500,2026-07-13,weather_fit,32.5,2026-07-14T08:00:00+08:00,https://example.gov.cn/panel/620500,2026-07-13T18:00:00+08:00,2026-07-14T08:00:00+08:00
620500,2026-07-13,novelty,38.4,2026-07-14T08:00:00+08:00,https://example.gov.cn/panel/620500,2026-07-13T18:00:00+08:00,2026-07-14T08:00:00+08:00
620500,2026-07-13,cross_region_spread,35.9,2026-07-14T08:00:00+08:00,https://example.gov.cn/panel/620500,2026-07-13T18:00:00+08:00,2026-07-14T08:00:00+08:00
620500,2026-07-13,risk_pressure,26,2026-07-14T08:00:00+08:00,https://example.gov.cn/panel/620500,2026-07-13T18:00:00+08:00,2026-07-14T08:00:00+08:00
620500,2026-07-14,content_growth,42.7,2026-07-15T08:00:00+08:00,https://example.gov.cn/panel/620500,2026-07-14T18:00:00+08:00,2026-07-15T08:00:00+08:00
620500,2026-07-14,search_growth,41.0,2026-07-15T08:00:00+08:00,https://example.gov.cn/panel/620500,2026-07-14T18:00:00+08:00,2026-07-15T08:00:00+08:00
620500,2026-07-14,event_trigger,38.4,2026-07-15T08:00:00+08:00,https://example.gov.cn/panel/620500,2026-07-14T18:00:00+08:00,2026-07-15T08:00:00+08:00
620500,2026-07-14,accessibility,32.0,2026-07-15T08:00:00+08:00,https://example.gov.cn/panel/620500,2026-07-14T18:00:00+08:00,2026-07-15T08:00:00+08:00
620500,2026-07-14,supply_capacity,29.0,2026-07-15T08:00:00+08:00,https://example.gov.cn/panel/620500,2026-07-14T18:00:00+08:00,2026-07-15T08:00:00+08:00
620500,2026-07-14,weather_fit,33.3,2026-07-15T08:00:00+08:00,https://example.gov.cn/panel/620500,2026-07-14T18:00:00+08:00,2026-07-15T08:00:00+08:00
620500,2026-07-14,novelty,39.3,2026-07-15T08:00:00+08:00,https://example.gov.cn/panel/620500,2026-07-14T18:00:00+08:00,2026-07-15T08:00:00+08:00
620500,2026-07-14,cross_region_spread,36.7,2026-07-15T08:00:00+08:00,https://example.gov.cn/panel/620500,2026-07-14T18:00:00+08:00,2026-07-15T08:00:00+08:00
620500,2026-07-14,risk_pressure,26,2026-07-15T08:00:00+08:00,https://example.gov.cn/panel/620500,2026-07-14T18:00:00+08:00,2026-07-15T08:00:00+08:00
620500,2026-07-15,content_growth,43.6,2026-07-16T08:00:00+08:00,https://example.gov.cn/panel/620500,2026-07-15T18:00:00+08:00,2026-07-16T08:00:00+08:00
620500,2026-07-15,search_growth,41.9,2026-07-16T08:00:00+08:00,https://example.gov.cn/panel/620500,2026-07-15T18:00:00+08:00,2026-07-16T08:00:00+08:00
620500,2026-07-15,event_trigger,39.3,2026-07-16T08:00:00+08:00,https://example.gov.cn/panel/620500,2026-07-15T18:00:00+08:00,2026-07-16T08:00:00+08:00
620500,2026-07-15,accessibility,32.7,2026-07-16T08:00:00+08:00,https://example.gov.cn/panel/620500,2026-07-15T18:00:00+08:00,2026-07-16T08:00:00+08:00
620500,2026-07-15,supply_capacity,29.7,2026-07-16T08:00:00+08:00,https://example.gov.cn/panel/620500,2026-07-15T18:00:00+08:00,2026-07-16T08:00:00+08:00
620500,2026-07-15,weather_fit,34.0,2026-07-16T08:00:00+08:00,https://example.gov.cn/panel/620500,2026-07-15T18:00:00+08:00,2026-07-16T08:00:00+08:00
620500,2026-07-15,novelty,40.1,2026-07-16T08:00:00+08:00,https://example.gov.cn/panel/620500,2026-07-15T18:00:00+08:00,2026-07-16T08:00:00+08:00
620500,2026-07-15,cross_region_spread,37.5,2026-07-16T08:00:00+08:00,https://example.gov.cn/panel/620500,2026-07-15T18:00:00+08:00,2026-07-16T08:00:00+08:00
620500,2026-07-15,risk_pressure,26,2026-07-16T08:00:00+08:00,https://example.gov.cn/panel/620500,2026-07-15T18:00:00+08:00,2026-07-16T08:00:00+08:00
620500,2026-07-16,content_growth,44.6,2026-07-17T08:00:00+08:00,https://example.gov.cn/panel/620500,2026-07-16T18:00:00+08:00,2026-07-17T08:00:00+08:00
620500,2026-07-16,search_growth,42.8,2026-07-17T08:00:00+08:00,https://example.gov.cn/panel/620500,2026-07-16T18:00:00+08:00,2026-07-17T08:00:00+08:00
620500,2026-07-16,event_trigger,40.2,2026-07-17T08:00:00+08:00,https://example.gov.cn/panel/620500,2026-07-16T18:00:00+08:00,2026-07-17T08:00:00+08:00
620500,2026-07-16,accessibility,33.5,2026-07-17T08:00:00+08:00,https://example.gov.cn/panel/620500,2026-07-16T18:00:00+08:00,2026-07-17T08:00:00+08:00
620500,2026-07-16,supply_capacity,30.3,2026-07-17T08:00:00+08:00,https://example.gov.cn/panel/620500,2026-07-16T18:00:00+08:00,2026-07-17T08:00:00+08:00
620500,2026-07-16,weather_fit,34.8,2026-07-17T08:00:00+08:00,https://example.gov.cn/panel/620500,2026-07-16T18:00:00+08:00,2026-07-17T08:00:00+08:00
620500,2026-07-16,novelty,41.0,2026-07-17T08:00:00+08:00,https://example.gov.cn/panel/620500,2026-07-16T18:00:00+08:00,2026-07-17T08:00:00+08:00
620500,2026-07-16,cross_region_spread,38.4,2026-07-17T08:00:00+08:00,https://example.gov.cn/panel/620500,2026-07-16T18:00:00+08:00,2026-07-17T08:00:00+08:00
620500,2026-07-16,risk_pressure,26,2026-07-17T08:00:00+08:00,https://example.gov.cn/panel/620500,2026-07-16T18:00:00+08:00,2026-07-17T08:00:00+08:00
620500,2026-07-17,content_growth,45.6,2026-07-18T08:00:00+08:00,https://example.gov.cn/panel/620500,2026-07-17T18:00:00+08:00,2026-07-18T08:00:00+08:00
620500,2026-07-17,search_growth,43.8,2026-07-18T08:00:00+08:00,https://example.gov.cn/panel/620500,2026-07-17T18:00:00+08:00,2026-07-18T08:00:00+08:00
620500,2026-07-17,event_trigger,41.0,2026-07-18T08:00:00+08:00,https://example.gov.cn/panel/620500,2026-07-17T18:00:00+08:00,2026-07-18T08:00:00+08:00
620500,2026-07-17,accessibility,34.2,2026-07-18T08:00:00+08:00,https://example.gov.cn/panel/620500,2026-07-17T18:00:00+08:00,2026-07-18T08:00:00+08:00
620500,2026-07-17,supply_capacity,31.0,2026-07-18T08:00:00+08:00,https://example.gov.cn/panel/620500,2026-07-17T18:00:00+08:00,2026-07-18T08:00:00+08:00
620500,2026-07-17,weather_fit,35.6,2026-07-18T08:00:00+08:00,https://example.gov.cn/panel/620500,2026-07-17T18:00:00+08:00,2026-07-18T08:00:00+08:00
620500,2026-07-17,novelty,41.9,2026-07-18T08:00:00+08:00,https://example.gov.cn/panel/620500,2026-07-17T18:00:00+08:00,2026-07-18T08:00:00+08:00
620500,2026-07-17,cross_region_spread,39.2,2026-07-18T08:00:00+08:00,https://example.gov.cn/panel/620500,2026-07-17T18:00:00+08:00,2026-07-18T08:00:00+08:00
620500,2026-07-17,risk_pressure,26,2026-07-18T08:00:00+08:00,https://example.gov.cn/panel/620500,2026-07-17T18:00:00+08:00,2026-07-18T08:00:00+08:00
620500,2026-07-18,content_growth,46.6,2026-07-19T08:00:00+08:00,https://example.gov.cn/panel/620500,2026-07-18T18:00:00+08:00,2026-07-19T08:00:00+08:00
620500,2026-07-18,search_growth,44.7,2026-07-19T08:00:00+08:00,https://example.gov.cn/panel/620500,2026-07-18T18:00:00+08:00,2026-07-19T08:00:00+08:00
620500,2026-07-18,event_trigger,41.9,2026-07-19T08:00:00+08:00,https://example.gov.cn/panel/620500,2026-07-18T18:00:00+08:00,2026-07-19T08:00:00+08:00
620500,2026-07-18,accessibility,34.9,2026-07-19T08:00:00+08:00,https://example.gov.cn/panel/620500,2026-07-18T18:00:00+08:00,2026-07-19T08:00:00+08:00
620500,2026-07-18,supply_capacity,31.7,2026-07-19T08:00:00+08:00,https://example.gov.cn/panel/620500,2026-07-18T18:00:00+08:00,2026-07-19T08:00:00+08:00
620500,2026-07-18,weather_fit,36.3,2026-07-19T08:00:00+08:00,https://example.gov.cn/panel/620500,2026-07-18T18:00:00+08:00,2026-07-19T08:00:00+08:00
620500,2026-07-18,novelty,42.8,2026-07-19T08:00:00+08:00,https://example.gov.cn/panel/620500,2026-07-18T18:00:00+08:00,2026-07-19T08:00:00+08:00
620500,2026-07-18,cross_region_spread,40.0,2026-07-19T08:00:00+08:00,https://example.gov.cn/panel/620500,2026-07-18T18:00:00+08:00,2026-07-19T08:00:00+08:00
620500,2026-07-18,risk_pressure,26,2026-07-19T08:00:00+08:00,https://example.gov.cn/panel/620500,2026-07-18T18:00:00+08:00,2026-07-19T08:00:00+08:00
620500,2026-07-19,content_growth,47.5,2026-07-20T08:00:00+08:00,https://example.gov.cn/panel/620500,2026-07-19T18:00:00+08:00,2026-07-20T08:00:00+08:00
620500,2026-07-19,search_growth,45.6,2026-07-20T08:00:00+08:00,https://example.gov.cn/panel/620500,2026-07-19T18:00:00+08:00,2026-07-20T08:00:00+08:00
620500,2026-07-19,event_trigger,42.8,2026-07-20T08:00:00+08:00,https://example.gov.cn/panel/620500,2026-07-19T18:00:00+08:00,2026-07-20T08:00:00+08:00
620500,2026-07-19,accessibility,35.7,2026-07-20T08:00:00+08:00,https://example.gov.cn/panel/620500,2026-07-19T18:00:00+08:00,2026-07-20T08:00:00+08:00
620500,2026-07-19,supply_capacity,32.3,2026-07-20T08:00:00+08:00,https://example.gov.cn/panel/620500,2026-07-19T18:00:00+08:00,2026-07-20T08:00:00+08:00
620500,2026-07-19,weather_fit,37.1,2026-07-20T08:00:00+08:00,https://example.gov.cn/panel/620500,2026-07-19T18:00:00+08:00,2026-07-20T08:00:00+08:00
620500,2026-07-19,novelty,43.7,2026-07-20T08:00:00+08:00,https://example.gov.cn/panel/620500,2026-07-19T18:00:00+08:00,2026-07-20T08:00:00+08:00
620500,2026-07-19,cross_region_spread,40.9,2026-07-20T08:00:00+08:00,https://example.gov.cn/panel/620500,2026-07-19T18:00:00+08:00,2026-07-20T08:00:00+08:00
620500,2026-07-19,risk_pressure,26,2026-07-20T08:00:00+08:00,https://example.gov.cn/panel/620500,2026-07-19T18:00:00+08:00,2026-07-20T08:00:00+08:00
620500,2026-07-20,content_growth,48.5,2026-07-21T08:00:00+08:00,https://example.gov.cn/panel/620500,2026-07-20T18:00:00+08:00,2026-07-21T08:00:00+08:00
620500,2026-07-20,search_growth,46.6,2026-07-21T08:00:00+08:00,https://example.gov.cn/panel/620500,2026-07-20T18:00:00+08:00,2026-07-21T08:00:00+08:00
620500,2026-07-20,event_trigger,43.7,2026-07-21T08:00:00+08:00,https://example.gov.cn/panel/620500,2026-07-20T18:00:00+08:00,2026-07-21T08:00:00+08:00
620500,2026-07-20,accessibility,36.4,2026-07-21T08:00:00+08:00,https://example.gov.cn/panel/620500,2026-07-20T18:00:00+08:00,2026-07-21T08:00:00+08:00
620500,2026-07-20,supply_capacity,33.0,2026-07-21T08:00:00+08:00,https://example.gov.cn/panel/620500,2026-07-20T18:00:00+08:00,2026-07-21T08:00:00+08:00
620500,2026-07-20,weather_fit,37.8,2026-07-21T08:00:00+08:00,https://example.gov.cn/panel/620500,2026-07-20T18:00:00+08:00,2026-07-21T08:00:00+08:00
620500,2026-07-20,novelty,44.6,2026-07-21T08:00:00+08:00,https://example.gov.cn/panel/620500,2026-07-20T18:00:00+08:00,2026-07-21T08:00:00+08:00
620500,2026-07-20,cross_region_spread,41.7,2026-07-21T08:00:00+08:00,https://example.gov.cn/panel/620500,2026-07-20T18:00:00+08:00,2026-07-21T08:00:00+08:00
620500,2026-07-20,risk_pressure,26,2026-07-21T08:00:00+08:00,https://example.gov.cn/panel/620500,2026-07-20T18:00:00+08:00,2026-07-21T08:00:00+08:00
620500,2026-07-21,content_growth,49.5,2026-07-22T08:00:00+08:00,https://example.gov.cn/panel/620500,2026-07-21T18:00:00+08:00,2026-07-22T08:00:00+08:00
620500,2026-07-21,search_growth,47.5,2026-07-22T08:00:00+08:00,https://example.gov.cn/panel/620500,2026-07-21T18:00:00+08:00,2026-07-22T08:00:00+08:00
620500,2026-07-21,event_trigger,44.5,2026-07-22T08:00:00+08:00,https://example.gov.cn/panel/620500,2026-07-21T18:00:00+08:00,2026-07-22T08:00:00+08:00
620500,2026-07-21,accessibility,37.1,2026-07-22T08:00:00+08:00,https://example.gov.cn/panel/620500,2026-07-21T18:00:00+08:00,2026-07-22T08:00:00+08:00
620500,2026-07-21,supply_capacity,33.7,2026-07-22T08:00:00+08:00,https://example.gov.cn/panel/620500,2026-07-21T18:00:00+08:00,2026-07-22T08:00:00+08:00
620500,2026-07-21,weather_fit,38.6,2026-07-22T08:00:00+08:00,https://example.gov.cn/panel/620500,2026-07-21T18:00:00+08:00,2026-07-22T08:00:00+08:00
620500,2026-07-21,novelty,45.5,2026-07-22T08:00:00+08:00,https://example.gov.cn/panel/620500,2026-07-21T18:00:00+08:00,2026-07-22T08:00:00+08:00
620500,2026-07-21,cross_region_spread,42.6,2026-07-22T08:00:00+08:00,https://example.gov.cn/panel/620500,2026-07-21T18:00:00+08:00,2026-07-22T08:00:00+08:00
620500,2026-07-21,risk_pressure,26,2026-07-22T08:00:00+08:00,https://example.gov.cn/panel/620500,2026-07-21T18:00:00+08:00,2026-07-22T08:00:00+08:00
620500,2026-07-22,content_growth,50.5,2026-07-23T08:00:00+08:00,https://example.gov.cn/panel/620500,2026-07-22T18:00:00+08:00,2026-07-23T08:00:00+08:00
620500,2026-07-22,search_growth,48.5,2026-07-23T08:00:00+08:00,https://example.gov.cn/panel/620500,2026-07-22T18:00:00+08:00,2026-07-23T08:00:00+08:00
620500,2026-07-22,event_trigger,45.4,2026-07-23T08:00:00+08:00,https://example.gov.cn/panel/620500,2026-07-22T18:00:00+08:00,2026-07-23T08:00:00+08:00
620500,2026-07-22,accessibility,37.9,2026-07-23T08:00:00+08:00,https://example.gov.cn/panel/620500,2026-07-22T18:00:00+08:00,2026-07-23T08:00:00+08:00
620500,2026-07-22,supply_capacity,34.3,2026-07-23T08:00:00+08:00,https://example.gov.cn/panel/620500,2026-07-22T18:00:00+08:00,2026-07-23T08:00:00+08:00
620500,2026-07-22,weather_fit,39.4,2026-07-23T08:00:00+08:00,https://example.gov.cn/panel/620500,2026-07-22T18:00:00+08:00,2026-07-23T08:00:00+08:00
620500,2026-07-22,novelty,46.4,2026-07-23T08:00:00+08:00,https://example.gov.cn/panel/620500,2026-07-22T18:00:00+08:00,2026-07-23T08:00:00+08:00
620500,2026-07-22,cross_region_spread,43.4,2026-07-23T08:00:00+08:00,https://example.gov.cn/panel/620500,2026-07-22T18:00:00+08:00,2026-07-23T08:00:00+08:00
620500,2026-07-22,risk_pressure,26,2026-07-23T08:00:00+08:00,https://example.gov.cn/panel/620500,2026-07-22T18:00:00+08:00,2026-07-23T08:00:00+08:00
620500,2026-07-23,content_growth,51.4,2026-07-24T08:00:00+08:00,https://example.gov.cn/panel/620500,2026-07-23T18:00:00+08:00,2026-07-24T08:00:00+08:00
620500,2026-07-23,search_growth,49.4,2026-07-24T08:00:00+08:00,https://example.gov.cn/panel/620500,2026-07-23T18:00:00+08:00,2026-07-24T08:00:00+08:00
620500,2026-07-23,event_trigger,46.3,2026-07-24T08:00:00+08:00,https://example.gov.cn/panel/620500,2026-07-23T18:00:00+08:00,2026-07-24T08:00:00+08:00
620500,2026-07-23,accessibility,38.6,2026-07-24T08:00:00+08:00,https://example.gov.cn/panel/620500,2026-07-23T18:00:00+08:00,2026-07-24T08:00:00+08:00
620500,2026-07-23,supply_capacity,35.0,2026-07-24T08:00:00+08:00,https://example.gov.cn/panel/620500,2026-07-23T18:00:00+08:00,2026-07-24T08:00:00+08:00
620500,2026-07-23,weather_fit,40.1,2026-07-24T08:00:00+08:00,https://example.gov.cn/panel/620500,2026-07-23T18:00:00+08:00,2026-07-24T08:00:00+08:00
620500,2026-07-23,novelty,47.3,2026-07-24T08:00:00+08:00,https://example.gov.cn/panel/620500,2026-07-23T18:00:00+08:00,2026-07-24T08:00:00+08:00
620500,2026-07-23,cross_region_spread,44.2,2026-07-24T08:00:00+08:00,https://example.gov.cn/panel/620500,2026-07-23T18:00:00+08:00,2026-07-24T08:00:00+08:00
620500,2026-07-23,risk_pressure,26,2026-07-24T08:00:00+08:00,https://example.gov.cn/panel/620500,2026-07-23T18:00:00+08:00,2026-07-24T08:00:00+08:00
620500,2026-07-24,content_growth,52.4,2026-07-25T08:00:00+08:00,https://example.gov.cn/panel/620500,2026-07-24T18:00:00+08:00,2026-07-25T08:00:00+08:00
620500,2026-07-24,search_growth,50.3,2026-07-25T08:00:00+08:00,https://example.gov.cn/panel/620500,2026-07-24T18:00:00+08:00,2026-07-25T08:00:00+08:00
620500,2026-07-24,event_trigger,47.2,2026-07-25T08:00:00+08:00,https://example.gov.cn/panel/620500,2026-07-24T18:00:00+08:00,2026-07-25T08:00:00+08:00
620500,2026-07-24,accessibility,39.3,2026-07-25T08:00:00+08:00,https://example.gov.cn/panel/620500,2026-07-24T18:00:00+08:00,2026-07-25T08:00:00+08:00
620500,2026-07-24,supply_capacity,35.6,2026-07-25T08:00:00+08:00,https://example.gov.cn/panel/620500,2026-07-24T18:00:00+08:00,2026-07-25T08:00:00+08:00
620500,2026-07-24,weather_fit,40.9,2026-07-25T08:00:00+08:00,https://example.gov.cn/panel/620500,2026-07-24T18:00:00+08:00,2026-07-25T08:00:00+08:00
620500,2026-07-24,novelty,48.2,2026-07-25T08:00:00+08:00,https://example.gov.cn/panel/620500,2026-07-24T18:00:00+08:00,2026-07-25T08:00:00+08:00
620500,2026-07-24,cross_region_spread,45.1,2026-07-25T08:00:00+08:00,https://example.gov.cn/panel/620500,2026-07-24T18:00:00+08:00,2026-07-25T08:00:00+08:00
620500,2026-07-24,risk_pressure,26,2026-07-25T08:00:00+08:00,https://example.gov.cn/panel/620500,2026-07-24T18:00:00+08:00,2026-07-25T08:00:00+08:00
620500,2026-07-25,content_growth,53.4,2026-07-26T08:00:00+08:00,https://example.gov.cn/panel/620500,2026-07-25T18:00:00+08:00,2026-07-26T08:00:00+08:00
620500,2026-07-25,search_growth,51.3,2026-07-26T08:00:00+08:00,https://example.gov.cn/panel/620500,2026-07-25T18:00:00+08:00,2026-07-26T08:00:00+08:00
620500,2026-07-25,event_trigger,48.1,2026-07-26T08:00:00+08:00,https://example.gov.cn/panel/620500,2026-07-25T18:00:00+08:00,2026-07-26T08:00:00+08:00
620500,2026-07-25,accessibility,40.0,2026-07-26T08:00:00+08:00,https://example.gov.cn/panel/620500,2026-07-25T18:00:00+08:00,2026-07-26T08:00:00+08:00
620500,2026-07-25,supply_capacity,36.3,2026-07-26T08:00:00+08:00,https://example.gov.cn/panel/620500,2026-07-25T18:00:00+08:00,2026-07-26T08:00:00+08:00
620500,2026-07-25,weather_fit,41.6,2026-07-26T08:00:00+08:00,https://example.gov.cn/panel/620500,2026-07-25T18:00:00+08:00,2026-07-26T08:00:00+08:00
620500,2026-07-25,novelty,49.1,2026-07-26T08:00:00+08:00,https://example.gov.cn/panel/620500,2026-07-25T18:00:00+08:00,2026-07-26T08:00:00+08:00
620500,2026-07-25,cross_region_spread,45.9,2026-07-26T08:00:00+08:00,https://example.gov.cn/panel/620500,2026-07-25T18:00:00+08:00,2026-07-26T08:00:00+08:00
620500,2026-07-25,risk_pressure,26,2026-07-26T08:00:00+08:00,https://example.gov.cn/panel/620500,2026-07-25T18:00:00+08:00,2026-07-26T08:00:00+08:00
620500,2026-07-26,content_growth,54.4,2026-07-27T08:00:00+08:00,https://example.gov.cn/panel/620500,2026-07-26T18:00:00+08:00,2026-07-27T08:00:00+08:00
620500,2026-07-26,search_growth,52.2,2026-07-27T08:00:00+08:00,https://example.gov.cn/panel/620500,2026-07-26T18:00:00+08:00,2026-07-27T08:00:00+08:00
620500,2026-07-26,event_trigger,48.9,2026-07-27T08:00:00+08:00,https://example.gov.cn/panel/620500,2026-07-26T18:00:00+08:00,2026-07-27T08:00:00+08:00
620500,2026-07-26,accessibility,40.8,2026-07-27T08:00:00+08:00,https://example.gov.cn/panel/620500,2026-07-26T18:00:00+08:00,2026-07-27T08:00:00+08:00
620500,2026-07-26,supply_capacity,37.0,2026-07-27T08:00:00+08:00,https://example.gov.cn/panel/620500,2026-07-26T18:00:00+08:00,2026-07-27T08:00:00+08:00
620500,2026-07-26,weather_fit,42.4,2026-07-27T08:00:00+08:00,https://example.gov.cn/panel/620500,2026-07-26T18:00:00+08:00,2026-07-27T08:00:00+08:00
620500,2026-07-26,novelty,50.0,2026-07-27T08:00:00+08:00,https://example.gov.cn/panel/620500,2026-07-26T18:00:00+08:00,2026-07-27T08:00:00+08:00
620500,2026-07-26,cross_region_spread,46.8,2026-07-27T08:00:00+08:00,https://example.gov.cn/panel/620500,2026-07-26T18:00:00+08:00,2026-07-27T08:00:00+08:00
620500,2026-07-26,risk_pressure,26,2026-07-27T08:00:00+08:00,https://example.gov.cn/panel/620500,2026-07-26T18:00:00+08:00,2026-07-27T08:00:00+08:00
620500,2026-07-27,content_growth,55.3,2026-07-28T08:00:00+08:00,https://example.gov.cn/panel/620500,2026-07-27T18:00:00+08:00,2026-07-28T08:00:00+08:00
620500,2026-07-27,search_growth,53.1,2026-07-28T08:00:00+08:00,https://example.gov.cn/panel/620500,2026-07-27T18:00:00+08:00,2026-07-28T08:00:00+08:00
620500,2026-07-27,event_trigger,49.8,2026-07-28T08:00:00+08:00,https://example.gov.cn/panel/620500,2026-07-27T18:00:00+08:00,2026-07-28T08:00:00+08:00
620500,2026-07-27,accessibility,41.5,2026-07-28T08:00:00+08:00,https://example.gov.cn/panel/620500,2026-07-27T18:00:00+08:00,2026-07-28T08:00:00+08:00
620500,2026-07-27,supply_capacity,37.6,2026-07-28T08:00:00+08:00,https://example.gov.cn/panel/620500,2026-07-27T18:00:00+08:00,2026-07-28T08:00:00+08:00
620500,2026-07-27,weather_fit,43.2,2026-07-28T08:00:00+08:00,https://example.gov.cn/panel/620500,2026-07-27T18:00:00+08:00,2026-07-28T08:00:00+08:00
620500,2026-07-27,novelty,50.9,2026-07-28T08:00:00+08:00,https://example.gov.cn/panel/620500,2026-07-27T18:00:00+08:00,2026-07-28T08:00:00+08:00
620500,2026-07-27,cross_region_spread,47.6,2026-07-28T08:00:00+08:00,https://example.gov.cn/panel/620500,2026-07-27T18:00:00+08:00,2026-07-28T08:00:00+08:00
620500,2026-07-27,risk_pressure,26,2026-07-28T08:00:00+08:00,https://example.gov.cn/panel/620500,2026-07-27T18:00:00+08:00,2026-07-28T08:00:00+08:00
620500,2026-07-28,content_growth,56.3,2026-07-29T08:00:00+08:00,https://example.gov.cn/panel/620500,2026-07-28T18:00:00+08:00,2026-07-29T08:00:00+08:00
620500,2026-07-28,search_growth,54.1,2026-07-29T08:00:00+08:00,https://example.gov.cn/panel/620500,2026-07-28T18:00:00+08:00,2026-07-29T08:00:00+08:00
620500,2026-07-28,event_trigger,50.7,2026-07-29T08:00:00+08:00,https://example.gov.cn/panel/620500,2026-07-28T18:00:00+08:00,2026-07-29T08:00:00+08:00
620500,2026-07-28,accessibility,42.2,2026-07-29T08:00:00+08:00,https://example.gov.cn/panel/620500,2026-07-28T18:00:00+08:00,2026-07-29T08:00:00+08:00
620500,2026-07-28,supply_capacity,38.3,2026-07-29T08:00:00+08:00,https://example.gov.cn/panel/620500,2026-07-28T18:00:00+08:00,2026-07-29T08:00:00+08:00
620500,2026-07-28,weather_fit,43.9,2026-07-29T08:00:00+08:00,https://example.gov.cn/panel/620500,2026-07-28T18:00:00+08:00,2026-07-29T08:00:00+08:00
620500,2026-07-28,novelty,51.8,2026-07-29T08:00:00+08:00,https://example.gov.cn/panel/620500,2026-07-28T18:00:00+08:00,2026-07-29T08:00:00+08:00
620500,2026-07-28,cross_region_spread,48.4,2026-07-29T08:00:00+08:00,https://example.gov.cn/panel/620500,2026-07-28T18:00:00+08:00,2026-07-29T08:00:00+08:00
620500,2026-07-28,risk_pressure,26,2026-07-29T08:00:00+08:00,https://example.gov.cn/panel/620500,2026-07-28T18:00:00+08:00,2026-07-29T08:00:00+08:00
620500,2026-07-29,content_growth,57.3,2026-07-30T08:00:00+08:00,https://example.gov.cn/panel/620500,2026-07-29T18:00:00+08:00,2026-07-30T08:00:00+08:00
620500,2026-07-29,search_growth,55.0,2026-07-30T08:00:00+08:00,https://example.gov.cn/panel/620500,2026-07-29T18:00:00+08:00,2026-07-30T08:00:00+08:00
620500,2026-07-29,event_trigger,51.6,2026-07-30T08:00:00+08:00,https://example.gov.cn/panel/620500,2026-07-29T18:00:00+08:00,2026-07-30T08:00:00+08:00
620500,2026-07-29,accessibility,43.0,2026-07-30T08:00:00+08:00,https://example.gov.cn/panel/620500,2026-07-29T18:00:00+08:00,2026-07-30T08:00:00+08:00
620500,2026-07-29,supply_capacity,39.0,2026-07-30T08:00:00+08:00,https://example.gov.cn/panel/620500,2026-07-29T18:00:00+08:00,2026-07-30T08:00:00+08:00
620500,2026-07-29,weather_fit,44.7,2026-07-30T08:00:00+08:00,https://example.gov.cn/panel/620500,2026-07-29T18:00:00+08:00,2026-07-30T08:00:00+08:00
620500,2026-07-29,novelty,52.7,2026-07-30T08:00:00+08:00,https://example.gov.cn/panel/620500,2026-07-29T18:00:00+08:00,2026-07-30T08:00:00+08:00
620500,2026-07-29,cross_region_spread,49.3,2026-07-30T08:00:00+08:00,https://example.gov.cn/panel/620500,2026-07-29T18:00:00+08:00,2026-07-30T08:00:00+08:00
620500,2026-07-29,risk_pressure,26,2026-07-30T08:00:00+08:00,https://example.gov.cn/panel/620500,2026-07-29T18:00:00+08:00,2026-07-30T08:00:00+08:00
620500,2026-07-30,content_growth,58.3,2026-07-31T08:00:00+08:00,https://example.gov.cn/panel/620500,2026-07-30T18:00:00+08:00,2026-07-31T08:00:00+08:00
620500,2026-07-30,search_growth,55.9,2026-07-31T08:00:00+08:00,https://example.gov.cn/panel/620500,2026-07-30T18:00:00+08:00,2026-07-31T08:00:00+08:00
620500,2026-07-30,event_trigger,52.4,2026-07-31T08:00:00+08:00,https://example.gov.cn/panel/620500,2026-07-30T18:00:00+08:00,2026-07-31T08:00:00+08:00
620500,2026-07-30,accessibility,43.7,2026-07-31T08:00:00+08:00,https://example.gov.cn/panel/620500,2026-07-30T18:00:00+08:00,2026-07-31T08:00:00+08:00
620500,2026-07-30,supply_capacity,39.6,2026-07-31T08:00:00+08:00,https://example.gov.cn/panel/620500,2026-07-30T18:00:00+08:00,2026-07-31T08:00:00+08:00
620500,2026-07-30,weather_fit,45.5,2026-07-31T08:00:00+08:00,https://example.gov.cn/panel/620500,2026-07-30T18:00:00+08:00,2026-07-31T08:00:00+08:00
620500,2026-07-30,novelty,53.6,2026-07-31T08:00:00+08:00,https://example.gov.cn/panel/620500,2026-07-30T18:00:00+08:00,2026-07-31T08:00:00+08:00
620500,2026-07-30,cross_region_spread,50.1,2026-07-31T08:00:00+08:00,https://example.gov.cn/panel/620500,2026-07-30T18:00:00+08:00,2026-07-31T08:00:00+08:00
620500,2026-07-30,risk_pressure,26,2026-07-31T08:00:00+08:00,https://example.gov.cn/panel/620500,2026-07-30T18:00:00+08:00,2026-07-31T08:00:00+08:00
620500,2026-07-31,content_growth,59.3,2026-08-01T08:00:00+08:00,https://example.gov.cn/panel/620500,2026-07-31T18:00:00+08:00,2026-08-01T08:00:00+08:00
620500,2026-07-31,search_growth,56.9,2026-08-01T08:00:00+08:00,https://example.gov.cn/panel/620500,2026-07-31T18:00:00+08:00,2026-08-01T08:00:00+08:00
620500,2026-07-31,event_trigger,53.3,2026-08-01T08:00:00+08:00,https://example.gov.cn/panel/620500,2026-07-31T18:00:00+08:00,2026-08-01T08:00:00+08:00
620500,2026-07-31,accessibility,44.4,2026-08-01T08:00:00+08:00,https://example.gov.cn/panel/620500,2026-07-31T18:00:00+08:00,2026-08-01T08:00:00+08:00
620500,2026-07-31,supply_capacity,40.3,2026-08-01T08:00:00+08:00,https://example.gov.cn/panel/620500,2026-07-31T18:00:00+08:00,2026-08-01T08:00:00+08:00
620500,2026-07-31,weather_fit,46.2,2026-08-01T08:00:00+08:00,https://example.gov.cn/panel/620500,2026-07-31T18:00:00+08:00,2026-08-01T08:00:00+08:00
620500,2026-07-31,novelty,54.5,2026-08-01T08:00:00+08:00,https://example.gov.cn/panel/620500,2026-07-31T18:00:00+08:00,2026-08-01T08:00:00+08:00
620500,2026-07-31,cross_region_spread,51.0,2026-08-01T08:00:00+08:00,https://example.gov.cn/panel/620500,2026-07-31T18:00:00+08:00,2026-08-01T08:00:00+08:00
620500,2026-07-31,risk_pressure,26,2026-08-01T08:00:00+08:00,https://example.gov.cn/panel/620500,2026-07-31T18:00:00+08:00,2026-08-01T08:00:00+08:00
620500,2026-08-01,content_growth,60.2,2026-08-02T08:00:00+08:00,https://example.gov.cn/panel/620500,2026-08-01T18:00:00+08:00,2026-08-02T08:00:00+08:00
620500,2026-08-01,search_growth,57.8,2026-08-02T08:00:00+08:00,https://example.gov.cn/panel/620500,2026-08-01T18:00:00+08:00,2026-08-02T08:00:00+08:00
620500,2026-08-01,event_trigger,54.2,2026-08-02T08:00:00+08:00,https://example.gov.cn/panel/620500,2026-08-01T18:00:00+08:00,2026-08-02T08:00:00+08:00
620500,2026-08-01,accessibility,45.2,2026-08-02T08:00:00+08:00,https://example.gov.cn/panel/620500,2026-08-01T18:00:00+08:00,2026-08-02T08:00:00+08:00
620500,2026-08-01,supply_capacity,41.0,2026-08-02T08:00:00+08:00,https://example.gov.cn/panel/620500,2026-08-01T18:00:00+08:00,2026-08-02T08:00:00+08:00
620500,2026-08-01,weather_fit,47.0,2026-08-02T08:00:00+08:00,https://example.gov.cn/panel/620500,2026-08-01T18:00:00+08:00,2026-08-02T08:00:00+08:00
620500,2026-08-01,novelty,55.4,2026-08-02T08:00:00+08:00,https://example.gov.cn/panel/620500,2026-08-01T18:00:00+08:00,2026-08-02T08:00:00+08:00
620500,2026-08-01,cross_region_spread,51.8,2026-08-02T08:00:00+08:00,https://example.gov.cn/panel/620500,2026-08-01T18:00:00+08:00,2026-08-02T08:00:00+08:00
620500,2026-08-01,risk_pressure,26,2026-08-02T08:00:00+08:00,https://example.gov.cn/panel/620500,2026-08-01T18:00:00+08:00,2026-08-02T08:00:00+08:00
620500,2026-08-02,content_growth,61.2,2026-08-03T08:00:00+08:00,https://example.gov.cn/panel/620500,2026-08-02T18:00:00+08:00,2026-08-03T08:00:00+08:00
620500,2026-08-02,search_growth,58.8,2026-08-03T08:00:00+08:00,https://example.gov.cn/panel/620500,2026-08-02T18:00:00+08:00,2026-08-03T08:00:00+08:00
620500,2026-08-02,event_trigger,55.1,2026-08-03T08:00:00+08:00,https://example.gov.cn/panel/620500,2026-08-02T18:00:00+08:00,2026-08-03T08:00:00+08:00
620500,2026-08-02,accessibility,45.9,2026-08-03T08:00:00+08:00,https://example.gov.cn/panel/620500,2026-08-02T18:00:00+08:00,2026-08-03T08:00:00+08:00
620500,2026-08-02,supply_capacity,41.6,2026-08-03T08:00:00+08:00,https://example.gov.cn/panel/620500,2026-08-02T18:00:00+08:00,2026-08-03T08:00:00+08:00
620500,2026-08-02,weather_fit,47.7,2026-08-03T08:00:00+08:00,https://example.gov.cn/panel/620500,2026-08-02T18:00:00+08:00,2026-08-03T08:00:00+08:00
620500,2026-08-02,novelty,56.3,2026-08-03T08:00:00+08:00,https://example.gov.cn/panel/620500,2026-08-02T18:00:00+08:00,2026-08-03T08:00:00+08:00
620500,2026-08-02,cross_region_spread,52.6,2026-08-03T08:00:00+08:00,https://example.gov.cn/panel/620500,2026-08-02T18:00:00+08:00,2026-08-03T08:00:00+08:00
620500,2026-08-02,risk_pressure,26,2026-08-03T08:00:00+08:00,https://example.gov.cn/panel/620500,2026-08-02T18:00:00+08:00,2026-08-03T08:00:00+08:00
620500,2026-08-03,content_growth,62.2,2026-08-04T08:00:00+08:00,https://example.gov.cn/panel/620500,2026-08-03T18:00:00+08:00,2026-08-04T08:00:00+08:00
620500,2026-08-03,search_growth,59.7,2026-08-04T08:00:00+08:00,https://example.gov.cn/panel/620500,2026-08-03T18:00:00+08:00,2026-08-04T08:00:00+08:00
620500,2026-08-03,event_trigger,56.0,2026-08-04T08:00:00+08:00,https://example.gov.cn/panel/620500,2026-08-03T18:00:00+08:00,2026-08-04T08:00:00+08:00
620500,2026-08-03,accessibility,46.6,2026-08-04T08:00:00+08:00,https://example.gov.cn/panel/620500,2026-08-03T18:00:00+08:00,2026-08-04T08:00:00+08:00
620500,2026-08-03,supply_capacity,42.3,2026-08-04T08:00:00+08:00,https://example.gov.cn/panel/620500,2026-08-03T18:00:00+08:00,2026-08-04T08:00:00+08:00
620500,2026-08-03,weather_fit,48.5,2026-08-04T08:00:00+08:00,https://example.gov.cn/panel/620500,2026-08-03T18:00:00+08:00,2026-08-04T08:00:00+08:00
620500,2026-08-03,novelty,57.2,2026-08-04T08:00:00+08:00,https://example.gov.cn/panel/620500,2026-08-03T18:00:00+08:00,2026-08-04T08:00:00+08:00
620500,2026-08-03,cross_region_spread,53.5,2026-08-04T08:00:00+08:00,https://example.gov.cn/panel/620500,2026-08-03T18:00:00+08:00,2026-08-04T08:00:00+08:00
620500,2026-08-03,risk_pressure,26,2026-08-04T08:00:00+08:00,https://example.gov.cn/panel/620500,2026-08-03T18:00:00+08:00,2026-08-04T08:00:00+08:00
620500,2026-08-04,content_growth,63.2,2026-08-05T08:00:00+08:00,https://example.gov.cn/panel/620500,2026-08-04T18:00:00+08:00,2026-08-05T08:00:00+08:00
620500,2026-08-04,search_growth,60.6,2026-08-05T08:00:00+08:00,https://example.gov.cn/panel/620500,2026-08-04T18:00:00+08:00,2026-08-05T08:00:00+08:00
620500,2026-08-04,event_trigger,56.8,2026-08-05T08:00:00+08:00,https://example.gov.cn/panel/620500,2026-08-04T18:00:00+08:00,2026-08-05T08:00:00+08:00
620500,2026-08-04,accessibility,47.4,2026-08-05T08:00:00+08:00,https://example.gov.cn/panel/620500,2026-08-04T18:00:00+08:00,2026-08-05T08:00:00+08:00
620500,2026-08-04,supply_capacity,42.9,2026-08-05T08:00:00+08:00,https://example.gov.cn/panel/620500,2026-08-04T18:00:00+08:00,2026-08-05T08:00:00+08:00
620500,2026-08-04,weather_fit,49.3,2026-08-05T08:00:00+08:00,https://example.gov.cn/panel/620500,2026-08-04T18:00:00+08:00,2026-08-05T08:00:00+08:00
620500,2026-08-04,novelty,58.1,2026-08-05T08:00:00+08:00,https://example.gov.cn/panel/620500,2026-08-04T18:00:00+08:00,2026-08-05T08:00:00+08:00
620500,2026-08-04,cross_region_spread,54.3,2026-08-05T08:00:00+08:00,https://example.gov.cn/panel/620500,2026-08-04T18:00:00+08:00,2026-08-05T08:00:00+08:00
620500,2026-08-04,risk_pressure,26,2026-08-05T08:00:00+08:00,https://example.gov.cn/panel/620500,2026-08-04T18:00:00+08:00,2026-08-05T08:00:00+08:00
620500,2026-08-05,content_growth,64.1,2026-08-06T08:00:00+08:00,https://example.gov.cn/panel/620500,2026-08-05T18:00:00+08:00,2026-08-06T08:00:00+08:00
620500,2026-08-05,search_growth,61.6,2026-08-06T08:00:00+08:00,https://example.gov.cn/panel/620500,2026-08-05T18:00:00+08:00,2026-08-06T08:00:00+08:00
620500,2026-08-05,event_trigger,57.7,2026-08-06T08:00:00+08:00,https://example.gov.cn/panel/620500,2026-08-05T18:00:00+08:00,2026-08-06T08:00:00+08:00
620500,2026-08-05,accessibility,48.1,2026-08-06T08:00:00+08:00,https://example.gov.cn/panel/620500,2026-08-05T18:00:00+08:00,2026-08-06T08:00:00+08:00
620500,2026-08-05,supply_capacity,43.6,2026-08-06T08:00:00+08:00,https://example.gov.cn/panel/620500,2026-08-05T18:00:00+08:00,2026-08-06T08:00:00+08:00
620500,2026-08-05,weather_fit,50.0,2026-08-06T08:00:00+08:00,https://example.gov.cn/panel/620500,2026-08-05T18:00:00+08:00,2026-08-06T08:00:00+08:00
620500,2026-08-05,novelty,59.0,2026-08-06T08:00:00+08:00,https://example.gov.cn/panel/620500,2026-08-05T18:00:00+08:00,2026-08-06T08:00:00+08:00
620500,2026-08-05,cross_region_spread,55.2,2026-08-06T08:00:00+08:00,https://example.gov.cn/panel/620500,2026-08-05T18:00:00+08:00,2026-08-06T08:00:00+08:00
620500,2026-08-05,risk_pressure,26,2026-08-06T08:00:00+08:00,https://example.gov.cn/panel/620500,2026-08-05T18:00:00+08:00,2026-08-06T08:00:00+08:00
620500,2026-08-06,content_growth,65.1,2026-08-07T08:00:00+08:00,https://example.gov.cn/panel/620500,2026-08-06T18:00:00+08:00,2026-08-07T08:00:00+08:00
620500,2026-08-06,search_growth,62.5,2026-08-07T08:00:00+08:00,https://example.gov.cn/panel/620500,2026-08-06T18:00:00+08:00,2026-08-07T08:00:00+08:00
620500,2026-08-06,event_trigger,58.6,2026-08-07T08:00:00+08:00,https://example.gov.cn/panel/620500,2026-08-06T18:00:00+08:00,2026-08-07T08:00:00+08:00
620500,2026-08-06,accessibility,48.8,2026-08-07T08:00:00+08:00,https://example.gov.cn/panel/620500,2026-08-06T18:00:00+08:00,2026-08-07T08:00:00+08:00
620500,2026-08-06,supply_capacity,44.3,2026-08-07T08:00:00+08:00,https://example.gov.cn/panel/620500,2026-08-06T18:00:00+08:00,2026-08-07T08:00:00+08:00
620500,2026-08-06,weather_fit,50.8,2026-08-07T08:00:00+08:00,https://example.gov.cn/panel/620500,2026-08-06T18:00:00+08:00,2026-08-07T08:00:00+08:00
620500,2026-08-06,novelty,59.9,2026-08-07T08:00:00+08:00,https://example.gov.cn/panel/620500,2026-08-06T18:00:00+08:00,2026-08-07T08:00:00+08:00
620500,2026-08-06,cross_region_spread,56.0,2026-08-07T08:00:00+08:00,https://example.gov.cn/panel/620500,2026-08-06T18:00:00+08:00,2026-08-07T08:00:00+08:00
620500,2026-08-06,risk_pressure,26,2026-08-07T08:00:00+08:00,https://example.gov.cn/panel/620500,2026-08-06T18:00:00+08:00,2026-08-07T08:00:00+08:00
620500,2026-08-07,content_growth,66.1,2026-08-08T08:00:00+08:00,https://example.gov.cn/panel/620500,2026-08-07T18:00:00+08:00,2026-08-08T08:00:00+08:00
620500,2026-08-07,search_growth,63.4,2026-08-08T08:00:00+08:00,https://example.gov.cn/panel/620500,2026-08-07T18:00:00+08:00,2026-08-08T08:00:00+08:00
620500,2026-08-07,event_trigger,59.5,2026-08-08T08:00:00+08:00,https://example.gov.cn/panel/620500,2026-08-07T18:00:00+08:00,2026-08-08T08:00:00+08:00
620500,2026-08-07,accessibility,49.6,2026-08-08T08:00:00+08:00,https://example.gov.cn/panel/620500,2026-08-07T18:00:00+08:00,2026-08-08T08:00:00+08:00
620500,2026-08-07,supply_capacity,44.9,2026-08-08T08:00:00+08:00,https://example.gov.cn/panel/620500,2026-08-07T18:00:00+08:00,2026-08-08T08:00:00+08:00
620500,2026-08-07,weather_fit,51.5,2026-08-08T08:00:00+08:00,https://example.gov.cn/panel/620500,2026-08-07T18:00:00+08:00,2026-08-08T08:00:00+08:00
620500,2026-08-07,novelty,60.8,2026-08-08T08:00:00+08:00,https://example.gov.cn/panel/620500,2026-08-07T18:00:00+08:00,2026-08-08T08:00:00+08:00
620500,2026-08-07,cross_region_spread,56.8,2026-08-08T08:00:00+08:00,https://example.gov.cn/panel/620500,2026-08-07T18:00:00+08:00,2026-08-08T08:00:00+08:00
620500,2026-08-07,risk_pressure,26,2026-08-08T08:00:00+08:00,https://example.gov.cn/panel/620500,2026-08-07T18:00:00+08:00,2026-08-08T08:00:00+08:00
620500,2026-08-08,content_growth,67.1,2026-08-09T08:00:00+08:00,https://example.gov.cn/panel/620500,2026-08-08T18:00:00+08:00,2026-08-09T08:00:00+08:00
620500,2026-08-08,search_growth,64.4,2026-08-09T08:00:00+08:00,https://example.gov.cn/panel/620500,2026-08-08T18:00:00+08:00,2026-08-09T08:00:00+08:00
620500,2026-08-08,event_trigger,60.3,2026-08-09T08:00:00+08:00,https://example.gov.cn/panel/620500,2026-08-08T18:00:00+08:00,2026-08-09T08:00:00+08:00
620500,2026-08-08,accessibility,50.3,2026-08-09T08:00:00+08:00,https://example.gov.cn/panel/620500,2026-08-08T18:00:00+08:00,2026-08-09T08:00:00+08:00
620500,2026-08-08,supply_capacity,45.6,2026-08-09T08:00:00+08:00,https://example.gov.cn/panel/620500,2026-08-08T18:00:00+08:00,2026-08-09T08:00:00+08:00
620500,2026-08-08,weather_fit,52.3,2026-08-09T08:00:00+08:00,https://example.gov.cn/panel/620500,2026-08-08T18:00:00+08:00,2026-08-09T08:00:00+08:00
620500,2026-08-08,novelty,61.7,2026-08-09T08:00:00+08:00,https://example.gov.cn/panel/620500,2026-08-08T18:00:00+08:00,2026-08-09T08:00:00+08:00
620500,2026-08-08,cross_region_spread,57.7,2026-08-09T08:00:00+08:00,https://example.gov.cn/panel/620500,2026-08-08T18:00:00+08:00,2026-08-09T08:00:00+08:00
620500,2026-08-08,risk_pressure,26,2026-08-09T08:00:00+08:00,https://example.gov.cn/panel/620500,2026-08-08T18:00:00+08:00,2026-08-09T08:00:00+08:00
620500,2026-08-09,content_growth,68.0,2026-08-10T08:00:00+08:00,https://example.gov.cn/panel/620500,2026-08-09T18:00:00+08:00,2026-08-10T08:00:00+08:00
620500,2026-08-09,search_growth,65.3,2026-08-10T08:00:00+08:00,https://example.gov.cn/panel/620500,2026-08-09T18:00:00+08:00,2026-08-10T08:00:00+08:00
620500,2026-08-09,event_trigger,61.2,2026-08-10T08:00:00+08:00,https://example.gov.cn/panel/620500,2026-08-09T18:00:00+08:00,2026-08-10T08:00:00+08:00
620500,2026-08-09,accessibility,51.0,2026-08-10T08:00:00+08:00,https://example.gov.cn/panel/620500,2026-08-09T18:00:00+08:00,2026-08-10T08:00:00+08:00
620500,2026-08-09,supply_capacity,46.3,2026-08-10T08:00:00+08:00,https://example.gov.cn/panel/620500,2026-08-09T18:00:00+08:00,2026-08-10T08:00:00+08:00
620500,2026-08-09,weather_fit,53.1,2026-08-10T08:00:00+08:00,https://example.gov.cn/panel/620500,2026-08-09T18:00:00+08:00,2026-08-10T08:00:00+08:00
620500,2026-08-09,novelty,62.6,2026-08-10T08:00:00+08:00,https://example.gov.cn/panel/620500,2026-08-09T18:00:00+08:00,2026-08-10T08:00:00+08:00
620500,2026-08-09,cross_region_spread,58.5,2026-08-10T08:00:00+08:00,https://example.gov.cn/panel/620500,2026-08-09T18:00:00+08:00,2026-08-10T08:00:00+08:00
620500,2026-08-09,risk_pressure,26,2026-08-10T08:00:00+08:00,https://example.gov.cn/panel/620500,2026-08-09T18:00:00+08:00,2026-08-10T08:00:00+08:00
620500,2026-08-10,content_growth,69.0,2026-08-11T08:00:00+08:00,https://example.gov.cn/panel/620500,2026-08-10T18:00:00+08:00,2026-08-11T08:00:00+08:00
620500,2026-08-10,search_growth,66.2,2026-08-11T08:00:00+08:00,https://example.gov.cn/panel/620500,2026-08-10T18:00:00+08:00,2026-08-11T08:00:00+08:00
620500,2026-08-10,event_trigger,62.1,2026-08-11T08:00:00+08:00,https://example.gov.cn/panel/620500,2026-08-10T18:00:00+08:00,2026-08-11T08:00:00+08:00
620500,2026-08-10,accessibility,51.8,2026-08-11T08:00:00+08:00,https://example.gov.cn/panel/620500,2026-08-10T18:00:00+08:00,2026-08-11T08:00:00+08:00
620500,2026-08-10,supply_capacity,46.9,2026-08-11T08:00:00+08:00,https://example.gov.cn/panel/620500,2026-08-10T18:00:00+08:00,2026-08-11T08:00:00+08:00
620500,2026-08-10,weather_fit,53.8,2026-08-11T08:00:00+08:00,https://example.gov.cn/panel/620500,2026-08-10T18:00:00+08:00,2026-08-11T08:00:00+08:00
620500,2026-08-10,novelty,63.5,2026-08-11T08:00:00+08:00,https://example.gov.cn/panel/620500,2026-08-10T18:00:00+08:00,2026-08-11T08:00:00+08:00
620500,2026-08-10,cross_region_spread,59.3,2026-08-11T08:00:00+08:00,https://example.gov.cn/panel/620500,2026-08-10T18:00:00+08:00,2026-08-11T08:00:00+08:00
620500,2026-08-10,risk_pressure,26,2026-08-11T08:00:00+08:00,https://example.gov.cn/panel/620500,2026-08-10T18:00:00+08:00,2026-08-11T08:00:00+08:00
620500,2026-08-11,content_growth,70.0,2026-08-12T08:00:00+08:00,https://example.gov.cn/panel/620500,2026-08-11T18:00:00+08:00,2026-08-12T08:00:00+08:00
620500,2026-08-11,search_growth,67.2,2026-08-12T08:00:00+08:00,https://example.gov.cn/panel/620500,2026-08-11T18:00:00+08:00,2026-08-12T08:00:00+08:00
620500,2026-08-11,event_trigger,63.0,2026-08-12T08:00:00+08:00,https://example.gov.cn/panel/620500,2026-08-11T18:00:00+08:00,2026-08-12T08:00:00+08:00
620500,2026-08-11,accessibility,52.5,2026-08-12T08:00:00+08:00,https://example.gov.cn/panel/620500,2026-08-11T18:00:00+08:00,2026-08-12T08:00:00+08:00
620500,2026-08-11,supply_capacity,47.6,2026-08-12T08:00:00+08:00,https://example.gov.cn/panel/620500,2026-08-11T18:00:00+08:00,2026-08-12T08:00:00+08:00
620500,2026-08-11,weather_fit,54.6,2026-08-12T08:00:00+08:00,https://example.gov.cn/panel/620500,2026-08-11T18:00:00+08:00,2026-08-12T08:00:00+08:00
620500,2026-08-11,novelty,64.4,2026-08-12T08:00:00+08:00,https://example.gov.cn/panel/620500,2026-08-11T18:00:00+08:00,2026-08-12T08:00:00+08:00
620500,2026-08-11,cross_region_spread,60.2,2026-08-12T08:00:00+08:00,https://example.gov.cn/panel/620500,2026-08-11T18:00:00+08:00,2026-08-12T08:00:00+08:00
620500,2026-08-11,risk_pressure,26,2026-08-12T08:00:00+08:00,https://example.gov.cn/panel/620500,2026-08-11T18:00:00+08:00,2026-08-12T08:00:00+08:00
620500,2026-08-12,content_growth,71.0,2026-08-13T08:00:00+08:00,https://example.gov.cn/panel/620500,2026-08-12T18:00:00+08:00,2026-08-13T08:00:00+08:00
620500,2026-08-12,search_growth,68.1,2026-08-13T08:00:00+08:00,https://example.gov.cn/panel/620500,2026-08-12T18:00:00+08:00,2026-08-13T08:00:00+08:00
620500,2026-08-12,event_trigger,63.9,2026-08-13T08:00:00+08:00,https://example.gov.cn/panel/620500,2026-08-12T18:00:00+08:00,2026-08-13T08:00:00+08:00
620500,2026-08-12,accessibility,53.2,2026-08-13T08:00:00+08:00,https://example.gov.cn/panel/620500,2026-08-12T18:00:00+08:00,2026-08-13T08:00:00+08:00
620500,2026-08-12,supply_capacity,48.3,2026-08-13T08:00:00+08:00,https://example.gov.cn/panel/620500,2026-08-12T18:00:00+08:00,2026-08-13T08:00:00+08:00
620500,2026-08-12,weather_fit,55.3,2026-08-13T08:00:00+08:00,https://example.gov.cn/panel/620500,2026-08-12T18:00:00+08:00,2026-08-13T08:00:00+08:00
620500,2026-08-12,novelty,65.3,2026-08-13T08:00:00+08:00,https://example.gov.cn/panel/620500,2026-08-12T18:00:00+08:00,2026-08-13T08:00:00+08:00
620500,2026-08-12,cross_region_spread,61.0,2026-08-13T08:00:00+08:00,https://example.gov.cn/panel/620500,2026-08-12T18:00:00+08:00,2026-08-13T08:00:00+08:00
620500,2026-08-12,risk_pressure,26,2026-08-13T08:00:00+08:00,https://example.gov.cn/panel/620500,2026-08-12T18:00:00+08:00,2026-08-13T08:00:00+08:00
620500,2026-08-13,content_growth,71.0,2026-08-14T08:00:00+08:00,https://example.gov.cn/panel/620500,2026-08-13T18:00:00+08:00,2026-08-14T08:00:00+08:00
620500,2026-08-13,search_growth,68.1,2026-08-14T08:00:00+08:00,https://example.gov.cn/panel/620500,2026-08-13T18:00:00+08:00,2026-08-14T08:00:00+08:00
620500,2026-08-13,event_trigger,63.9,2026-08-14T08:00:00+08:00,https://example.gov.cn/panel/620500,2026-08-13T18:00:00+08:00,2026-08-14T08:00:00+08:00
620500,2026-08-13,accessibility,53.2,2026-08-14T08:00:00+08:00,https://example.gov.cn/panel/620500,2026-08-13T18:00:00+08:00,2026-08-14T08:00:00+08:00
620500,2026-08-13,supply_capacity,48.3,2026-08-14T08:00:00+08:00,https://example.gov.cn/panel/620500,2026-08-13T18:00:00+08:00,2026-08-14T08:00:00+08:00
620500,2026-08-13,weather_fit,55.3,2026-08-14T08:00:00+08:00,https://example.gov.cn/panel/620500,2026-08-13T18:00:00+08:00,2026-08-14T08:00:00+08:00
620500,2026-08-13,novelty,65.3,2026-08-14T08:00:00+08:00,https://example.gov.cn/panel/620500,2026-08-13T18:00:00+08:00,2026-08-14T08:00:00+08:00
620500,2026-08-13,cross_region_spread,61.0,2026-08-14T08:00:00+08:00,https://example.gov.cn/panel/620500,2026-08-13T18:00:00+08:00,2026-08-14T08:00:00+08:00
620500,2026-08-13,risk_pressure,26,2026-08-14T08:00:00+08:00,https://example.gov.cn/panel/620500,2026-08-13T18:00:00+08:00,2026-08-14T08:00:00+08:00
620500,2026-08-14,content_growth,71.0,2026-08-15T08:00:00+08:00,https://example.gov.cn/panel/620500,2026-08-14T18:00:00+08:00,2026-08-15T08:00:00+08:00
620500,2026-08-14,search_growth,68.1,2026-08-15T08:00:00+08:00,https://example.gov.cn/panel/620500,2026-08-14T18:00:00+08:00,2026-08-15T08:00:00+08:00
620500,2026-08-14,event_trigger,63.9,2026-08-15T08:00:00+08:00,https://example.gov.cn/panel/620500,2026-08-14T18:00:00+08:00,2026-08-15T08:00:00+08:00
620500,2026-08-14,accessibility,53.2,2026-08-15T08:00:00+08:00,https://example.gov.cn/panel/620500,2026-08-14T18:00:00+08:00,2026-08-15T08:00:00+08:00
620500,2026-08-14,supply_capacity,48.3,2026-08-15T08:00:00+08:00,https://example.gov.cn/panel/620500,2026-08-14T18:00:00+08:00,2026-08-15T08:00:00+08:00
620500,2026-08-14,weather_fit,55.3,2026-08-15T08:00:00+08:00,https://example.gov.cn/panel/620500,2026-08-14T18:00:00+08:00,2026-08-15T08:00:00+08:00
620500,2026-08-14,novelty,65.3,2026-08-15T08:00:00+08:00,https://example.gov.cn/panel/620500,2026-08-14T18:00:00+08:00,2026-08-15T08:00:00+08:00
620500,2026-08-14,cross_region_spread,61.0,2026-08-15T08:00:00+08:00,https://example.gov.cn/panel/620500,2026-08-14T18:00:00+08:00,2026-08-15T08:00:00+08:00
620500,2026-08-14,risk_pressure,26,2026-08-15T08:00:00+08:00,https://example.gov.cn/panel/620500,2026-08-14T18:00:00+08:00,2026-08-15T08:00:00+08:00
360302,2026-07-03,content_growth,32.7,2026-07-04T08:00:00+08:00,https://example.gov.cn/panel/360302,2026-07-03T18:00:00+08:00,2026-07-04T08:00:00+08:00
360302,2026-07-03,search_growth,31.4,2026-07-04T08:00:00+08:00,https://example.gov.cn/panel/360302,2026-07-03T18:00:00+08:00,2026-07-04T08:00:00+08:00
360302,2026-07-03,event_trigger,29.4,2026-07-04T08:00:00+08:00,https://example.gov.cn/panel/360302,2026-07-03T18:00:00+08:00,2026-07-04T08:00:00+08:00
360302,2026-07-03,accessibility,24.5,2026-07-04T08:00:00+08:00,https://example.gov.cn/panel/360302,2026-07-03T18:00:00+08:00,2026-07-04T08:00:00+08:00
360302,2026-07-03,supply_capacity,22.2,2026-07-04T08:00:00+08:00,https://example.gov.cn/panel/360302,2026-07-03T18:00:00+08:00,2026-07-04T08:00:00+08:00
360302,2026-07-03,weather_fit,25.5,2026-07-04T08:00:00+08:00,https://example.gov.cn/panel/360302,2026-07-03T18:00:00+08:00,2026-07-04T08:00:00+08:00
360302,2026-07-03,novelty,30.1,2026-07-04T08:00:00+08:00,https://example.gov.cn/panel/360302,2026-07-03T18:00:00+08:00,2026-07-04T08:00:00+08:00
360302,2026-07-03,cross_region_spread,28.1,2026-07-04T08:00:00+08:00,https://example.gov.cn/panel/360302,2026-07-03T18:00:00+08:00,2026-07-04T08:00:00+08:00
360302,2026-07-03,risk_pressure,26,2026-07-04T08:00:00+08:00,https://example.gov.cn/panel/360302,2026-07-03T18:00:00+08:00,2026-07-04T08:00:00+08:00
360302,2026-07-04,content_growth,33.7,2026-07-05T08:00:00+08:00,https://example.gov.cn/panel/360302,2026-07-04T18:00:00+08:00,2026-07-05T08:00:00+08:00
360302,2026-07-04,search_growth,32.3,2026-07-05T08:00:00+08:00,https://example.gov.cn/panel/360302,2026-07-04T18:00:00+08:00,2026-07-05T08:00:00+08:00
360302,2026-07-04,event_trigger,30.3,2026-07-05T08:00:00+08:00,https://example.gov.cn/panel/360302,2026-07-04T18:00:00+08:00,2026-07-05T08:00:00+08:00
360302,2026-07-04,accessibility,25.3,2026-07-05T08:00:00+08:00,https://example.gov.cn/panel/360302,2026-07-04T18:00:00+08:00,2026-07-05T08:00:00+08:00
360302,2026-07-04,supply_capacity,22.9,2026-07-05T08:00:00+08:00,https://example.gov.cn/panel/360302,2026-07-04T18:00:00+08:00,2026-07-05T08:00:00+08:00
360302,2026-07-04,weather_fit,26.3,2026-07-05T08:00:00+08:00,https://example.gov.cn/panel/360302,2026-07-04T18:00:00+08:00,2026-07-05T08:00:00+08:00
360302,2026-07-04,novelty,31.0,2026-07-05T08:00:00+08:00,https://example.gov.cn/panel/360302,2026-07-04T18:00:00+08:00,2026-07-05T08:00:00+08:00
360302,2026-07-04,cross_region_spread,29.0,2026-07-05T08:00:00+08:00,https://example.gov.cn/panel/360302,2026-07-04T18:00:00+08:00,2026-07-05T08:00:00+08:00
360302,2026-07-04,risk_pressure,26,2026-07-05T08:00:00+08:00,https://example.gov.cn/panel/360302,2026-07-04T18:00:00+08:00,2026-07-05T08:00:00+08:00
360302,2026-07-05,content_growth,34.7,2026-07-06T08:00:00+08:00,https://example.gov.cn/panel/360302,2026-07-05T18:00:00+08:00,2026-07-06T08:00:00+08:00
360302,2026-07-05,search_growth,33.3,2026-07-06T08:00:00+08:00,https://example.gov.cn/panel/360302,2026-07-05T18:00:00+08:00,2026-07-06T08:00:00+08:00
360302,2026-07-05,event_trigger,31.2,2026-07-06T08:00:00+08:00,https://example.gov.cn/panel/360302,2026-07-05T18:00:00+08:00,2026-07-06T08:00:00+08:00
360302,2026-07-05,accessibility,26.0,2026-07-06T08:00:00+08:00,https://example.gov.cn/panel/360302,2026-07-05T18:00:00+08:00,2026-07-06T08:00:00+08:00
360302,2026-07-05,supply_capacity,23.6,2026-07-06T08:00:00+08:00,https://example.gov.cn/panel/360302,2026-07-05T18:00:00+08:00,2026-07-06T08:00:00+08:00
360302,2026-07-05,weather_fit,27.1,2026-07-06T08:00:00+08:00,https://example.gov.cn/panel/360302,2026-07-05T18:00:00+08:00,2026-07-06T08:00:00+08:00
360302,2026-07-05,novelty,31.9,2026-07-06T08:00:00+08:00,https://example.gov.cn/panel/360302,2026-07-05T18:00:00+08:00,2026-07-06T08:00:00+08:00
360302,2026-07-05,cross_region_spread,29.8,2026-07-06T08:00:00+08:00,https://example.gov.cn/panel/360302,2026-07-05T18:00:00+08:00,2026-07-06T08:00:00+08:00
360302,2026-07-05,risk_pressure,26,2026-07-06T08:00:00+08:00,https://example.gov.cn/panel/360302,2026-07-05T18:00:00+08:00,2026-07-06T08:00:00+08:00
360302,2026-07-06,content_growth,35.7,2026-07-07T08:00:00+08:00,https://example.gov.cn/panel/360302,2026-07-06T18:00:00+08:00,2026-07-07T08:00:00+08:00
360302,2026-07-06,search_growth,34.3,2026-07-07T08:00:00+08:00,https://example.gov.cn/panel/360302,2026-07-06T18:00:00+08:00,2026-07-07T08:00:00+08:00
360302,2026-07-06,event_trigger,32.1,2026-07-07T08:00:00+08:00,https://example.gov.cn/panel/360302,2026-07-06T18:00:00+08:00,2026-07-07T08:00:00+08:00
360302,2026-07-06,accessibility,26.8,2026-07-07T08:00:00+08:00,https://example.gov.cn/panel/360302,2026-07-06T18:00:00+08:00,2026-07-07T08:00:00+08:00
360302,2026-07-06,supply_capacity,24.3,2026-07-07T08:00:00+08:00,https://example.gov.cn/panel/360302,2026-07-06T18:00:00+08:00,2026-07-07T08:00:00+08:00
360302,2026-07-06,weather_fit,27.8,2026-07-07T08:00:00+08:00,https://example.gov.cn/panel/360302,2026-07-06T18:00:00+08:00,2026-07-07T08:00:00+08:00
360302,2026-07-06,novelty,32.8,2026-07-07T08:00:00+08:00,https://example.gov.cn/panel/360302,2026-07-06T18:00:00+08:00,2026-07-07T08:00:00+08:00
360302,2026-07-06,cross_region_spread,30.7,2026-07-07T08:00:00+08:00,https://example.gov.cn/panel/360302,2026-07-06T18:00:00+08:00,2026-07-07T08:00:00+08:00
360302,2026-07-06,risk_pressure,26,2026-07-07T08:00:00+08:00,https://example.gov.cn/panel/360302,2026-07-06T18:00:00+08:00,2026-07-07T08:00:00+08:00
360302,2026-07-07,content_growth,36.7,2026-07-08T08:00:00+08:00,https://example.gov.cn/panel/360302,2026-07-07T18:00:00+08:00,2026-07-08T08:00:00+08:00
360302,2026-07-07,search_growth,35.2,2026-07-08T08:00:00+08:00,https://example.gov.cn/panel/360302,2026-07-07T18:00:00+08:00,2026-07-08T08:00:00+08:00
360302,2026-07-07,event_trigger,33.0,2026-07-08T08:00:00+08:00,https://example.gov.cn/panel/360302,2026-07-07T18:00:00+08:00,2026-07-08T08:00:00+08:00
360302,2026-07-07,accessibility,27.5,2026-07-08T08:00:00+08:00,https://example.gov.cn/panel/360302,2026-07-07T18:00:00+08:00,2026-07-08T08:00:00+08:00
360302,2026-07-07,supply_capacity,25.0,2026-07-08T08:00:00+08:00,https://example.gov.cn/panel/360302,2026-07-07T18:00:00+08:00,2026-07-08T08:00:00+08:00
360302,2026-07-07,weather_fit,28.6,2026-07-08T08:00:00+08:00,https://example.gov.cn/panel/360302,2026-07-07T18:00:00+08:00,2026-07-08T08:00:00+08:00
360302,2026-07-07,novelty,33.8,2026-07-08T08:00:00+08:00,https://example.gov.cn/panel/360302,2026-07-07T18:00:00+08:00,2026-07-08T08:00:00+08:00
360302,2026-07-07,cross_region_spread,31.6,2026-07-08T08:00:00+08:00,https://example.gov.cn/panel/360302,2026-07-07T18:00:00+08:00,2026-07-08T08:00:00+08:00
360302,2026-07-07,risk_pressure,26,2026-07-08T08:00:00+08:00,https://example.gov.cn/panel/360302,2026-07-07T18:00:00+08:00,2026-07-08T08:00:00+08:00
360302,2026-07-08,content_growth,37.7,2026-07-09T08:00:00+08:00,https://example.gov.cn/panel/360302,2026-07-08T18:00:00+08:00,2026-07-09T08:00:00+08:00
360302,2026-07-08,search_growth,36.2,2026-07-09T08:00:00+08:00,https://example.gov.cn/panel/360302,2026-07-08T18:00:00+08:00,2026-07-09T08:00:00+08:00
360302,2026-07-08,event_trigger,33.9,2026-07-09T08:00:00+08:00,https://example.gov.cn/panel/360302,2026-07-08T18:00:00+08:00,2026-07-09T08:00:00+08:00
360302,2026-07-08,accessibility,28.3,2026-07-09T08:00:00+08:00,https://example.gov.cn/panel/360302,2026-07-08T18:00:00+08:00,2026-07-09T08:00:00+08:00
360302,2026-07-08,supply_capacity,25.6,2026-07-09T08:00:00+08:00,https://example.gov.cn/panel/360302,2026-07-08T18:00:00+08:00,2026-07-09T08:00:00+08:00
360302,2026-07-08,weather_fit,29.4,2026-07-09T08:00:00+08:00,https://example.gov.cn/panel/360302,2026-07-08T18:00:00+08:00,2026-07-09T08:00:00+08:00
360302,2026-07-08,novelty,34.7,2026-07-09T08:00:00+08:00,https://example.gov.cn/panel/360302,2026-07-08T18:00:00+08:00,2026-07-09T08:00:00+08:00
360302,2026-07-08,cross_region_spread,32.4,2026-07-09T08:00:00+08:00,https://example.gov.cn/panel/360302,2026-07-08T18:00:00+08:00,2026-07-09T08:00:00+08:00
360302,2026-07-08,risk_pressure,26,2026-07-09T08:00:00+08:00,https://example.gov.cn/panel/360302,2026-07-08T18:00:00+08:00,2026-07-09T08:00:00+08:00
360302,2026-07-09,content_growth,38.7,2026-07-10T08:00:00+08:00,https://example.gov.cn/panel/360302,2026-07-09T18:00:00+08:00,2026-07-10T08:00:00+08:00
360302,2026-07-09,search_growth,37.1,2026-07-10T08:00:00+08:00,https://example.gov.cn/panel/360302,2026-07-09T18:00:00+08:00,2026-07-10T08:00:00+08:00
360302,2026-07-09,event_trigger,34.8,2026-07-10T08:00:00+08:00,https://example.gov.cn/panel/360302,2026-07-09T18:00:00+08:00,2026-07-10T08:00:00+08:00
360302,2026-07-09,accessibility,29.0,2026-07-10T08:00:00+08:00,https://example.gov.cn/panel/360302,2026-07-09T18:00:00+08:00,2026-07-10T08:00:00+08:00
360302,2026-07-09,supply_capacity,26.3,2026-07-10T08:00:00+08:00,https://example.gov.cn/panel/360302,2026-07-09T18:00:00+08:00,2026-07-10T08:00:00+08:00
360302,2026-07-09,weather_fit,30.2,2026-07-10T08:00:00+08:00,https://example.gov.cn/panel/360302,2026-07-09T18:00:00+08:00,2026-07-10T08:00:00+08:00
360302,2026-07-09,novelty,35.6,2026-07-10T08:00:00+08:00,https://example.gov.cn/panel/360302,2026-07-09T18:00:00+08:00,2026-07-10T08:00:00+08:00
360302,2026-07-09,cross_region_spread,33.3,2026-07-10T08:00:00+08:00,https://example.gov.cn/panel/360302,2026-07-09T18:00:00+08:00,2026-07-10T08:00:00+08:00
360302,2026-07-09,risk_pressure,26,2026-07-10T08:00:00+08:00,https://example.gov.cn/panel/360302,2026-07-09T18:00:00+08:00,2026-07-10T08:00:00+08:00
360302,2026-07-10,content_growth,39.7,2026-07-11T08:00:00+08:00,https://example.gov.cn/panel/360302,2026-07-10T18:00:00+08:00,2026-07-11T08:00:00+08:00
360302,2026-07-10,search_growth,38.1,2026-07-11T08:00:00+08:00,https://example.gov.cn/panel/360302,2026-07-10T18:00:00+08:00,2026-07-11T08:00:00+08:00
360302,2026-07-10,event_trigger,35.7,2026-07-11T08:00:00+08:00,https://example.gov.cn/panel/360302,2026-07-10T18:00:00+08:00,2026-07-11T08:00:00+08:00
360302,2026-07-10,accessibility,29.8,2026-07-11T08:00:00+08:00,https://example.gov.cn/panel/360302,2026-07-10T18:00:00+08:00,2026-07-11T08:00:00+08:00
360302,2026-07-10,supply_capacity,27.0,2026-07-11T08:00:00+08:00,https://example.gov.cn/panel/360302,2026-07-10T18:00:00+08:00,2026-07-11T08:00:00+08:00
360302,2026-07-10,weather_fit,31.0,2026-07-11T08:00:00+08:00,https://example.gov.cn/panel/360302,2026-07-10T18:00:00+08:00,2026-07-11T08:00:00+08:00
360302,2026-07-10,novelty,36.5,2026-07-11T08:00:00+08:00,https://example.gov.cn/panel/360302,2026-07-10T18:00:00+08:00,2026-07-11T08:00:00+08:00
360302,2026-07-10,cross_region_spread,34.1,2026-07-11T08:00:00+08:00,https://example.gov.cn/panel/360302,2026-07-10T18:00:00+08:00,2026-07-11T08:00:00+08:00
360302,2026-07-10,risk_pressure,26,2026-07-11T08:00:00+08:00,https://example.gov.cn/panel/360302,2026-07-10T18:00:00+08:00,2026-07-11T08:00:00+08:00
360302,2026-07-11,content_growth,40.7,2026-07-12T08:00:00+08:00,https://example.gov.cn/panel/360302,2026-07-11T18:00:00+08:00,2026-07-12T08:00:00+08:00
360302,2026-07-11,search_growth,39.1,2026-07-12T08:00:00+08:00,https://example.gov.cn/panel/360302,2026-07-11T18:00:00+08:00,2026-07-12T08:00:00+08:00
360302,2026-07-11,event_trigger,36.6,2026-07-12T08:00:00+08:00,https://example.gov.cn/panel/360302,2026-07-11T18:00:00+08:00,2026-07-12T08:00:00+08:00
360302,2026-07-11,accessibility,30.5,2026-07-12T08:00:00+08:00,https://example.gov.cn/panel/360302,2026-07-11T18:00:00+08:00,2026-07-12T08:00:00+08:00
360302,2026-07-11,supply_capacity,27.7,2026-07-12T08:00:00+08:00,https://example.gov.cn/panel/360302,2026-07-11T18:00:00+08:00,2026-07-12T08:00:00+08:00
360302,2026-07-11,weather_fit,31.7,2026-07-12T08:00:00+08:00,https://example.gov.cn/panel/360302,2026-07-11T18:00:00+08:00,2026-07-12T08:00:00+08:00
360302,2026-07-11,novelty,37.4,2026-07-12T08:00:00+08:00,https://example.gov.cn/panel/360302,2026-07-11T18:00:00+08:00,2026-07-12T08:00:00+08:00
360302,2026-07-11,cross_region_spread,35.0,2026-07-12T08:00:00+08:00,https://example.gov.cn/panel/360302,2026-07-11T18:00:00+08:00,2026-07-12T08:00:00+08:00
360302,2026-07-11,risk_pressure,26,2026-07-12T08:00:00+08:00,https://example.gov.cn/panel/360302,2026-07-11T18:00:00+08:00,2026-07-12T08:00:00+08:00
360302,2026-07-12,content_growth,41.7,2026-07-13T08:00:00+08:00,https://example.gov.cn/panel/360302,2026-07-12T18:00:00+08:00,2026-07-13T08:00:00+08:00
360302,2026-07-12,search_growth,40.0,2026-07-13T08:00:00+08:00,https://example.gov.cn/panel/360302,2026-07-12T18:00:00+08:00,2026-07-13T08:00:00+08:00
360302,2026-07-12,event_trigger,37.5,2026-07-13T08:00:00+08:00,https://example.gov.cn/panel/360302,2026-07-12T18:00:00+08:00,2026-07-13T08:00:00+08:00
360302,2026-07-12,accessibility,31.3,2026-07-13T08:00:00+08:00,https://example.gov.cn/panel/360302,2026-07-12T18:00:00+08:00,2026-07-13T08:00:00+08:00
360302,2026-07-12,supply_capacity,28.3,2026-07-13T08:00:00+08:00,https://example.gov.cn/panel/360302,2026-07-12T18:00:00+08:00,2026-07-13T08:00:00+08:00
360302,2026-07-12,weather_fit,32.5,2026-07-13T08:00:00+08:00,https://example.gov.cn/panel/360302,2026-07-12T18:00:00+08:00,2026-07-13T08:00:00+08:00
360302,2026-07-12,novelty,38.4,2026-07-13T08:00:00+08:00,https://example.gov.cn/panel/360302,2026-07-12T18:00:00+08:00,2026-07-13T08:00:00+08:00
360302,2026-07-12,cross_region_spread,35.9,2026-07-13T08:00:00+08:00,https://example.gov.cn/panel/360302,2026-07-12T18:00:00+08:00,2026-07-13T08:00:00+08:00
360302,2026-07-12,risk_pressure,26,2026-07-13T08:00:00+08:00,https://example.gov.cn/panel/360302,2026-07-12T18:00:00+08:00,2026-07-13T08:00:00+08:00
360302,2026-07-13,content_growth,42.7,2026-07-14T08:00:00+08:00,https://example.gov.cn/panel/360302,2026-07-13T18:00:00+08:00,2026-07-14T08:00:00+08:00
360302,2026-07-13,search_growth,41.0,2026-07-14T08:00:00+08:00,https://example.gov.cn/panel/360302,2026-07-13T18:00:00+08:00,2026-07-14T08:00:00+08:00
360302,2026-07-13,event_trigger,38.4,2026-07-14T08:00:00+08:00,https://example.gov.cn/panel/360302,2026-07-13T18:00:00+08:00,2026-07-14T08:00:00+08:00
360302,2026-07-13,accessibility,32.0,2026-07-14T08:00:00+08:00,https://example.gov.cn/panel/360302,2026-07-13T18:00:00+08:00,2026-07-14T08:00:00+08:00
360302,2026-07-13,supply_capacity,29.0,2026-07-14T08:00:00+08:00,https://example.gov.cn/panel/360302,2026-07-13T18:00:00+08:00,2026-07-14T08:00:00+08:00
360302,2026-07-13,weather_fit,33.3,2026-07-14T08:00:00+08:00,https://example.gov.cn/panel/360302,2026-07-13T18:00:00+08:00,2026-07-14T08:00:00+08:00
360302,2026-07-13,novelty,39.3,2026-07-14T08:00:00+08:00,https://example.gov.cn/panel/360302,2026-07-13T18:00:00+08:00,2026-07-14T08:00:00+08:00
360302,2026-07-13,cross_region_spread,36.7,2026-07-14T08:00:00+08:00,https://example.gov.cn/panel/360302,2026-07-13T18:00:00+08:00,2026-07-14T08:00:00+08:00
360302,2026-07-13,risk_pressure,26,2026-07-14T08:00:00+08:00,https://example.gov.cn/panel/360302,2026-07-13T18:00:00+08:00,2026-07-14T08:00:00+08:00
360302,2026-07-14,content_growth,43.7,2026-07-15T08:00:00+08:00,https://example.gov.cn/panel/360302,2026-07-14T18:00:00+08:00,2026-07-15T08:00:00+08:00
360302,2026-07-14,search_growth,41.9,2026-07-15T08:00:00+08:00,https://example.gov.cn/panel/360302,2026-07-14T18:00:00+08:00,2026-07-15T08:00:00+08:00
360302,2026-07-14,event_trigger,39.3,2026-07-15T08:00:00+08:00,https://example.gov.cn/panel/360302,2026-07-14T18:00:00+08:00,2026-07-15T08:00:00+08:00
360302,2026-07-14,accessibility,32.8,2026-07-15T08:00:00+08:00,https://example.gov.cn/panel/360302,2026-07-14T18:00:00+08:00,2026-07-15T08:00:00+08:00
360302,2026-07-14,supply_capacity,29.7,2026-07-15T08:00:00+08:00,https://example.gov.cn/panel/360302,2026-07-14T18:00:00+08:00,2026-07-15T08:00:00+08:00
360302,2026-07-14,weather_fit,34.1,2026-07-15T08:00:00+08:00,https://example.gov.cn/panel/360302,2026-07-14T18:00:00+08:00,2026-07-15T08:00:00+08:00
360302,2026-07-14,novelty,40.2,2026-07-15T08:00:00+08:00,https://example.gov.cn/panel/360302,2026-07-14T18:00:00+08:00,2026-07-15T08:00:00+08:00
360302,2026-07-14,cross_region_spread,37.6,2026-07-15T08:00:00+08:00,https://example.gov.cn/panel/360302,2026-07-14T18:00:00+08:00,2026-07-15T08:00:00+08:00
360302,2026-07-14,risk_pressure,26,2026-07-15T08:00:00+08:00,https://example.gov.cn/panel/360302,2026-07-14T18:00:00+08:00,2026-07-15T08:00:00+08:00
360302,2026-07-15,content_growth,44.7,2026-07-16T08:00:00+08:00,https://example.gov.cn/panel/360302,2026-07-15T18:00:00+08:00,2026-07-16T08:00:00+08:00
360302,2026-07-15,search_growth,42.9,2026-07-16T08:00:00+08:00,https://example.gov.cn/panel/360302,2026-07-15T18:00:00+08:00,2026-07-16T08:00:00+08:00
360302,2026-07-15,event_trigger,40.2,2026-07-16T08:00:00+08:00,https://example.gov.cn/panel/360302,2026-07-15T18:00:00+08:00,2026-07-16T08:00:00+08:00
360302,2026-07-15,accessibility,33.5,2026-07-16T08:00:00+08:00,https://example.gov.cn/panel/360302,2026-07-15T18:00:00+08:00,2026-07-16T08:00:00+08:00
360302,2026-07-15,supply_capacity,30.4,2026-07-16T08:00:00+08:00,https://example.gov.cn/panel/360302,2026-07-15T18:00:00+08:00,2026-07-16T08:00:00+08:00
360302,2026-07-15,weather_fit,34.9,2026-07-16T08:00:00+08:00,https://example.gov.cn/panel/360302,2026-07-15T18:00:00+08:00,2026-07-16T08:00:00+08:00
360302,2026-07-15,novelty,41.1,2026-07-16T08:00:00+08:00,https://example.gov.cn/panel/360302,2026-07-15T18:00:00+08:00,2026-07-16T08:00:00+08:00
360302,2026-07-15,cross_region_spread,38.4,2026-07-16T08:00:00+08:00,https://example.gov.cn/panel/360302,2026-07-15T18:00:00+08:00,2026-07-16T08:00:00+08:00
360302,2026-07-15,risk_pressure,26,2026-07-16T08:00:00+08:00,https://example.gov.cn/panel/360302,2026-07-15T18:00:00+08:00,2026-07-16T08:00:00+08:00
360302,2026-07-16,content_growth,45.7,2026-07-17T08:00:00+08:00,https://example.gov.cn/panel/360302,2026-07-16T18:00:00+08:00,2026-07-17T08:00:00+08:00
360302,2026-07-16,search_growth,43.9,2026-07-17T08:00:00+08:00,https://example.gov.cn/panel/360302,2026-07-16T18:00:00+08:00,2026-07-17T08:00:00+08:00
360302,2026-07-16,event_trigger,41.1,2026-07-17T08:00:00+08:00,https://example.gov.cn/panel/360302,2026-07-16T18:00:00+08:00,2026-07-17T08:00:00+08:00
360302,2026-07-16,accessibility,34.3,2026-07-17T08:00:00+08:00,https://example.gov.cn/panel/360302,2026-07-16T18:00:00+08:00,2026-07-17T08:00:00+08:00
360302,2026-07-16,supply_capacity,31.1,2026-07-17T08:00:00+08:00,https://example.gov.cn/panel/360302,2026-07-16T18:00:00+08:00,2026-07-17T08:00:00+08:00
360302,2026-07-16,weather_fit,35.6,2026-07-17T08:00:00+08:00,https://example.gov.cn/panel/360302,2026-07-16T18:00:00+08:00,2026-07-17T08:00:00+08:00
360302,2026-07-16,novelty,42.0,2026-07-17T08:00:00+08:00,https://example.gov.cn/panel/360302,2026-07-16T18:00:00+08:00,2026-07-17T08:00:00+08:00
360302,2026-07-16,cross_region_spread,39.3,2026-07-17T08:00:00+08:00,https://example.gov.cn/panel/360302,2026-07-16T18:00:00+08:00,2026-07-17T08:00:00+08:00
360302,2026-07-16,risk_pressure,26,2026-07-17T08:00:00+08:00,https://example.gov.cn/panel/360302,2026-07-16T18:00:00+08:00,2026-07-17T08:00:00+08:00
360302,2026-07-17,content_growth,46.7,2026-07-18T08:00:00+08:00,https://example.gov.cn/panel/360302,2026-07-17T18:00:00+08:00,2026-07-18T08:00:00+08:00
360302,2026-07-17,search_growth,44.8,2026-07-18T08:00:00+08:00,https://example.gov.cn/panel/360302,2026-07-17T18:00:00+08:00,2026-07-18T08:00:00+08:00
360302,2026-07-17,event_trigger,42.0,2026-07-18T08:00:00+08:00,https://example.gov.cn/panel/360302,2026-07-17T18:00:00+08:00,2026-07-18T08:00:00+08:00
360302,2026-07-17,accessibility,35.0,2026-07-18T08:00:00+08:00,https://example.gov.cn/panel/360302,2026-07-17T18:00:00+08:00,2026-07-18T08:00:00+08:00
360302,2026-07-17,supply_capacity,31.7,2026-07-18T08:00:00+08:00,https://example.gov.cn/panel/360302,2026-07-17T18:00:00+08:00,2026-07-18T08:00:00+08:00
360302,2026-07-17,weather_fit,36.4,2026-07-18T08:00:00+08:00,https://example.gov.cn/panel/360302,2026-07-17T18:00:00+08:00,2026-07-18T08:00:00+08:00
360302,2026-07-17,novelty,43.0,2026-07-18T08:00:00+08:00,https://example.gov.cn/panel/360302,2026-07-17T18:00:00+08:00,2026-07-18T08:00:00+08:00
360302,2026-07-17,cross_region_spread,40.1,2026-07-18T08:00:00+08:00,https://example.gov.cn/panel/360302,2026-07-17T18:00:00+08:00,2026-07-18T08:00:00+08:00
360302,2026-07-17,risk_pressure,26,2026-07-18T08:00:00+08:00,https://example.gov.cn/panel/360302,2026-07-17T18:00:00+08:00,2026-07-18T08:00:00+08:00
360302,2026-07-18,content_growth,47.7,2026-07-19T08:00:00+08:00,https://example.gov.cn/panel/360302,2026-07-18T18:00:00+08:00,2026-07-19T08:00:00+08:00
360302,2026-07-18,search_growth,45.8,2026-07-19T08:00:00+08:00,https://example.gov.cn/panel/360302,2026-07-18T18:00:00+08:00,2026-07-19T08:00:00+08:00
360302,2026-07-18,event_trigger,42.9,2026-07-19T08:00:00+08:00,https://example.gov.cn/panel/360302,2026-07-18T18:00:00+08:00,2026-07-19T08:00:00+08:00
360302,2026-07-18,accessibility,35.8,2026-07-19T08:00:00+08:00,https://example.gov.cn/panel/360302,2026-07-18T18:00:00+08:00,2026-07-19T08:00:00+08:00
360302,2026-07-18,supply_capacity,32.4,2026-07-19T08:00:00+08:00,https://example.gov.cn/panel/360302,2026-07-18T18:00:00+08:00,2026-07-19T08:00:00+08:00
360302,2026-07-18,weather_fit,37.2,2026-07-19T08:00:00+08:00,https://example.gov.cn/panel/360302,2026-07-18T18:00:00+08:00,2026-07-19T08:00:00+08:00
360302,2026-07-18,novelty,43.9,2026-07-19T08:00:00+08:00,https://example.gov.cn/panel/360302,2026-07-18T18:00:00+08:00,2026-07-19T08:00:00+08:00
360302,2026-07-18,cross_region_spread,41.0,2026-07-19T08:00:00+08:00,https://example.gov.cn/panel/360302,2026-07-18T18:00:00+08:00,2026-07-19T08:00:00+08:00
360302,2026-07-18,risk_pressure,26,2026-07-19T08:00:00+08:00,https://example.gov.cn/panel/360302,2026-07-18T18:00:00+08:00,2026-07-19T08:00:00+08:00
360302,2026-07-19,content_growth,48.7,2026-07-20T08:00:00+08:00,https://example.gov.cn/panel/360302,2026-07-19T18:00:00+08:00,2026-07-20T08:00:00+08:00
360302,2026-07-19,search_growth,46.7,2026-07-20T08:00:00+08:00,https://example.gov.cn/panel/360302,2026-07-19T18:00:00+08:00,2026-07-20T08:00:00+08:00
360302,2026-07-19,event_trigger,43.8,2026-07-20T08:00:00+08:00,https://example.gov.cn/panel/360302,2026-07-19T18:00:00+08:00,2026-07-20T08:00:00+08:00
360302,2026-07-19,accessibility,36.5,2026-07-20T08:00:00+08:00,https://example.gov.cn/panel/360302,2026-07-19T18:00:00+08:00,2026-07-20T08:00:00+08:00
360302,2026-07-19,supply_capacity,33.1,2026-07-20T08:00:00+08:00,https://example.gov.cn/panel/360302,2026-07-19T18:00:00+08:00,2026-07-20T08:00:00+08:00
360302,2026-07-19,weather_fit,38.0,2026-07-20T08:00:00+08:00,https://example.gov.cn/panel/360302,2026-07-19T18:00:00+08:00,2026-07-20T08:00:00+08:00
360302,2026-07-19,novelty,44.8,2026-07-20T08:00:00+08:00,https://example.gov.cn/panel/360302,2026-07-19T18:00:00+08:00,2026-07-20T08:00:00+08:00
360302,2026-07-19,cross_region_spread,41.9,2026-07-20T08:00:00+08:00,https://example.gov.cn/panel/360302,2026-07-19T18:00:00+08:00,2026-07-20T08:00:00+08:00
360302,2026-07-19,risk_pressure,26,2026-07-20T08:00:00+08:00,https://example.gov.cn/panel/360302,2026-07-19T18:00:00+08:00,2026-07-20T08:00:00+08:00
360302,2026-07-20,content_growth,49.7,2026-07-21T08:00:00+08:00,https://example.gov.cn/panel/360302,2026-07-20T18:00:00+08:00,2026-07-21T08:00:00+08:00
360302,2026-07-20,search_growth,47.7,2026-07-21T08:00:00+08:00,https://example.gov.cn/panel/360302,2026-07-20T18:00:00+08:00,2026-07-21T08:00:00+08:00
360302,2026-07-20,event_trigger,44.7,2026-07-21T08:00:00+08:00,https://example.gov.cn/panel/360302,2026-07-20T18:00:00+08:00,2026-07-21T08:00:00+08:00
360302,2026-07-20,accessibility,37.3,2026-07-21T08:00:00+08:00,https://example.gov.cn/panel/360302,2026-07-20T18:00:00+08:00,2026-07-21T08:00:00+08:00
360302,2026-07-20,supply_capacity,33.8,2026-07-21T08:00:00+08:00,https://example.gov.cn/panel/360302,2026-07-20T18:00:00+08:00,2026-07-21T08:00:00+08:00
360302,2026-07-20,weather_fit,38.8,2026-07-21T08:00:00+08:00,https://example.gov.cn/panel/360302,2026-07-20T18:00:00+08:00,2026-07-21T08:00:00+08:00
360302,2026-07-20,novelty,45.7,2026-07-21T08:00:00+08:00,https://example.gov.cn/panel/360302,2026-07-20T18:00:00+08:00,2026-07-21T08:00:00+08:00
360302,2026-07-20,cross_region_spread,42.7,2026-07-21T08:00:00+08:00,https://example.gov.cn/panel/360302,2026-07-20T18:00:00+08:00,2026-07-21T08:00:00+08:00
360302,2026-07-20,risk_pressure,26,2026-07-21T08:00:00+08:00,https://example.gov.cn/panel/360302,2026-07-20T18:00:00+08:00,2026-07-21T08:00:00+08:00
360302,2026-07-21,content_growth,50.7,2026-07-22T08:00:00+08:00,https://example.gov.cn/panel/360302,2026-07-21T18:00:00+08:00,2026-07-22T08:00:00+08:00
360302,2026-07-21,search_growth,48.7,2026-07-22T08:00:00+08:00,https://example.gov.cn/panel/360302,2026-07-21T18:00:00+08:00,2026-07-22T08:00:00+08:00
360302,2026-07-21,event_trigger,45.6,2026-07-22T08:00:00+08:00,https://example.gov.cn/panel/360302,2026-07-21T18:00:00+08:00,2026-07-22T08:00:00+08:00
360302,2026-07-21,accessibility,38.0,2026-07-22T08:00:00+08:00,https://example.gov.cn/panel/360302,2026-07-21T18:00:00+08:00,2026-07-22T08:00:00+08:00
360302,2026-07-21,supply_capacity,34.5,2026-07-22T08:00:00+08:00,https://example.gov.cn/panel/360302,2026-07-21T18:00:00+08:00,2026-07-22T08:00:00+08:00
360302,2026-07-21,weather_fit,39.5,2026-07-22T08:00:00+08:00,https://example.gov.cn/panel/360302,2026-07-21T18:00:00+08:00,2026-07-22T08:00:00+08:00
360302,2026-07-21,novelty,46.6,2026-07-22T08:00:00+08:00,https://example.gov.cn/panel/360302,2026-07-21T18:00:00+08:00,2026-07-22T08:00:00+08:00
360302,2026-07-21,cross_region_spread,43.6,2026-07-22T08:00:00+08:00,https://example.gov.cn/panel/360302,2026-07-21T18:00:00+08:00,2026-07-22T08:00:00+08:00
360302,2026-07-21,risk_pressure,26,2026-07-22T08:00:00+08:00,https://example.gov.cn/panel/360302,2026-07-21T18:00:00+08:00,2026-07-22T08:00:00+08:00
360302,2026-07-22,content_growth,51.7,2026-07-23T08:00:00+08:00,https://example.gov.cn/panel/360302,2026-07-22T18:00:00+08:00,2026-07-23T08:00:00+08:00
360302,2026-07-22,search_growth,49.6,2026-07-23T08:00:00+08:00,https://example.gov.cn/panel/360302,2026-07-22T18:00:00+08:00,2026-07-23T08:00:00+08:00
360302,2026-07-22,event_trigger,46.5,2026-07-23T08:00:00+08:00,https://example.gov.cn/panel/360302,2026-07-22T18:00:00+08:00,2026-07-23T08:00:00+08:00
360302,2026-07-22,accessibility,38.8,2026-07-23T08:00:00+08:00,https://example.gov.cn/panel/360302,2026-07-22T18:00:00+08:00,2026-07-23T08:00:00+08:00
360302,2026-07-22,supply_capacity,35.1,2026-07-23T08:00:00+08:00,https://example.gov.cn/panel/360302,2026-07-22T18:00:00+08:00,2026-07-23T08:00:00+08:00
360302,2026-07-22,weather_fit,40.3,2026-07-23T08:00:00+08:00,https://example.gov.cn/panel/360302,2026-07-22T18:00:00+08:00,2026-07-23T08:00:00+08:00
360302,2026-07-22,novelty,47.5,2026-07-23T08:00:00+08:00,https://example.gov.cn/panel/360302,2026-07-22T18:00:00+08:00,2026-07-23T08:00:00+08:00
360302,2026-07-22,cross_region_spread,44.4,2026-07-23T08:00:00+08:00,https://example.gov.cn/panel/360302,2026-07-22T18:00:00+08:00,2026-07-23T08:00:00+08:00
360302,2026-07-22,risk_pressure,26,2026-07-23T08:00:00+08:00,https://example.gov.cn/panel/360302,2026-07-22T18:00:00+08:00,2026-07-23T08:00:00+08:00
360302,2026-07-23,content_growth,52.7,2026-07-24T08:00:00+08:00,https://example.gov.cn/panel/360302,2026-07-23T18:00:00+08:00,2026-07-24T08:00:00+08:00
360302,2026-07-23,search_growth,50.6,2026-07-24T08:00:00+08:00,https://example.gov.cn/panel/360302,2026-07-23T18:00:00+08:00,2026-07-24T08:00:00+08:00
360302,2026-07-23,event_trigger,47.4,2026-07-24T08:00:00+08:00,https://example.gov.cn/panel/360302,2026-07-23T18:00:00+08:00,2026-07-24T08:00:00+08:00
360302,2026-07-23,accessibility,39.5,2026-07-24T08:00:00+08:00,https://example.gov.cn/panel/360302,2026-07-23T18:00:00+08:00,2026-07-24T08:00:00+08:00
360302,2026-07-23,supply_capacity,35.8,2026-07-24T08:00:00+08:00,https://example.gov.cn/panel/360302,2026-07-23T18:00:00+08:00,2026-07-24T08:00:00+08:00
360302,2026-07-23,weather_fit,41.1,2026-07-24T08:00:00+08:00,https://example.gov.cn/panel/360302,2026-07-23T18:00:00+08:00,2026-07-24T08:00:00+08:00
360302,2026-07-23,novelty,48.5,2026-07-24T08:00:00+08:00,https://example.gov.cn/panel/360302,2026-07-23T18:00:00+08:00,2026-07-24T08:00:00+08:00
360302,2026-07-23,cross_region_spread,45.3,2026-07-24T08:00:00+08:00,https://example.gov.cn/panel/360302,2026-07-23T18:00:00+08:00,2026-07-24T08:00:00+08:00
360302,2026-07-23,risk_pressure,26,2026-07-24T08:00:00+08:00,https://example.gov.cn/panel/360302,2026-07-23T18:00:00+08:00,2026-07-24T08:00:00+08:00
360302,2026-07-24,content_growth,53.7,2026-07-25T08:00:00+08:00,https://example.gov.cn/panel/360302,2026-07-24T18:00:00+08:00,2026-07-25T08:00:00+08:00
360302,2026-07-24,search_growth,51.5,2026-07-25T08:00:00+08:00,https://example.gov.cn/panel/360302,2026-07-24T18:00:00+08:00,2026-07-25T08:00:00+08:00
360302,2026-07-24,event_trigger,48.3,2026-07-25T08:00:00+08:00,https://example.gov.cn/panel/360302,2026-07-24T18:00:00+08:00,2026-07-25T08:00:00+08:00
360302,2026-07-24,accessibility,40.3,2026-07-25T08:00:00+08:00,https://example.gov.cn/panel/360302,2026-07-24T18:00:00+08:00,2026-07-25T08:00:00+08:00
360302,2026-07-24,supply_capacity,36.5,2026-07-25T08:00:00+08:00,https://example.gov.cn/panel/360302,2026-07-24T18:00:00+08:00,2026-07-25T08:00:00+08:00
360302,2026-07-24,weather_fit,41.9,2026-07-25T08:00:00+08:00,https://example.gov.cn/panel/360302,2026-07-24T18:00:00+08:00,2026-07-25T08:00:00+08:00
360302,2026-07-24,novelty,49.4,2026-07-25T08:00:00+08:00,https://example.gov.cn/panel/360302,2026-07-24T18:00:00+08:00,2026-07-25T08:00:00+08:00
360302,2026-07-24,cross_region_spread,46.2,2026-07-25T08:00:00+08:00,https://example.gov.cn/panel/360302,2026-07-24T18:00:00+08:00,2026-07-25T08:00:00+08:00
360302,2026-07-24,risk_pressure,26,2026-07-25T08:00:00+08:00,https://example.gov.cn/panel/360302,2026-07-24T18:00:00+08:00,2026-07-25T08:00:00+08:00
360302,2026-07-25,content_growth,54.7,2026-07-26T08:00:00+08:00,https://example.gov.cn/panel/360302,2026-07-25T18:00:00+08:00,2026-07-26T08:00:00+08:00
360302,2026-07-25,search_growth,52.5,2026-07-26T08:00:00+08:00,https://example.gov.cn/panel/360302,2026-07-25T18:00:00+08:00,2026-07-26T08:00:00+08:00
360302,2026-07-25,event_trigger,49.2,2026-07-26T08:00:00+08:00,https://example.gov.cn/panel/360302,2026-07-25T18:00:00+08:00,2026-07-26T08:00:00+08:00
360302,2026-07-25,accessibility,41.0,2026-07-26T08:00:00+08:00,https://example.gov.cn/panel/360302,2026-07-25T18:00:00+08:00,2026-07-26T08:00:00+08:00
360302,2026-07-25,supply_capacity,37.2,2026-07-26T08:00:00+08:00,https://example.gov.cn/panel/360302,2026-07-25T18:00:00+08:00,2026-07-26T08:00:00+08:00
360302,2026-07-25,weather_fit,42.6,2026-07-26T08:00:00+08:00,https://example.gov.cn/panel/360302,2026-07-25T18:00:00+08:00,2026-07-26T08:00:00+08:00
360302,2026-07-25,novelty,50.3,2026-07-26T08:00:00+08:00,https://example.gov.cn/panel/360302,2026-07-25T18:00:00+08:00,2026-07-26T08:00:00+08:00
360302,2026-07-25,cross_region_spread,47.0,2026-07-26T08:00:00+08:00,https://example.gov.cn/panel/360302,2026-07-25T18:00:00+08:00,2026-07-26T08:00:00+08:00
360302,2026-07-25,risk_pressure,26,2026-07-26T08:00:00+08:00,https://example.gov.cn/panel/360302,2026-07-25T18:00:00+08:00,2026-07-26T08:00:00+08:00
360302,2026-07-26,content_growth,55.7,2026-07-27T08:00:00+08:00,https://example.gov.cn/panel/360302,2026-07-26T18:00:00+08:00,2026-07-27T08:00:00+08:00
360302,2026-07-26,search_growth,53.4,2026-07-27T08:00:00+08:00,https://example.gov.cn/panel/360302,2026-07-26T18:00:00+08:00,2026-07-27T08:00:00+08:00
360302,2026-07-26,event_trigger,50.1,2026-07-27T08:00:00+08:00,https://example.gov.cn/panel/360302,2026-07-26T18:00:00+08:00,2026-07-27T08:00:00+08:00
360302,2026-07-26,accessibility,41.8,2026-07-27T08:00:00+08:00,https://example.gov.cn/panel/360302,2026-07-26T18:00:00+08:00,2026-07-27T08:00:00+08:00
360302,2026-07-26,supply_capacity,37.9,2026-07-27T08:00:00+08:00,https://example.gov.cn/panel/360302,2026-07-26T18:00:00+08:00,2026-07-27T08:00:00+08:00
360302,2026-07-26,weather_fit,43.4,2026-07-27T08:00:00+08:00,https://example.gov.cn/panel/360302,2026-07-26T18:00:00+08:00,2026-07-27T08:00:00+08:00
360302,2026-07-26,novelty,51.2,2026-07-27T08:00:00+08:00,https://example.gov.cn/panel/360302,2026-07-26T18:00:00+08:00,2026-07-27T08:00:00+08:00
360302,2026-07-26,cross_region_spread,47.9,2026-07-27T08:00:00+08:00,https://example.gov.cn/panel/360302,2026-07-26T18:00:00+08:00,2026-07-27T08:00:00+08:00
360302,2026-07-26,risk_pressure,26,2026-07-27T08:00:00+08:00,https://example.gov.cn/panel/360302,2026-07-26T18:00:00+08:00,2026-07-27T08:00:00+08:00
360302,2026-07-27,content_growth,56.7,2026-07-28T08:00:00+08:00,https://example.gov.cn/panel/360302,2026-07-27T18:00:00+08:00,2026-07-28T08:00:00+08:00
360302,2026-07-27,search_growth,54.4,2026-07-28T08:00:00+08:00,https://example.gov.cn/panel/360302,2026-07-27T18:00:00+08:00,2026-07-28T08:00:00+08:00
360302,2026-07-27,event_trigger,51.0,2026-07-28T08:00:00+08:00,https://example.gov.cn/panel/360302,2026-07-27T18:00:00+08:00,2026-07-28T08:00:00+08:00
360302,2026-07-27,accessibility,42.5,2026-07-28T08:00:00+08:00,https://example.gov.cn/panel/360302,2026-07-27T18:00:00+08:00,2026-07-28T08:00:00+08:00
360302,2026-07-27,supply_capacity,38.5,2026-07-28T08:00:00+08:00,https://example.gov.cn/panel/360302,2026-07-27T18:00:00+08:00,2026-07-28T08:00:00+08:00
360302,2026-07-27,weather_fit,44.2,2026-07-28T08:00:00+08:00,https://example.gov.cn/panel/360302,2026-07-27T18:00:00+08:00,2026-07-28T08:00:00+08:00
360302,2026-07-27,novelty,52.1,2026-07-28T08:00:00+08:00,https://example.gov.cn/panel/360302,2026-07-27T18:00:00+08:00,2026-07-28T08:00:00+08:00
360302,2026-07-27,cross_region_spread,48.7,2026-07-28T08:00:00+08:00,https://example.gov.cn/panel/360302,2026-07-27T18:00:00+08:00,2026-07-28T08:00:00+08:00
360302,2026-07-27,risk_pressure,26,2026-07-28T08:00:00+08:00,https://example.gov.cn/panel/360302,2026-07-27T18:00:00+08:00,2026-07-28T08:00:00+08:00
360302,2026-07-28,content_growth,57.7,2026-07-29T08:00:00+08:00,https://example.gov.cn/panel/360302,2026-07-28T18:00:00+08:00,2026-07-29T08:00:00+08:00
360302,2026-07-28,search_growth,55.4,2026-07-29T08:00:00+08:00,https://example.gov.cn/panel/360302,2026-07-28T18:00:00+08:00,2026-07-29T08:00:00+08:00
360302,2026-07-28,event_trigger,51.9,2026-07-29T08:00:00+08:00,https://example.gov.cn/panel/360302,2026-07-28T18:00:00+08:00,2026-07-29T08:00:00+08:00
360302,2026-07-28,accessibility,43.3,2026-07-29T08:00:00+08:00,https://example.gov.cn/panel/360302,2026-07-28T18:00:00+08:00,2026-07-29T08:00:00+08:00
360302,2026-07-28,supply_capacity,39.2,2026-07-29T08:00:00+08:00,https://example.gov.cn/panel/360302,2026-07-28T18:00:00+08:00,2026-07-29T08:00:00+08:00
360302,2026-07-28,weather_fit,45.0,2026-07-29T08:00:00+08:00,https://example.gov.cn/panel/360302,2026-07-28T18:00:00+08:00,2026-07-29T08:00:00+08:00
360302,2026-07-28,novelty,53.1,2026-07-29T08:00:00+08:00,https://example.gov.cn/panel/360302,2026-07-28T18:00:00+08:00,2026-07-29T08:00:00+08:00
360302,2026-07-28,cross_region_spread,49.6,2026-07-29T08:00:00+08:00,https://example.gov.cn/panel/360302,2026-07-28T18:00:00+08:00,2026-07-29T08:00:00+08:00
360302,2026-07-28,risk_pressure,26,2026-07-29T08:00:00+08:00,https://example.gov.cn/panel/360302,2026-07-28T18:00:00+08:00,2026-07-29T08:00:00+08:00
360302,2026-07-29,content_growth,58.7,2026-07-30T08:00:00+08:00,https://example.gov.cn/panel/360302,2026-07-29T18:00:00+08:00,2026-07-30T08:00:00+08:00
360302,2026-07-29,search_growth,56.3,2026-07-30T08:00:00+08:00,https://example.gov.cn/panel/360302,2026-07-29T18:00:00+08:00,2026-07-30T08:00:00+08:00
360302,2026-07-29,event_trigger,52.8,2026-07-30T08:00:00+08:00,https://example.gov.cn/panel/360302,2026-07-29T18:00:00+08:00,2026-07-30T08:00:00+08:00
360302,2026-07-29,accessibility,44.0,2026-07-30T08:00:00+08:00,https://example.gov.cn/panel/360302,2026-07-29T18:00:00+08:00,2026-07-30T08:00:00+08:00
360302,2026-07-29,supply_capacity,39.9,2026-07-30T08:00:00+08:00,https://example.gov.cn/panel/360302,2026-07-29T18:00:00+08:00,2026-07-30T08:00:00+08:00
360302,2026-07-29,weather_fit,45.8,2026-07-30T08:00:00+08:00,https://example.gov.cn/panel/360302,2026-07-29T18:00:00+08:00,2026-07-30T08:00:00+08:00
360302,2026-07-29,novelty,54.0,2026-07-30T08:00:00+08:00,https://example.gov.cn/panel/360302,2026-07-29T18:00:00+08:00,2026-07-30T08:00:00+08:00
360302,2026-07-29,cross_region_spread,50.5,2026-07-30T08:00:00+08:00,https://example.gov.cn/panel/360302,2026-07-29T18:00:00+08:00,2026-07-30T08:00:00+08:00
360302,2026-07-29,risk_pressure,26,2026-07-30T08:00:00+08:00,https://example.gov.cn/panel/360302,2026-07-29T18:00:00+08:00,2026-07-30T08:00:00+08:00
360302,2026-07-30,content_growth,59.7,2026-07-31T08:00:00+08:00,https://example.gov.cn/panel/360302,2026-07-30T18:00:00+08:00,2026-07-31T08:00:00+08:00
360302,2026-07-30,search_growth,57.3,2026-07-31T08:00:00+08:00,https://example.gov.cn/panel/360302,2026-07-30T18:00:00+08:00,2026-07-31T08:00:00+08:00
360302,2026-07-30,event_trigger,53.7,2026-07-31T08:00:00+08:00,https://example.gov.cn/panel/360302,2026-07-30T18:00:00+08:00,2026-07-31T08:00:00+08:00
360302,2026-07-30,accessibility,44.8,2026-07-31T08:00:00+08:00,https://example.gov.cn/panel/360302,2026-07-30T18:00:00+08:00,2026-07-31T08:00:00+08:00
360302,2026-07-30,supply_capacity,40.6,2026-07-31T08:00:00+08:00,https://example.gov.cn/panel/360302,2026-07-30T18:00:00+08:00,2026-07-31T08:00:00+08:00
360302,2026-07-30,weather_fit,46.5,2026-07-31T08:00:00+08:00,https://example.gov.cn/panel/360302,2026-07-30T18:00:00+08:00,2026-07-31T08:00:00+08:00
360302,2026-07-30,novelty,54.9,2026-07-31T08:00:00+08:00,https://example.gov.cn/panel/360302,2026-07-30T18:00:00+08:00,2026-07-31T08:00:00+08:00
360302,2026-07-30,cross_region_spread,51.3,2026-07-31T08:00:00+08:00,https://example.gov.cn/panel/360302,2026-07-30T18:00:00+08:00,2026-07-31T08:00:00+08:00
360302,2026-07-30,risk_pressure,26,2026-07-31T08:00:00+08:00,https://example.gov.cn/panel/360302,2026-07-30T18:00:00+08:00,2026-07-31T08:00:00+08:00
360302,2026-07-31,content_growth,60.7,2026-08-01T08:00:00+08:00,https://example.gov.cn/panel/360302,2026-07-31T18:00:00+08:00,2026-08-01T08:00:00+08:00
360302,2026-07-31,search_growth,58.2,2026-08-01T08:00:00+08:00,https://example.gov.cn/panel/360302,2026-07-31T18:00:00+08:00,2026-08-01T08:00:00+08:00
360302,2026-07-31,event_trigger,54.6,2026-08-01T08:00:00+08:00,https://example.gov.cn/panel/360302,2026-07-31T18:00:00+08:00,2026-08-01T08:00:00+08:00
360302,2026-07-31,accessibility,45.5,2026-08-01T08:00:00+08:00,https://example.gov.cn/panel/360302,2026-07-31T18:00:00+08:00,2026-08-01T08:00:00+08:00
360302,2026-07-31,supply_capacity,41.3,2026-08-01T08:00:00+08:00,https://example.gov.cn/panel/360302,2026-07-31T18:00:00+08:00,2026-08-01T08:00:00+08:00
360302,2026-07-31,weather_fit,47.3,2026-08-01T08:00:00+08:00,https://example.gov.cn/panel/360302,2026-07-31T18:00:00+08:00,2026-08-01T08:00:00+08:00
360302,2026-07-31,novelty,55.8,2026-08-01T08:00:00+08:00,https://example.gov.cn/panel/360302,2026-07-31T18:00:00+08:00,2026-08-01T08:00:00+08:00
360302,2026-07-31,cross_region_spread,52.2,2026-08-01T08:00:00+08:00,https://example.gov.cn/panel/360302,2026-07-31T18:00:00+08:00,2026-08-01T08:00:00+08:00
360302,2026-07-31,risk_pressure,26,2026-08-01T08:00:00+08:00,https://example.gov.cn/panel/360302,2026-07-31T18:00:00+08:00,2026-08-01T08:00:00+08:00
360302,2026-08-01,content_growth,61.7,2026-08-02T08:00:00+08:00,https://example.gov.cn/panel/360302,2026-08-01T18:00:00+08:00,2026-08-02T08:00:00+08:00
360302,2026-08-01,search_growth,59.2,2026-08-02T08:00:00+08:00,https://example.gov.cn/panel/360302,2026-08-01T18:00:00+08:00,2026-08-02T08:00:00+08:00
360302,2026-08-01,event_trigger,55.5,2026-08-02T08:00:00+08:00,https://example.gov.cn/panel/360302,2026-08-01T18:00:00+08:00,2026-08-02T08:00:00+08:00
360302,2026-08-01,accessibility,46.3,2026-08-02T08:00:00+08:00,https://example.gov.cn/panel/360302,2026-08-01T18:00:00+08:00,2026-08-02T08:00:00+08:00
360302,2026-08-01,supply_capacity,41.9,2026-08-02T08:00:00+08:00,https://example.gov.cn/panel/360302,2026-08-01T18:00:00+08:00,2026-08-02T08:00:00+08:00
360302,2026-08-01,weather_fit,48.1,2026-08-02T08:00:00+08:00,https://example.gov.cn/panel/360302,2026-08-01T18:00:00+08:00,2026-08-02T08:00:00+08:00
360302,2026-08-01,novelty,56.7,2026-08-02T08:00:00+08:00,https://example.gov.cn/panel/360302,2026-08-01T18:00:00+08:00,2026-08-02T08:00:00+08:00
360302,2026-08-01,cross_region_spread,53.0,2026-08-02T08:00:00+08:00,https://example.gov.cn/panel/360302,2026-08-01T18:00:00+08:00,2026-08-02T08:00:00+08:00
360302,2026-08-01,risk_pressure,26,2026-08-02T08:00:00+08:00,https://example.gov.cn/panel/360302,2026-08-01T18:00:00+08:00,2026-08-02T08:00:00+08:00
360302,2026-08-02,content_growth,62.7,2026-08-03T08:00:00+08:00,https://example.gov.cn/panel/360302,2026-08-02T18:00:00+08:00,2026-08-03T08:00:00+08:00
360302,2026-08-02,search_growth,60.2,2026-08-03T08:00:00+08:00,https://example.gov.cn/panel/360302,2026-08-02T18:00:00+08:00,2026-08-03T08:00:00+08:00
360302,2026-08-02,event_trigger,56.4,2026-08-03T08:00:00+08:00,https://example.gov.cn/panel/360302,2026-08-02T18:00:00+08:00,2026-08-03T08:00:00+08:00
360302,2026-08-02,accessibility,47.0,2026-08-03T08:00:00+08:00,https://example.gov.cn/panel/360302,2026-08-02T18:00:00+08:00,2026-08-03T08:00:00+08:00
360302,2026-08-02,supply_capacity,42.6,2026-08-03T08:00:00+08:00,https://example.gov.cn/panel/360302,2026-08-02T18:00:00+08:00,2026-08-03T08:00:00+08:00
360302,2026-08-02,weather_fit,48.9,2026-08-03T08:00:00+08:00,https://example.gov.cn/panel/360302,2026-08-02T18:00:00+08:00,2026-08-03T08:00:00+08:00
360302,2026-08-02,novelty,57.7,2026-08-03T08:00:00+08:00,https://example.gov.cn/panel/360302,2026-08-02T18:00:00+08:00,2026-08-03T08:00:00+08:00
360302,2026-08-02,cross_region_spread,53.9,2026-08-03T08:00:00+08:00,https://example.gov.cn/panel/360302,2026-08-02T18:00:00+08:00,2026-08-03T08:00:00+08:00
360302,2026-08-02,risk_pressure,26,2026-08-03T08:00:00+08:00,https://example.gov.cn/panel/360302,2026-08-02T18:00:00+08:00,2026-08-03T08:00:00+08:00
360302,2026-08-03,content_growth,63.7,2026-08-04T08:00:00+08:00,https://example.gov.cn/panel/360302,2026-08-03T18:00:00+08:00,2026-08-04T08:00:00+08:00
360302,2026-08-03,search_growth,61.1,2026-08-04T08:00:00+08:00,https://example.gov.cn/panel/360302,2026-08-03T18:00:00+08:00,2026-08-04T08:00:00+08:00
360302,2026-08-03,event_trigger,57.3,2026-08-04T08:00:00+08:00,https://example.gov.cn/panel/360302,2026-08-03T18:00:00+08:00,2026-08-04T08:00:00+08:00
360302,2026-08-03,accessibility,47.8,2026-08-04T08:00:00+08:00,https://example.gov.cn/panel/360302,2026-08-03T18:00:00+08:00,2026-08-04T08:00:00+08:00
360302,2026-08-03,supply_capacity,43.3,2026-08-04T08:00:00+08:00,https://example.gov.cn/panel/360302,2026-08-03T18:00:00+08:00,2026-08-04T08:00:00+08:00
360302,2026-08-03,weather_fit,49.7,2026-08-04T08:00:00+08:00,https://example.gov.cn/panel/360302,2026-08-03T18:00:00+08:00,2026-08-04T08:00:00+08:00
360302,2026-08-03,novelty,58.6,2026-08-04T08:00:00+08:00,https://example.gov.cn/panel/360302,2026-08-03T18:00:00+08:00,2026-08-04T08:00:00+08:00
360302,2026-08-03,cross_region_spread,54.8,2026-08-04T08:00:00+08:00,https://example.gov.cn/panel/360302,2026-08-03T18:00:00+08:00,2026-08-04T08:00:00+08:00
360302,2026-08-03,risk_pressure,26,2026-08-04T08:00:00+08:00,https://example.gov.cn/panel/360302,2026-08-03T18:00:00+08:00,2026-08-04T08:00:00+08:00
360302,2026-08-04,content_growth,64.7,2026-08-05T08:00:00+08:00,https://example.gov.cn/panel/360302,2026-08-04T18:00:00+08:00,2026-08-05T08:00:00+08:00
360302,2026-08-04,search_growth,62.1,2026-08-05T08:00:00+08:00,https://example.gov.cn/panel/360302,2026-08-04T18:00:00+08:00,2026-08-05T08:00:00+08:00
360302,2026-08-04,event_trigger,58.2,2026-08-05T08:00:00+08:00,https://example.gov.cn/panel/360302,2026-08-04T18:00:00+08:00,2026-08-05T08:00:00+08:00
360302,2026-08-04,accessibility,48.5,2026-08-05T08:00:00+08:00,https://example.gov.cn/panel/360302,2026-08-04T18:00:00+08:00,2026-08-05T08:00:00+08:00
360302,2026-08-04,supply_capacity,44.0,2026-08-05T08:00:00+08:00,https://example.gov.cn/panel/360302,2026-08-04T18:00:00+08:00,2026-08-05T08:00:00+08:00
360302,2026-08-04,weather_fit,50.4,2026-08-05T08:00:00+08:00,https://example.gov.cn/panel/360302,2026-08-04T18:00:00+08:00,2026-08-05T08:00:00+08:00
360302,2026-08-04,novelty,59.5,2026-08-05T08:00:00+08:00,https://example.gov.cn/panel/360302,2026-08-04T18:00:00+08:00,2026-08-05T08:00:00+08:00
360302,2026-08-04,cross_region_spread,55.6,2026-08-05T08:00:00+08:00,https://example.gov.cn/panel/360302,2026-08-04T18:00:00+08:00,2026-08-05T08:00:00+08:00
360302,2026-08-04,risk_pressure,26,2026-08-05T08:00:00+08:00,https://example.gov.cn/panel/360302,2026-08-04T18:00:00+08:00,2026-08-05T08:00:00+08:00
360302,2026-08-05,content_growth,65.7,2026-08-06T08:00:00+08:00,https://example.gov.cn/panel/360302,2026-08-05T18:00:00+08:00,2026-08-06T08:00:00+08:00
360302,2026-08-05,search_growth,63.0,2026-08-06T08:00:00+08:00,https://example.gov.cn/panel/360302,2026-08-05T18:00:00+08:00,2026-08-06T08:00:00+08:00
360302,2026-08-05,event_trigger,59.1,2026-08-06T08:00:00+08:00,https://example.gov.cn/panel/360302,2026-08-05T18:00:00+08:00,2026-08-06T08:00:00+08:00
360302,2026-08-05,accessibility,49.3,2026-08-06T08:00:00+08:00,https://example.gov.cn/panel/360302,2026-08-05T18:00:00+08:00,2026-08-06T08:00:00+08:00
360302,2026-08-05,supply_capacity,44.7,2026-08-06T08:00:00+08:00,https://example.gov.cn/panel/360302,2026-08-05T18:00:00+08:00,2026-08-06T08:00:00+08:00
360302,2026-08-05,weather_fit,51.2,2026-08-06T08:00:00+08:00,https://example.gov.cn/panel/360302,2026-08-05T18:00:00+08:00,2026-08-06T08:00:00+08:00
360302,2026-08-05,novelty,60.4,2026-08-06T08:00:00+08:00,https://example.gov.cn/panel/360302,2026-08-05T18:00:00+08:00,2026-08-06T08:00:00+08:00
360302,2026-08-05,cross_region_spread,56.5,2026-08-06T08:00:00+08:00,https://example.gov.cn/panel/360302,2026-08-05T18:00:00+08:00,2026-08-06T08:00:00+08:00
360302,2026-08-05,risk_pressure,26,2026-08-06T08:00:00+08:00,https://example.gov.cn/panel/360302,2026-08-05T18:00:00+08:00,2026-08-06T08:00:00+08:00
360302,2026-08-06,content_growth,66.7,2026-08-07T08:00:00+08:00,https://example.gov.cn/panel/360302,2026-08-06T18:00:00+08:00,2026-08-07T08:00:00+08:00
360302,2026-08-06,search_growth,64.0,2026-08-07T08:00:00+08:00,https://example.gov.cn/panel/360302,2026-08-06T18:00:00+08:00,2026-08-07T08:00:00+08:00
360302,2026-08-06,event_trigger,60.0,2026-08-07T08:00:00+08:00,https://example.gov.cn/panel/360302,2026-08-06T18:00:00+08:00,2026-08-07T08:00:00+08:00
360302,2026-08-06,accessibility,50.0,2026-08-07T08:00:00+08:00,https://example.gov.cn/panel/360302,2026-08-06T18:00:00+08:00,2026-08-07T08:00:00+08:00
360302,2026-08-06,supply_capacity,45.3,2026-08-07T08:00:00+08:00,https://example.gov.cn/panel/360302,2026-08-06T18:00:00+08:00,2026-08-07T08:00:00+08:00
360302,2026-08-06,weather_fit,52.0,2026-08-07T08:00:00+08:00,https://example.gov.cn/panel/360302,2026-08-06T18:00:00+08:00,2026-08-07T08:00:00+08:00
360302,2026-08-06,novelty,61.3,2026-08-07T08:00:00+08:00,https://example.gov.cn/panel/360302,2026-08-06T18:00:00+08:00,2026-08-07T08:00:00+08:00
360302,2026-08-06,cross_region_spread,57.3,2026-08-07T08:00:00+08:00,https://example.gov.cn/panel/360302,2026-08-06T18:00:00+08:00,2026-08-07T08:00:00+08:00
360302,2026-08-06,risk_pressure,26,2026-08-07T08:00:00+08:00,https://example.gov.cn/panel/360302,2026-08-06T18:00:00+08:00,2026-08-07T08:00:00+08:00
360302,2026-08-07,content_growth,67.7,2026-08-08T08:00:00+08:00,https://example.gov.cn/panel/360302,2026-08-07T18:00:00+08:00,2026-08-08T08:00:00+08:00
360302,2026-08-07,search_growth,65.0,2026-08-08T08:00:00+08:00,https://example.gov.cn/panel/360302,2026-08-07T18:00:00+08:00,2026-08-08T08:00:00+08:00
360302,2026-08-07,event_trigger,60.9,2026-08-08T08:00:00+08:00,https://example.gov.cn/panel/360302,2026-08-07T18:00:00+08:00,2026-08-08T08:00:00+08:00
360302,2026-08-07,accessibility,50.7,2026-08-08T08:00:00+08:00,https://example.gov.cn/panel/360302,2026-08-07T18:00:00+08:00,2026-08-08T08:00:00+08:00
360302,2026-08-07,supply_capacity,46.0,2026-08-08T08:00:00+08:00,https://example.gov.cn/panel/360302,2026-08-07T18:00:00+08:00,2026-08-08T08:00:00+08:00
360302,2026-08-07,weather_fit,52.8,2026-08-08T08:00:00+08:00,https://example.gov.cn/panel/360302,2026-08-07T18:00:00+08:00,2026-08-08T08:00:00+08:00
360302,2026-08-07,novelty,62.3,2026-08-08T08:00:00+08:00,https://example.gov.cn/panel/360302,2026-08-07T18:00:00+08:00,2026-08-08T08:00:00+08:00
360302,2026-08-07,cross_region_spread,58.2,2026-08-08T08:00:00+08:00,https://example.gov.cn/panel/360302,2026-08-07T18:00:00+08:00,2026-08-08T08:00:00+08:00
360302,2026-08-07,risk_pressure,26,2026-08-08T08:00:00+08:00,https://example.gov.cn/panel/360302,2026-08-07T18:00:00+08:00,2026-08-08T08:00:00+08:00
360302,2026-08-08,content_growth,68.7,2026-08-09T08:00:00+08:00,https://example.gov.cn/panel/360302,2026-08-08T18:00:00+08:00,2026-08-09T08:00:00+08:00
360302,2026-08-08,search_growth,65.9,2026-08-09T08:00:00+08:00,https://example.gov.cn/panel/360302,2026-08-08T18:00:00+08:00,2026-08-09T08:00:00+08:00
360302,2026-08-08,event_trigger,61.8,2026-08-09T08:00:00+08:00,https://example.gov.cn/panel/360302,2026-08-08T18:00:00+08:00,2026-08-09T08:00:00+08:00
360302,2026-08-08,accessibility,51.5,2026-08-09T08:00:00+08:00,https://example.gov.cn/panel/360302,2026-08-08T18:00:00+08:00,2026-08-09T08:00:00+08:00
360302,2026-08-08,supply_capacity,46.7,2026-08-09T08:00:00+08:00,https://example.gov.cn/panel/360302,2026-08-08T18:00:00+08:00,2026-08-09T08:00:00+08:00
360302,2026-08-08,weather_fit,53.6,2026-08-09T08:00:00+08:00,https://example.gov.cn/panel/360302,2026-08-08T18:00:00+08:00,2026-08-09T08:00:00+08:00
360302,2026-08-08,novelty,63.2,2026-08-09T08:00:00+08:00,https://example.gov.cn/panel/360302,2026-08-08T18:00:00+08:00,2026-08-09T08:00:00+08:00
360302,2026-08-08,cross_region_spread,59.1,2026-08-09T08:00:00+08:00,https://example.gov.cn/panel/360302,2026-08-08T18:00:00+08:00,2026-08-09T08:00:00+08:00
360302,2026-08-08,risk_pressure,26,2026-08-09T08:00:00+08:00,https://example.gov.cn/panel/360302,2026-08-08T18:00:00+08:00,2026-08-09T08:00:00+08:00
360302,2026-08-09,content_growth,69.7,2026-08-10T08:00:00+08:00,https://example.gov.cn/panel/360302,2026-08-09T18:00:00+08:00,2026-08-10T08:00:00+08:00
360302,2026-08-09,search_growth,66.9,2026-08-10T08:00:00+08:00,https://example.gov.cn/panel/360302,2026-08-09T18:00:00+08:00,2026-08-10T08:00:00+08:00
360302,2026-08-09,event_trigger,62.7,2026-08-10T08:00:00+08:00,https://example.gov.cn/panel/360302,2026-08-09T18:00:00+08:00,2026-08-10T08:00:00+08:00
360302,2026-08-09,accessibility,52.2,2026-08-10T08:00:00+08:00,https://example.gov.cn/panel/360302,2026-08-09T18:00:00+08:00,2026-08-10T08:00:00+08:00
360302,2026-08-09,supply_capacity,47.4,2026-08-10T08:00:00+08:00,https://example.gov.cn/panel/360302,2026-08-09T18:00:00+08:00,2026-08-10T08:00:00+08:00
360302,2026-08-09,weather_fit,54.3,2026-08-10T08:00:00+08:00,https://example.gov.cn/panel/360302,2026-08-09T18:00:00+08:00,2026-08-10T08:00:00+08:00
360302,2026-08-09,novelty,64.1,2026-08-10T08:00:00+08:00,https://example.gov.cn/panel/360302,2026-08-09T18:00:00+08:00,2026-08-10T08:00:00+08:00
360302,2026-08-09,cross_region_spread,59.9,2026-08-10T08:00:00+08:00,https://example.gov.cn/panel/360302,2026-08-09T18:00:00+08:00,2026-08-10T08:00:00+08:00
360302,2026-08-09,risk_pressure,26,2026-08-10T08:00:00+08:00,https://example.gov.cn/panel/360302,2026-08-09T18:00:00+08:00,2026-08-10T08:00:00+08:00
360302,2026-08-10,content_growth,70.7,2026-08-11T08:00:00+08:00,https://example.gov.cn/panel/360302,2026-08-10T18:00:00+08:00,2026-08-11T08:00:00+08:00
360302,2026-08-10,search_growth,67.8,2026-08-11T08:00:00+08:00,https://example.gov.cn/panel/360302,2026-08-10T18:00:00+08:00,2026-08-11T08:00:00+08:00
360302,2026-08-10,event_trigger,63.6,2026-08-11T08:00:00+08:00,https://example.gov.cn/panel/360302,2026-08-10T18:00:00+08:00,2026-08-11T08:00:00+08:00
360302,2026-08-10,accessibility,53.0,2026-08-11T08:00:00+08:00,https://example.gov.cn/panel/360302,2026-08-10T18:00:00+08:00,2026-08-11T08:00:00+08:00
360302,2026-08-10,supply_capacity,48.1,2026-08-11T08:00:00+08:00,https://example.gov.cn/panel/360302,2026-08-10T18:00:00+08:00,2026-08-11T08:00:00+08:00
360302,2026-08-10,weather_fit,55.1,2026-08-11T08:00:00+08:00,https://example.gov.cn/panel/360302,2026-08-10T18:00:00+08:00,2026-08-11T08:00:00+08:00
360302,2026-08-10,novelty,65.0,2026-08-11T08:00:00+08:00,https://example.gov.cn/panel/360302,2026-08-10T18:00:00+08:00,2026-08-11T08:00:00+08:00
360302,2026-08-10,cross_region_spread,60.8,2026-08-11T08:00:00+08:00,https://example.gov.cn/panel/360302,2026-08-10T18:00:00+08:00,2026-08-11T08:00:00+08:00
360302,2026-08-10,risk_pressure,26,2026-08-11T08:00:00+08:00,https://example.gov.cn/panel/360302,2026-08-10T18:00:00+08:00,2026-08-11T08:00:00+08:00
360302,2026-08-11,content_growth,71.7,2026-08-12T08:00:00+08:00,https://example.gov.cn/panel/360302,2026-08-11T18:00:00+08:00,2026-08-12T08:00:00+08:00
360302,2026-08-11,search_growth,68.8,2026-08-12T08:00:00+08:00,https://example.gov.cn/panel/360302,2026-08-11T18:00:00+08:00,2026-08-12T08:00:00+08:00
360302,2026-08-11,event_trigger,64.5,2026-08-12T08:00:00+08:00,https://example.gov.cn/panel/360302,2026-08-11T18:00:00+08:00,2026-08-12T08:00:00+08:00
360302,2026-08-11,accessibility,53.7,2026-08-12T08:00:00+08:00,https://example.gov.cn/panel/360302,2026-08-11T18:00:00+08:00,2026-08-12T08:00:00+08:00
360302,2026-08-11,supply_capacity,48.7,2026-08-12T08:00:00+08:00,https://example.gov.cn/panel/360302,2026-08-11T18:00:00+08:00,2026-08-12T08:00:00+08:00
360302,2026-08-11,weather_fit,55.9,2026-08-12T08:00:00+08:00,https://example.gov.cn/panel/360302,2026-08-11T18:00:00+08:00,2026-08-12T08:00:00+08:00
360302,2026-08-11,novelty,65.9,2026-08-12T08:00:00+08:00,https://example.gov.cn/panel/360302,2026-08-11T18:00:00+08:00,2026-08-12T08:00:00+08:00
360302,2026-08-11,cross_region_spread,61.6,2026-08-12T08:00:00+08:00,https://example.gov.cn/panel/360302,2026-08-11T18:00:00+08:00,2026-08-12T08:00:00+08:00
360302,2026-08-11,risk_pressure,26,2026-08-12T08:00:00+08:00,https://example.gov.cn/panel/360302,2026-08-11T18:00:00+08:00,2026-08-12T08:00:00+08:00
360302,2026-08-12,content_growth,72.7,2026-08-13T08:00:00+08:00,https://example.gov.cn/panel/360302,2026-08-12T18:00:00+08:00,2026-08-13T08:00:00+08:00
360302,2026-08-12,search_growth,69.8,2026-08-13T08:00:00+08:00,https://example.gov.cn/panel/360302,2026-08-12T18:00:00+08:00,2026-08-13T08:00:00+08:00
360302,2026-08-12,event_trigger,65.4,2026-08-13T08:00:00+08:00,https://example.gov.cn/panel/360302,2026-08-12T18:00:00+08:00,2026-08-13T08:00:00+08:00
360302,2026-08-12,accessibility,54.5,2026-08-13T08:00:00+08:00,https://example.gov.cn/panel/360302,2026-08-12T18:00:00+08:00,2026-08-13T08:00:00+08:00
360302,2026-08-12,supply_capacity,49.4,2026-08-13T08:00:00+08:00,https://example.gov.cn/panel/360302,2026-08-12T18:00:00+08:00,2026-08-13T08:00:00+08:00
360302,2026-08-12,weather_fit,56.7,2026-08-13T08:00:00+08:00,https://example.gov.cn/panel/360302,2026-08-12T18:00:00+08:00,2026-08-13T08:00:00+08:00
360302,2026-08-12,novelty,66.8,2026-08-13T08:00:00+08:00,https://example.gov.cn/panel/360302,2026-08-12T18:00:00+08:00,2026-08-13T08:00:00+08:00
360302,2026-08-12,cross_region_spread,62.5,2026-08-13T08:00:00+08:00,https://example.gov.cn/panel/360302,2026-08-12T18:00:00+08:00,2026-08-13T08:00:00+08:00
360302,2026-08-12,risk_pressure,26,2026-08-13T08:00:00+08:00,https://example.gov.cn/panel/360302,2026-08-12T18:00:00+08:00,2026-08-13T08:00:00+08:00
360302,2026-08-13,content_growth,72.7,2026-08-14T08:00:00+08:00,https://example.gov.cn/panel/360302,2026-08-13T18:00:00+08:00,2026-08-14T08:00:00+08:00
360302,2026-08-13,search_growth,69.8,2026-08-14T08:00:00+08:00,https://example.gov.cn/panel/360302,2026-08-13T18:00:00+08:00,2026-08-14T08:00:00+08:00
360302,2026-08-13,event_trigger,65.4,2026-08-14T08:00:00+08:00,https://example.gov.cn/panel/360302,2026-08-13T18:00:00+08:00,2026-08-14T08:00:00+08:00
360302,2026-08-13,accessibility,54.5,2026-08-14T08:00:00+08:00,https://example.gov.cn/panel/360302,2026-08-13T18:00:00+08:00,2026-08-14T08:00:00+08:00
360302,2026-08-13,supply_capacity,49.4,2026-08-14T08:00:00+08:00,https://example.gov.cn/panel/360302,2026-08-13T18:00:00+08:00,2026-08-14T08:00:00+08:00
360302,2026-08-13,weather_fit,56.7,2026-08-14T08:00:00+08:00,https://example.gov.cn/panel/360302,2026-08-13T18:00:00+08:00,2026-08-14T08:00:00+08:00
360302,2026-08-13,novelty,66.8,2026-08-14T08:00:00+08:00,https://example.gov.cn/panel/360302,2026-08-13T18:00:00+08:00,2026-08-14T08:00:00+08:00
360302,2026-08-13,cross_region_spread,62.5,2026-08-14T08:00:00+08:00,https://example.gov.cn/panel/360302,2026-08-13T18:00:00+08:00,2026-08-14T08:00:00+08:00
360302,2026-08-13,risk_pressure,26,2026-08-14T08:00:00+08:00,https://example.gov.cn/panel/360302,2026-08-13T18:00:00+08:00,2026-08-14T08:00:00+08:00
360302,2026-08-14,content_growth,72.7,2026-08-15T08:00:00+08:00,https://example.gov.cn/panel/360302,2026-08-14T18:00:00+08:00,2026-08-15T08:00:00+08:00
360302,2026-08-14,search_growth,69.8,2026-08-15T08:00:00+08:00,https://example.gov.cn/panel/360302,2026-08-14T18:00:00+08:00,2026-08-15T08:00:00+08:00
360302,2026-08-14,event_trigger,65.4,2026-08-15T08:00:00+08:00,https://example.gov.cn/panel/360302,2026-08-14T18:00:00+08:00,2026-08-15T08:00:00+08:00
360302,2026-08-14,accessibility,54.5,2026-08-15T08:00:00+08:00,https://example.gov.cn/panel/360302,2026-08-14T18:00:00+08:00,2026-08-15T08:00:00+08:00
360302,2026-08-14,supply_capacity,49.4,2026-08-15T08:00:00+08:00,https://example.gov.cn/panel/360302,2026-08-14T18:00:00+08:00,2026-08-15T08:00:00+08:00
360302,2026-08-14,weather_fit,56.7,2026-08-15T08:00:00+08:00,https://example.gov.cn/panel/360302,2026-08-14T18:00:00+08:00,2026-08-15T08:00:00+08:00
360302,2026-08-14,novelty,66.8,2026-08-15T08:00:00+08:00,https://example.gov.cn/panel/360302,2026-08-14T18:00:00+08:00,2026-08-15T08:00:00+08:00
360302,2026-08-14,cross_region_spread,62.5,2026-08-15T08:00:00+08:00,https://example.gov.cn/panel/360302,2026-08-14T18:00:00+08:00,2026-08-15T08:00:00+08:00
360302,2026-08-14,risk_pressure,26,2026-08-15T08:00:00+08:00,https://example.gov.cn/panel/360302,2026-08-14T18:00:00+08:00,2026-08-15T08:00:00+08:00
450200,2026-07-03,content_growth,29.9,2026-07-04T08:00:00+08:00,https://example.gov.cn/panel/450200,2026-07-03T18:00:00+08:00,2026-07-04T08:00:00+08:00
450200,2026-07-03,search_growth,28.7,2026-07-04T08:00:00+08:00,https://example.gov.cn/panel/450200,2026-07-03T18:00:00+08:00,2026-07-04T08:00:00+08:00
450200,2026-07-03,event_trigger,26.9,2026-07-04T08:00:00+08:00,https://example.gov.cn/panel/450200,2026-07-03T18:00:00+08:00,2026-07-04T08:00:00+08:00
450200,2026-07-03,accessibility,22.4,2026-07-04T08:00:00+08:00,https://example.gov.cn/panel/450200,2026-07-03T18:00:00+08:00,2026-07-04T08:00:00+08:00
450200,2026-07-03,supply_capacity,20.3,2026-07-04T08:00:00+08:00,https://example.gov.cn/panel/450200,2026-07-03T18:00:00+08:00,2026-07-04T08:00:00+08:00
450200,2026-07-03,weather_fit,23.3,2026-07-04T08:00:00+08:00,https://example.gov.cn/panel/450200,2026-07-03T18:00:00+08:00,2026-07-04T08:00:00+08:00
450200,2026-07-03,novelty,27.5,2026-07-04T08:00:00+08:00,https://example.gov.cn/panel/450200,2026-07-03T18:00:00+08:00,2026-07-04T08:00:00+08:00
450200,2026-07-03,cross_region_spread,25.7,2026-07-04T08:00:00+08:00,https://example.gov.cn/panel/450200,2026-07-03T18:00:00+08:00,2026-07-04T08:00:00+08:00
450200,2026-07-03,risk_pressure,26,2026-07-04T08:00:00+08:00,https://example.gov.cn/panel/450200,2026-07-03T18:00:00+08:00,2026-07-04T08:00:00+08:00
450200,2026-07-04,content_growth,30.8,2026-07-05T08:00:00+08:00,https://example.gov.cn/panel/450200,2026-07-04T18:00:00+08:00,2026-07-05T08:00:00+08:00
450200,2026-07-04,search_growth,29.6,2026-07-05T08:00:00+08:00,https://example.gov.cn/panel/450200,2026-07-04T18:00:00+08:00,2026-07-05T08:00:00+08:00
450200,2026-07-04,event_trigger,27.7,2026-07-05T08:00:00+08:00,https://example.gov.cn/panel/450200,2026-07-04T18:00:00+08:00,2026-07-05T08:00:00+08:00
450200,2026-07-04,accessibility,23.1,2026-07-05T08:00:00+08:00,https://example.gov.cn/panel/450200,2026-07-04T18:00:00+08:00,2026-07-05T08:00:00+08:00
450200,2026-07-04,supply_capacity,20.9,2026-07-05T08:00:00+08:00,https://example.gov.cn/panel/450200,2026-07-04T18:00:00+08:00,2026-07-05T08:00:00+08:00
450200,2026-07-04,weather_fit,24.0,2026-07-05T08:00:00+08:00,https://example.gov.cn/panel/450200,2026-07-04T18:00:00+08:00,2026-07-05T08:00:00+08:00
450200,2026-07-04,novelty,28.3,2026-07-05T08:00:00+08:00,https://example.gov.cn/panel/450200,2026-07-04T18:00:00+08:00,2026-07-05T08:00:00+08:00
450200,2026-07-04,cross_region_spread,26.5,2026-07-05T08:00:00+08:00,https://example.gov.cn/panel/450200,2026-07-04T18:00:00+08:00,2026-07-05T08:00:00+08:00
450200,2026-07-04,risk_pressure,26,2026-07-05T08:00:00+08:00,https://example.gov.cn/panel/450200,2026-07-04T18:00:00+08:00,2026-07-05T08:00:00+08:00
450200,2026-07-05,content_growth,31.7,2026-07-06T08:00:00+08:00,https://example.gov.cn/panel/450200,2026-07-05T18:00:00+08:00,2026-07-06T08:00:00+08:00
450200,2026-07-05,search_growth,30.4,2026-07-06T08:00:00+08:00,https://example.gov.cn/panel/450200,2026-07-05T18:00:00+08:00,2026-07-06T08:00:00+08:00
450200,2026-07-05,event_trigger,28.5,2026-07-06T08:00:00+08:00,https://example.gov.cn/panel/450200,2026-07-05T18:00:00+08:00,2026-07-06T08:00:00+08:00
450200,2026-07-05,accessibility,23.8,2026-07-06T08:00:00+08:00,https://example.gov.cn/panel/450200,2026-07-05T18:00:00+08:00,2026-07-06T08:00:00+08:00
450200,2026-07-05,supply_capacity,21.6,2026-07-06T08:00:00+08:00,https://example.gov.cn/panel/450200,2026-07-05T18:00:00+08:00,2026-07-06T08:00:00+08:00
450200,2026-07-05,weather_fit,24.7,2026-07-06T08:00:00+08:00,https://example.gov.cn/panel/450200,2026-07-05T18:00:00+08:00,2026-07-06T08:00:00+08:00
450200,2026-07-05,novelty,29.2,2026-07-06T08:00:00+08:00,https://example.gov.cn/panel/450200,2026-07-05T18:00:00+08:00,2026-07-06T08:00:00+08:00
450200,2026-07-05,cross_region_spread,27.3,2026-07-06T08:00:00+08:00,https://example.gov.cn/panel/450200,2026-07-05T18:00:00+08:00,2026-07-06T08:00:00+08:00
450200,2026-07-05,risk_pressure,26,2026-07-06T08:00:00+08:00,https://example.gov.cn/panel/450200,2026-07-05T18:00:00+08:00,2026-07-06T08:00:00+08:00
450200,2026-07-06,content_growth,32.6,2026-07-07T08:00:00+08:00,https://example.gov.cn/panel/450200,2026-07-06T18:00:00+08:00,2026-07-07T08:00:00+08:00
450200,2026-07-06,search_growth,31.3,2026-07-07T08:00:00+08:00,https://example.gov.cn/panel/450200,2026-07-06T18:00:00+08:00,2026-07-07T08:00:00+08:00
450200,2026-07-06,event_trigger,29.4,2026-07-07T08:00:00+08:00,https://example.gov.cn/panel/450200,2026-07-06T18:00:00+08:00,2026-07-07T08:00:00+08:00
450200,2026-07-06,accessibility,24.5,2026-07-07T08:00:00+08:00,https://example.gov.cn/panel/450200,2026-07-06T18:00:00+08:00,2026-07-07T08:00:00+08:00
450200,2026-07-06,supply_capacity,22.2,2026-07-07T08:00:00+08:00,https://example.gov.cn/panel/450200,2026-07-06T18:00:00+08:00,2026-07-07T08:00:00+08:00
450200,2026-07-06,weather_fit,25.4,2026-07-07T08:00:00+08:00,https://example.gov.cn/panel/450200,2026-07-06T18:00:00+08:00,2026-07-07T08:00:00+08:00
450200,2026-07-06,novelty,30.0,2026-07-07T08:00:00+08:00,https://example.gov.cn/panel/450200,2026-07-06T18:00:00+08:00,2026-07-07T08:00:00+08:00
450200,2026-07-06,cross_region_spread,28.1,2026-07-07T08:00:00+08:00,https://example.gov.cn/panel/450200,2026-07-06T18:00:00+08:00,2026-07-07T08:00:00+08:00
450200,2026-07-06,risk_pressure,26,2026-07-07T08:00:00+08:00,https://example.gov.cn/panel/450200,2026-07-06T18:00:00+08:00,2026-07-07T08:00:00+08:00
450200,2026-07-07,content_growth,33.5,2026-07-08T08:00:00+08:00,https://example.gov.cn/panel/450200,2026-07-07T18:00:00+08:00,2026-07-08T08:00:00+08:00
450200,2026-07-07,search_growth,32.2,2026-07-08T08:00:00+08:00,https://example.gov.cn/panel/450200,2026-07-07T18:00:00+08:00,2026-07-08T08:00:00+08:00
450200,2026-07-07,event_trigger,30.2,2026-07-08T08:00:00+08:00,https://example.gov.cn/panel/450200,2026-07-07T18:00:00+08:00,2026-07-08T08:00:00+08:00
450200,2026-07-07,accessibility,25.2,2026-07-08T08:00:00+08:00,https://example.gov.cn/panel/450200,2026-07-07T18:00:00+08:00,2026-07-08T08:00:00+08:00
450200,2026-07-07,supply_capacity,22.8,2026-07-08T08:00:00+08:00,https://example.gov.cn/panel/450200,2026-07-07T18:00:00+08:00,2026-07-08T08:00:00+08:00
450200,2026-07-07,weather_fit,26.2,2026-07-08T08:00:00+08:00,https://example.gov.cn/panel/450200,2026-07-07T18:00:00+08:00,2026-07-08T08:00:00+08:00
450200,2026-07-07,novelty,30.9,2026-07-08T08:00:00+08:00,https://example.gov.cn/panel/450200,2026-07-07T18:00:00+08:00,2026-07-08T08:00:00+08:00
450200,2026-07-07,cross_region_spread,28.8,2026-07-08T08:00:00+08:00,https://example.gov.cn/panel/450200,2026-07-07T18:00:00+08:00,2026-07-08T08:00:00+08:00
450200,2026-07-07,risk_pressure,26,2026-07-08T08:00:00+08:00,https://example.gov.cn/panel/450200,2026-07-07T18:00:00+08:00,2026-07-08T08:00:00+08:00
450200,2026-07-08,content_growth,34.5,2026-07-09T08:00:00+08:00,https://example.gov.cn/panel/450200,2026-07-08T18:00:00+08:00,2026-07-09T08:00:00+08:00
450200,2026-07-08,search_growth,33.1,2026-07-09T08:00:00+08:00,https://example.gov.cn/panel/450200,2026-07-08T18:00:00+08:00,2026-07-09T08:00:00+08:00
450200,2026-07-08,event_trigger,31.0,2026-07-09T08:00:00+08:00,https://example.gov.cn/panel/450200,2026-07-08T18:00:00+08:00,2026-07-09T08:00:00+08:00
450200,2026-07-08,accessibility,25.8,2026-07-09T08:00:00+08:00,https://example.gov.cn/panel/450200,2026-07-08T18:00:00+08:00,2026-07-09T08:00:00+08:00
450200,2026-07-08,supply_capacity,23.4,2026-07-09T08:00:00+08:00,https://example.gov.cn/panel/450200,2026-07-08T18:00:00+08:00,2026-07-09T08:00:00+08:00
450200,2026-07-08,weather_fit,26.9,2026-07-09T08:00:00+08:00,https://example.gov.cn/panel/450200,2026-07-08T18:00:00+08:00,2026-07-09T08:00:00+08:00
450200,2026-07-08,novelty,31.7,2026-07-09T08:00:00+08:00,https://example.gov.cn/panel/450200,2026-07-08T18:00:00+08:00,2026-07-09T08:00:00+08:00
450200,2026-07-08,cross_region_spread,29.6,2026-07-09T08:00:00+08:00,https://example.gov.cn/panel/450200,2026-07-08T18:00:00+08:00,2026-07-09T08:00:00+08:00
450200,2026-07-08,risk_pressure,26,2026-07-09T08:00:00+08:00,https://example.gov.cn/panel/450200,2026-07-08T18:00:00+08:00,2026-07-09T08:00:00+08:00
450200,2026-07-09,content_growth,35.4,2026-07-10T08:00:00+08:00,https://example.gov.cn/panel/450200,2026-07-09T18:00:00+08:00,2026-07-10T08:00:00+08:00
450200,2026-07-09,search_growth,34.0,2026-07-10T08:00:00+08:00,https://example.gov.cn/panel/450200,2026-07-09T18:00:00+08:00,2026-07-10T08:00:00+08:00
450200,2026-07-09,event_trigger,31.8,2026-07-10T08:00:00+08:00,https://example.gov.cn/panel/450200,2026-07-09T18:00:00+08:00,2026-07-10T08:00:00+08:00
450200,2026-07-09,accessibility,26.5,2026-07-10T08:00:00+08:00,https://example.gov.cn/panel/450200,2026-07-09T18:00:00+08:00,2026-07-10T08:00:00+08:00
450200,2026-07-09,supply_capacity,24.0,2026-07-10T08:00:00+08:00,https://example.gov.cn/panel/450200,2026-07-09T18:00:00+08:00,2026-07-10T08:00:00+08:00
450200,2026-07-09,weather_fit,27.6,2026-07-10T08:00:00+08:00,https://example.gov.cn/panel/450200,2026-07-09T18:00:00+08:00,2026-07-10T08:00:00+08:00
450200,2026-07-09,novelty,32.5,2026-07-10T08:00:00+08:00,https://example.gov.cn/panel/450200,2026-07-09T18:00:00+08:00,2026-07-10T08:00:00+08:00
450200,2026-07-09,cross_region_spread,30.4,2026-07-10T08:00:00+08:00,https://example.gov.cn/panel/450200,2026-07-09T18:00:00+08:00,2026-07-10T08:00:00+08:00
450200,2026-07-09,risk_pressure,26,2026-07-10T08:00:00+08:00,https://example.gov.cn/panel/450200,2026-07-09T18:00:00+08:00,2026-07-10T08:00:00+08:00
450200,2026-07-10,content_growth,36.3,2026-07-11T08:00:00+08:00,https://example.gov.cn/panel/450200,2026-07-10T18:00:00+08:00,2026-07-11T08:00:00+08:00
450200,2026-07-10,search_growth,34.8,2026-07-11T08:00:00+08:00,https://example.gov.cn/panel/450200,2026-07-10T18:00:00+08:00,2026-07-11T08:00:00+08:00
450200,2026-07-10,event_trigger,32.7,2026-07-11T08:00:00+08:00,https://example.gov.cn/panel/450200,2026-07-10T18:00:00+08:00,2026-07-11T08:00:00+08:00
450200,2026-07-10,accessibility,27.2,2026-07-11T08:00:00+08:00,https://example.gov.cn/panel/450200,2026-07-10T18:00:00+08:00,2026-07-11T08:00:00+08:00
450200,2026-07-10,supply_capacity,24.7,2026-07-11T08:00:00+08:00,https://example.gov.cn/panel/450200,2026-07-10T18:00:00+08:00,2026-07-11T08:00:00+08:00
450200,2026-07-10,weather_fit,28.3,2026-07-11T08:00:00+08:00,https://example.gov.cn/panel/450200,2026-07-10T18:00:00+08:00,2026-07-11T08:00:00+08:00
450200,2026-07-10,novelty,33.4,2026-07-11T08:00:00+08:00,https://example.gov.cn/panel/450200,2026-07-10T18:00:00+08:00,2026-07-11T08:00:00+08:00
450200,2026-07-10,cross_region_spread,31.2,2026-07-11T08:00:00+08:00,https://example.gov.cn/panel/450200,2026-07-10T18:00:00+08:00,2026-07-11T08:00:00+08:00
450200,2026-07-10,risk_pressure,26,2026-07-11T08:00:00+08:00,https://example.gov.cn/panel/450200,2026-07-10T18:00:00+08:00,2026-07-11T08:00:00+08:00
450200,2026-07-11,content_growth,37.2,2026-07-12T08:00:00+08:00,https://example.gov.cn/panel/450200,2026-07-11T18:00:00+08:00,2026-07-12T08:00:00+08:00
450200,2026-07-11,search_growth,35.7,2026-07-12T08:00:00+08:00,https://example.gov.cn/panel/450200,2026-07-11T18:00:00+08:00,2026-07-12T08:00:00+08:00
450200,2026-07-11,event_trigger,33.5,2026-07-12T08:00:00+08:00,https://example.gov.cn/panel/450200,2026-07-11T18:00:00+08:00,2026-07-12T08:00:00+08:00
450200,2026-07-11,accessibility,27.9,2026-07-12T08:00:00+08:00,https://example.gov.cn/panel/450200,2026-07-11T18:00:00+08:00,2026-07-12T08:00:00+08:00
450200,2026-07-11,supply_capacity,25.3,2026-07-12T08:00:00+08:00,https://example.gov.cn/panel/450200,2026-07-11T18:00:00+08:00,2026-07-12T08:00:00+08:00
450200,2026-07-11,weather_fit,29.0,2026-07-12T08:00:00+08:00,https://example.gov.cn/panel/450200,2026-07-11T18:00:00+08:00,2026-07-12T08:00:00+08:00
450200,2026-07-11,novelty,34.2,2026-07-12T08:00:00+08:00,https://example.gov.cn/panel/450200,2026-07-11T18:00:00+08:00,2026-07-12T08:00:00+08:00
450200,2026-07-11,cross_region_spread,32.0,2026-07-12T08:00:00+08:00,https://example.gov.cn/panel/450200,2026-07-11T18:00:00+08:00,2026-07-12T08:00:00+08:00
450200,2026-07-11,risk_pressure,26,2026-07-12T08:00:00+08:00,https://example.gov.cn/panel/450200,2026-07-11T18:00:00+08:00,2026-07-12T08:00:00+08:00
450200,2026-07-12,content_growth,38.1,2026-07-13T08:00:00+08:00,https://example.gov.cn/panel/450200,2026-07-12T18:00:00+08:00,2026-07-13T08:00:00+08:00
450200,2026-07-12,search_growth,36.6,2026-07-13T08:00:00+08:00,https://example.gov.cn/panel/450200,2026-07-12T18:00:00+08:00,2026-07-13T08:00:00+08:00
450200,2026-07-12,event_trigger,34.3,2026-07-13T08:00:00+08:00,https://example.gov.cn/panel/450200,2026-07-12T18:00:00+08:00,2026-07-13T08:00:00+08:00
450200,2026-07-12,accessibility,28.6,2026-07-13T08:00:00+08:00,https://example.gov.cn/panel/450200,2026-07-12T18:00:00+08:00,2026-07-13T08:00:00+08:00
450200,2026-07-12,supply_capacity,25.9,2026-07-13T08:00:00+08:00,https://example.gov.cn/panel/450200,2026-07-12T18:00:00+08:00,2026-07-13T08:00:00+08:00
450200,2026-07-12,weather_fit,29.7,2026-07-13T08:00:00+08:00,https://example.gov.cn/panel/450200,2026-07-12T18:00:00+08:00,2026-07-13T08:00:00+08:00
450200,2026-07-12,novelty,35.1,2026-07-13T08:00:00+08:00,https://example.gov.cn/panel/450200,2026-07-12T18:00:00+08:00,2026-07-13T08:00:00+08:00
450200,2026-07-12,cross_region_spread,32.8,2026-07-13T08:00:00+08:00,https://example.gov.cn/panel/450200,2026-07-12T18:00:00+08:00,2026-07-13T08:00:00+08:00
450200,2026-07-12,risk_pressure,26,2026-07-13T08:00:00+08:00,https://example.gov.cn/panel/450200,2026-07-12T18:00:00+08:00,2026-07-13T08:00:00+08:00
450200,2026-07-13,content_growth,39.0,2026-07-14T08:00:00+08:00,https://example.gov.cn/panel/450200,2026-07-13T18:00:00+08:00,2026-07-14T08:00:00+08:00
450200,2026-07-13,search_growth,37.5,2026-07-14T08:00:00+08:00,https://example.gov.cn/panel/450200,2026-07-13T18:00:00+08:00,2026-07-14T08:00:00+08:00
450200,2026-07-13,event_trigger,35.1,2026-07-14T08:00:00+08:00,https://example.gov.cn/panel/450200,2026-07-13T18:00:00+08:00,2026-07-14T08:00:00+08:00
450200,2026-07-13,accessibility,29.3,2026-07-14T08:00:00+08:00,https://example.gov.cn/panel/450200,2026-07-13T18:00:00+08:00,2026-07-14T08:00:00+08:00
450200,2026-07-13,supply_capacity,26.5,2026-07-14T08:00:00+08:00,https://example.gov.cn/panel/450200,2026-07-13T18:00:00+08:00,2026-07-14T08:00:00+08:00
450200,2026-07-13,weather_fit,30.4,2026-07-14T08:00:00+08:00,https://example.gov.cn/panel/450200,2026-07-13T18:00:00+08:00,2026-07-14T08:00:00+08:00
450200,2026-07-13,novelty,35.9,2026-07-14T08:00:00+08:00,https://example.gov.cn/panel/450200,2026-07-13T18:00:00+08:00,2026-07-14T08:00:00+08:00
450200,2026-07-13,cross_region_spread,33.6,2026-07-14T08:00:00+08:00,https://example.gov.cn/panel/450200,2026-07-13T18:00:00+08:00,2026-07-14T08:00:00+08:00
450200,2026-07-13,risk_pressure,26,2026-07-14T08:00:00+08:00,https://example.gov.cn/panel/450200,2026-07-13T18:00:00+08:00,2026-07-14T08:00:00+08:00
450200,2026-07-14,content_growth,39.9,2026-07-15T08:00:00+08:00,https://example.gov.cn/panel/450200,2026-07-14T18:00:00+08:00,2026-07-15T08:00:00+08:00
450200,2026-07-14,search_growth,38.3,2026-07-15T08:00:00+08:00,https://example.gov.cn/panel/450200,2026-07-14T18:00:00+08:00,2026-07-15T08:00:00+08:00
450200,2026-07-14,event_trigger,35.9,2026-07-15T08:00:00+08:00,https://example.gov.cn/panel/450200,2026-07-14T18:00:00+08:00,2026-07-15T08:00:00+08:00
450200,2026-07-14,accessibility,29.9,2026-07-15T08:00:00+08:00,https://example.gov.cn/panel/450200,2026-07-14T18:00:00+08:00,2026-07-15T08:00:00+08:00
450200,2026-07-14,supply_capacity,27.2,2026-07-15T08:00:00+08:00,https://example.gov.cn/panel/450200,2026-07-14T18:00:00+08:00,2026-07-15T08:00:00+08:00
450200,2026-07-14,weather_fit,31.1,2026-07-15T08:00:00+08:00,https://example.gov.cn/panel/450200,2026-07-14T18:00:00+08:00,2026-07-15T08:00:00+08:00
450200,2026-07-14,novelty,36.7,2026-07-15T08:00:00+08:00,https://example.gov.cn/panel/450200,2026-07-14T18:00:00+08:00,2026-07-15T08:00:00+08:00
450200,2026-07-14,cross_region_spread,34.3,2026-07-15T08:00:00+08:00,https://example.gov.cn/panel/450200,2026-07-14T18:00:00+08:00,2026-07-15T08:00:00+08:00
450200,2026-07-14,risk_pressure,26,2026-07-15T08:00:00+08:00,https://example.gov.cn/panel/450200,2026-07-14T18:00:00+08:00,2026-07-15T08:00:00+08:00
450200,2026-07-15,content_growth,40.8,2026-07-16T08:00:00+08:00,https://example.gov.cn/panel/450200,2026-07-15T18:00:00+08:00,2026-07-16T08:00:00+08:00
450200,2026-07-15,search_growth,39.2,2026-07-16T08:00:00+08:00,https://example.gov.cn/panel/450200,2026-07-15T18:00:00+08:00,2026-07-16T08:00:00+08:00
450200,2026-07-15,event_trigger,36.8,2026-07-16T08:00:00+08:00,https://example.gov.cn/panel/450200,2026-07-15T18:00:00+08:00,2026-07-16T08:00:00+08:00
450200,2026-07-15,accessibility,30.6,2026-07-16T08:00:00+08:00,https://example.gov.cn/panel/450200,2026-07-15T18:00:00+08:00,2026-07-16T08:00:00+08:00
450200,2026-07-15,supply_capacity,27.8,2026-07-16T08:00:00+08:00,https://example.gov.cn/panel/450200,2026-07-15T18:00:00+08:00,2026-07-16T08:00:00+08:00
450200,2026-07-15,weather_fit,31.9,2026-07-16T08:00:00+08:00,https://example.gov.cn/panel/450200,2026-07-15T18:00:00+08:00,2026-07-16T08:00:00+08:00
450200,2026-07-15,novelty,37.6,2026-07-16T08:00:00+08:00,https://example.gov.cn/panel/450200,2026-07-15T18:00:00+08:00,2026-07-16T08:00:00+08:00
450200,2026-07-15,cross_region_spread,35.1,2026-07-16T08:00:00+08:00,https://example.gov.cn/panel/450200,2026-07-15T18:00:00+08:00,2026-07-16T08:00:00+08:00
450200,2026-07-15,risk_pressure,26,2026-07-16T08:00:00+08:00,https://example.gov.cn/panel/450200,2026-07-15T18:00:00+08:00,2026-07-16T08:00:00+08:00
450200,2026-07-16,content_growth,41.8,2026-07-17T08:00:00+08:00,https://example.gov.cn/panel/450200,2026-07-16T18:00:00+08:00,2026-07-17T08:00:00+08:00
450200,2026-07-16,search_growth,40.1,2026-07-17T08:00:00+08:00,https://example.gov.cn/panel/450200,2026-07-16T18:00:00+08:00,2026-07-17T08:00:00+08:00
450200,2026-07-16,event_trigger,37.6,2026-07-17T08:00:00+08:00,https://example.gov.cn/panel/450200,2026-07-16T18:00:00+08:00,2026-07-17T08:00:00+08:00
450200,2026-07-16,accessibility,31.3,2026-07-17T08:00:00+08:00,https://example.gov.cn/panel/450200,2026-07-16T18:00:00+08:00,2026-07-17T08:00:00+08:00
450200,2026-07-16,supply_capacity,28.4,2026-07-17T08:00:00+08:00,https://example.gov.cn/panel/450200,2026-07-16T18:00:00+08:00,2026-07-17T08:00:00+08:00
450200,2026-07-16,weather_fit,32.6,2026-07-17T08:00:00+08:00,https://example.gov.cn/panel/450200,2026-07-16T18:00:00+08:00,2026-07-17T08:00:00+08:00
450200,2026-07-16,novelty,38.4,2026-07-17T08:00:00+08:00,https://example.gov.cn/panel/450200,2026-07-16T18:00:00+08:00,2026-07-17T08:00:00+08:00
450200,2026-07-16,cross_region_spread,35.9,2026-07-17T08:00:00+08:00,https://example.gov.cn/panel/450200,2026-07-16T18:00:00+08:00,2026-07-17T08:00:00+08:00
450200,2026-07-16,risk_pressure,26,2026-07-17T08:00:00+08:00,https://example.gov.cn/panel/450200,2026-07-16T18:00:00+08:00,2026-07-17T08:00:00+08:00
450200,2026-07-17,content_growth,42.7,2026-07-18T08:00:00+08:00,https://example.gov.cn/panel/450200,2026-07-17T18:00:00+08:00,2026-07-18T08:00:00+08:00
450200,2026-07-17,search_growth,41.0,2026-07-18T08:00:00+08:00,https://example.gov.cn/panel/450200,2026-07-17T18:00:00+08:00,2026-07-18T08:00:00+08:00
450200,2026-07-17,event_trigger,38.4,2026-07-18T08:00:00+08:00,https://example.gov.cn/panel/450200,2026-07-17T18:00:00+08:00,2026-07-18T08:00:00+08:00
450200,2026-07-17,accessibility,32.0,2026-07-18T08:00:00+08:00,https://example.gov.cn/panel/450200,2026-07-17T18:00:00+08:00,2026-07-18T08:00:00+08:00
450200,2026-07-17,supply_capacity,29.0,2026-07-18T08:00:00+08:00,https://example.gov.cn/panel/450200,2026-07-17T18:00:00+08:00,2026-07-18T08:00:00+08:00
450200,2026-07-17,weather_fit,33.3,2026-07-18T08:00:00+08:00,https://example.gov.cn/panel/450200,2026-07-17T18:00:00+08:00,2026-07-18T08:00:00+08:00
450200,2026-07-17,novelty,39.3,2026-07-18T08:00:00+08:00,https://example.gov.cn/panel/450200,2026-07-17T18:00:00+08:00,2026-07-18T08:00:00+08:00
450200,2026-07-17,cross_region_spread,36.7,2026-07-18T08:00:00+08:00,https://example.gov.cn/panel/450200,2026-07-17T18:00:00+08:00,2026-07-18T08:00:00+08:00
450200,2026-07-17,risk_pressure,26,2026-07-18T08:00:00+08:00,https://example.gov.cn/panel/450200,2026-07-17T18:00:00+08:00,2026-07-18T08:00:00+08:00
450200,2026-07-18,content_growth,43.6,2026-07-19T08:00:00+08:00,https://example.gov.cn/panel/450200,2026-07-18T18:00:00+08:00,2026-07-19T08:00:00+08:00
450200,2026-07-18,search_growth,41.8,2026-07-19T08:00:00+08:00,https://example.gov.cn/panel/450200,2026-07-18T18:00:00+08:00,2026-07-19T08:00:00+08:00
450200,2026-07-18,event_trigger,39.2,2026-07-19T08:00:00+08:00,https://example.gov.cn/panel/450200,2026-07-18T18:00:00+08:00,2026-07-19T08:00:00+08:00
450200,2026-07-18,accessibility,32.7,2026-07-19T08:00:00+08:00,https://example.gov.cn/panel/450200,2026-07-18T18:00:00+08:00,2026-07-19T08:00:00+08:00
450200,2026-07-18,supply_capacity,29.6,2026-07-19T08:00:00+08:00,https://example.gov.cn/panel/450200,2026-07-18T18:00:00+08:00,2026-07-19T08:00:00+08:00
450200,2026-07-18,weather_fit,34.0,2026-07-19T08:00:00+08:00,https://example.gov.cn/panel/450200,2026-07-18T18:00:00+08:00,2026-07-19T08:00:00+08:00
450200,2026-07-18,novelty,40.1,2026-07-19T08:00:00+08:00,https://example.gov.cn/panel/450200,2026-07-18T18:00:00+08:00,2026-07-19T08:00:00+08:00
450200,2026-07-18,cross_region_spread,37.5,2026-07-19T08:00:00+08:00,https://example.gov.cn/panel/450200,2026-07-18T18:00:00+08:00,2026-07-19T08:00:00+08:00
450200,2026-07-18,risk_pressure,26,2026-07-19T08:00:00+08:00,https://example.gov.cn/panel/450200,2026-07-18T18:00:00+08:00,2026-07-19T08:00:00+08:00
450200,2026-07-19,content_growth,44.5,2026-07-20T08:00:00+08:00,https://example.gov.cn/panel/450200,2026-07-19T18:00:00+08:00,2026-07-20T08:00:00+08:00
450200,2026-07-19,search_growth,42.7,2026-07-20T08:00:00+08:00,https://example.gov.cn/panel/450200,2026-07-19T18:00:00+08:00,2026-07-20T08:00:00+08:00
450200,2026-07-19,event_trigger,40.0,2026-07-20T08:00:00+08:00,https://example.gov.cn/panel/450200,2026-07-19T18:00:00+08:00,2026-07-20T08:00:00+08:00
450200,2026-07-19,accessibility,33.4,2026-07-20T08:00:00+08:00,https://example.gov.cn/panel/450200,2026-07-19T18:00:00+08:00,2026-07-20T08:00:00+08:00
450200,2026-07-19,supply_capacity,30.3,2026-07-20T08:00:00+08:00,https://example.gov.cn/panel/450200,2026-07-19T18:00:00+08:00,2026-07-20T08:00:00+08:00
450200,2026-07-19,weather_fit,34.7,2026-07-20T08:00:00+08:00,https://example.gov.cn/panel/450200,2026-07-19T18:00:00+08:00,2026-07-20T08:00:00+08:00
450200,2026-07-19,novelty,40.9,2026-07-20T08:00:00+08:00,https://example.gov.cn/panel/450200,2026-07-19T18:00:00+08:00,2026-07-20T08:00:00+08:00
450200,2026-07-19,cross_region_spread,38.3,2026-07-20T08:00:00+08:00,https://example.gov.cn/panel/450200,2026-07-19T18:00:00+08:00,2026-07-20T08:00:00+08:00
450200,2026-07-19,risk_pressure,26,2026-07-20T08:00:00+08:00,https://example.gov.cn/panel/450200,2026-07-19T18:00:00+08:00,2026-07-20T08:00:00+08:00
450200,2026-07-20,content_growth,45.4,2026-07-21T08:00:00+08:00,https://example.gov.cn/panel/450200,2026-07-20T18:00:00+08:00,2026-07-21T08:00:00+08:00
450200,2026-07-20,search_growth,43.6,2026-07-21T08:00:00+08:00,https://example.gov.cn/panel/450200,2026-07-20T18:00:00+08:00,2026-07-21T08:00:00+08:00
450200,2026-07-20,event_trigger,40.9,2026-07-21T08:00:00+08:00,https://example.gov.cn/panel/450200,2026-07-20T18:00:00+08:00,2026-07-21T08:00:00+08:00
450200,2026-07-20,accessibility,34.1,2026-07-21T08:00:00+08:00,https://example.gov.cn/panel/450200,2026-07-20T18:00:00+08:00,2026-07-21T08:00:00+08:00
450200,2026-07-20,supply_capacity,30.9,2026-07-21T08:00:00+08:00,https://example.gov.cn/panel/450200,2026-07-20T18:00:00+08:00,2026-07-21T08:00:00+08:00
450200,2026-07-20,weather_fit,35.4,2026-07-21T08:00:00+08:00,https://example.gov.cn/panel/450200,2026-07-20T18:00:00+08:00,2026-07-21T08:00:00+08:00
450200,2026-07-20,novelty,41.8,2026-07-21T08:00:00+08:00,https://example.gov.cn/panel/450200,2026-07-20T18:00:00+08:00,2026-07-21T08:00:00+08:00
450200,2026-07-20,cross_region_spread,39.1,2026-07-21T08:00:00+08:00,https://example.gov.cn/panel/450200,2026-07-20T18:00:00+08:00,2026-07-21T08:00:00+08:00
450200,2026-07-20,risk_pressure,26,2026-07-21T08:00:00+08:00,https://example.gov.cn/panel/450200,2026-07-20T18:00:00+08:00,2026-07-21T08:00:00+08:00
450200,2026-07-21,content_growth,46.3,2026-07-22T08:00:00+08:00,https://example.gov.cn/panel/450200,2026-07-21T18:00:00+08:00,2026-07-22T08:00:00+08:00
450200,2026-07-21,search_growth,44.5,2026-07-22T08:00:00+08:00,https://example.gov.cn/panel/450200,2026-07-21T18:00:00+08:00,2026-07-22T08:00:00+08:00
450200,2026-07-21,event_trigger,41.7,2026-07-22T08:00:00+08:00,https://example.gov.cn/panel/450200,2026-07-21T18:00:00+08:00,2026-07-22T08:00:00+08:00
450200,2026-07-21,accessibility,34.7,2026-07-22T08:00:00+08:00,https://example.gov.cn/panel/450200,2026-07-21T18:00:00+08:00,2026-07-22T08:00:00+08:00
450200,2026-07-21,supply_capacity,31.5,2026-07-22T08:00:00+08:00,https://example.gov.cn/panel/450200,2026-07-21T18:00:00+08:00,2026-07-22T08:00:00+08:00
450200,2026-07-21,weather_fit,36.1,2026-07-22T08:00:00+08:00,https://example.gov.cn/panel/450200,2026-07-21T18:00:00+08:00,2026-07-22T08:00:00+08:00
450200,2026-07-21,novelty,42.6,2026-07-22T08:00:00+08:00,https://example.gov.cn/panel/450200,2026-07-21T18:00:00+08:00,2026-07-22T08:00:00+08:00
450200,2026-07-21,cross_region_spread,39.8,2026-07-22T08:00:00+08:00,https://example.gov.cn/panel/450200,2026-07-21T18:00:00+08:00,2026-07-22T08:00:00+08:00
450200,2026-07-21,risk_pressure,26,2026-07-22T08:00:00+08:00,https://example.gov.cn/panel/450200,2026-07-21T18:00:00+08:00,2026-07-22T08:00:00+08:00
450200,2026-07-22,content_growth,47.2,2026-07-23T08:00:00+08:00,https://example.gov.cn/panel/450200,2026-07-22T18:00:00+08:00,2026-07-23T08:00:00+08:00
450200,2026-07-22,search_growth,45.3,2026-07-23T08:00:00+08:00,https://example.gov.cn/panel/450200,2026-07-22T18:00:00+08:00,2026-07-23T08:00:00+08:00
450200,2026-07-22,event_trigger,42.5,2026-07-23T08:00:00+08:00,https://example.gov.cn/panel/450200,2026-07-22T18:00:00+08:00,2026-07-23T08:00:00+08:00
450200,2026-07-22,accessibility,35.4,2026-07-23T08:00:00+08:00,https://example.gov.cn/panel/450200,2026-07-22T18:00:00+08:00,2026-07-23T08:00:00+08:00
450200,2026-07-22,supply_capacity,32.1,2026-07-23T08:00:00+08:00,https://example.gov.cn/panel/450200,2026-07-22T18:00:00+08:00,2026-07-23T08:00:00+08:00
450200,2026-07-22,weather_fit,36.8,2026-07-23T08:00:00+08:00,https://example.gov.cn/panel/450200,2026-07-22T18:00:00+08:00,2026-07-23T08:00:00+08:00
450200,2026-07-22,novelty,43.5,2026-07-23T08:00:00+08:00,https://example.gov.cn/panel/450200,2026-07-22T18:00:00+08:00,2026-07-23T08:00:00+08:00
450200,2026-07-22,cross_region_spread,40.6,2026-07-23T08:00:00+08:00,https://example.gov.cn/panel/450200,2026-07-22T18:00:00+08:00,2026-07-23T08:00:00+08:00
450200,2026-07-22,risk_pressure,26,2026-07-23T08:00:00+08:00,https://example.gov.cn/panel/450200,2026-07-22T18:00:00+08:00,2026-07-23T08:00:00+08:00
450200,2026-07-23,content_growth,48.2,2026-07-24T08:00:00+08:00,https://example.gov.cn/panel/450200,2026-07-23T18:00:00+08:00,2026-07-24T08:00:00+08:00
450200,2026-07-23,search_growth,46.2,2026-07-24T08:00:00+08:00,https://example.gov.cn/panel/450200,2026-07-23T18:00:00+08:00,2026-07-24T08:00:00+08:00
450200,2026-07-23,event_trigger,43.3,2026-07-24T08:00:00+08:00,https://example.gov.cn/panel/450200,2026-07-23T18:00:00+08:00,2026-07-24T08:00:00+08:00
450200,2026-07-23,accessibility,36.1,2026-07-24T08:00:00+08:00,https://example.gov.cn/panel/450200,2026-07-23T18:00:00+08:00,2026-07-24T08:00:00+08:00
450200,2026-07-23,supply_capacity,32.7,2026-07-24T08:00:00+08:00,https://example.gov.cn/panel/450200,2026-07-23T18:00:00+08:00,2026-07-24T08:00:00+08:00
450200,2026-07-23,weather_fit,37.6,2026-07-24T08:00:00+08:00,https://example.gov.cn/panel/450200,2026-07-23T18:00:00+08:00,2026-07-24T08:00:00+08:00
450200,2026-07-23,novelty,44.3,2026-07-24T08:00:00+08:00,https://example.gov.cn/panel/450200,2026-07-23T18:00:00+08:00,2026-07-24T08:00:00+08:00
450200,2026-07-23,cross_region_spread,41.4,2026-07-24T08:00:00+08:00,https://example.gov.cn/panel/450200,2026-07-23T18:00:00+08:00,2026-07-24T08:00:00+08:00
450200,2026-07-23,risk_pressure,26,2026-07-24T08:00:00+08:00,https://example.gov.cn/panel/450200,2026-07-23T18:00:00+08:00,2026-07-24T08:00:00+08:00
450200,2026-07-24,content_growth,49.1,2026-07-25T08:00:00+08:00,https://example.gov.cn/panel/450200,2026-07-24T18:00:00+08:00,2026-07-25T08:00:00+08:00
450200,2026-07-24,search_growth,47.1,2026-07-25T08:00:00+08:00,https://example.gov.cn/panel/450200,2026-07-24T18:00:00+08:00,2026-07-25T08:00:00+08:00
450200,2026-07-24,event_trigger,44.2,2026-07-25T08:00:00+08:00,https://example.gov.cn/panel/450200,2026-07-24T18:00:00+08:00,2026-07-25T08:00:00+08:00
450200,2026-07-24,accessibility,36.8,2026-07-25T08:00:00+08:00,https://example.gov.cn/panel/450200,2026-07-24T18:00:00+08:00,2026-07-25T08:00:00+08:00
450200,2026-07-24,supply_capacity,33.4,2026-07-25T08:00:00+08:00,https://example.gov.cn/panel/450200,2026-07-24T18:00:00+08:00,2026-07-25T08:00:00+08:00
450200,2026-07-24,weather_fit,38.3,2026-07-25T08:00:00+08:00,https://example.gov.cn/panel/450200,2026-07-24T18:00:00+08:00,2026-07-25T08:00:00+08:00
450200,2026-07-24,novelty,45.1,2026-07-25T08:00:00+08:00,https://example.gov.cn/panel/450200,2026-07-24T18:00:00+08:00,2026-07-25T08:00:00+08:00
450200,2026-07-24,cross_region_spread,42.2,2026-07-25T08:00:00+08:00,https://example.gov.cn/panel/450200,2026-07-24T18:00:00+08:00,2026-07-25T08:00:00+08:00
450200,2026-07-24,risk_pressure,26,2026-07-25T08:00:00+08:00,https://example.gov.cn/panel/450200,2026-07-24T18:00:00+08:00,2026-07-25T08:00:00+08:00
450200,2026-07-25,content_growth,50.0,2026-07-26T08:00:00+08:00,https://example.gov.cn/panel/450200,2026-07-25T18:00:00+08:00,2026-07-26T08:00:00+08:00
450200,2026-07-25,search_growth,48.0,2026-07-26T08:00:00+08:00,https://example.gov.cn/panel/450200,2026-07-25T18:00:00+08:00,2026-07-26T08:00:00+08:00
450200,2026-07-25,event_trigger,45.0,2026-07-26T08:00:00+08:00,https://example.gov.cn/panel/450200,2026-07-25T18:00:00+08:00,2026-07-26T08:00:00+08:00
450200,2026-07-25,accessibility,37.5,2026-07-26T08:00:00+08:00,https://example.gov.cn/panel/450200,2026-07-25T18:00:00+08:00,2026-07-26T08:00:00+08:00
450200,2026-07-25,supply_capacity,34.0,2026-07-26T08:00:00+08:00,https://example.gov.cn/panel/450200,2026-07-25T18:00:00+08:00,2026-07-26T08:00:00+08:00
450200,2026-07-25,weather_fit,39.0,2026-07-26T08:00:00+08:00,https://example.gov.cn/panel/450200,2026-07-25T18:00:00+08:00,2026-07-26T08:00:00+08:00
450200,2026-07-25,novelty,46.0,2026-07-26T08:00:00+08:00,https://example.gov.cn/panel/450200,2026-07-25T18:00:00+08:00,2026-07-26T08:00:00+08:00
450200,2026-07-25,cross_region_spread,43.0,2026-07-26T08:00:00+08:00,https://example.gov.cn/panel/450200,2026-07-25T18:00:00+08:00,2026-07-26T08:00:00+08:00
450200,2026-07-25,risk_pressure,26,2026-07-26T08:00:00+08:00,https://example.gov.cn/panel/450200,2026-07-25T18:00:00+08:00,2026-07-26T08:00:00+08:00
450200,2026-07-26,content_growth,50.9,2026-07-27T08:00:00+08:00,https://example.gov.cn/panel/450200,2026-07-26T18:00:00+08:00,2026-07-27T08:00:00+08:00
450200,2026-07-26,search_growth,48.9,2026-07-27T08:00:00+08:00,https://example.gov.cn/panel/450200,2026-07-26T18:00:00+08:00,2026-07-27T08:00:00+08:00
450200,2026-07-26,event_trigger,45.8,2026-07-27T08:00:00+08:00,https://example.gov.cn/panel/450200,2026-07-26T18:00:00+08:00,2026-07-27T08:00:00+08:00
450200,2026-07-26,accessibility,38.2,2026-07-27T08:00:00+08:00,https://example.gov.cn/panel/450200,2026-07-26T18:00:00+08:00,2026-07-27T08:00:00+08:00
450200,2026-07-26,supply_capacity,34.6,2026-07-27T08:00:00+08:00,https://example.gov.cn/panel/450200,2026-07-26T18:00:00+08:00,2026-07-27T08:00:00+08:00
450200,2026-07-26,weather_fit,39.7,2026-07-27T08:00:00+08:00,https://example.gov.cn/panel/450200,2026-07-26T18:00:00+08:00,2026-07-27T08:00:00+08:00
450200,2026-07-26,novelty,46.8,2026-07-27T08:00:00+08:00,https://example.gov.cn/panel/450200,2026-07-26T18:00:00+08:00,2026-07-27T08:00:00+08:00
450200,2026-07-26,cross_region_spread,43.8,2026-07-27T08:00:00+08:00,https://example.gov.cn/panel/450200,2026-07-26T18:00:00+08:00,2026-07-27T08:00:00+08:00
450200,2026-07-26,risk_pressure,26,2026-07-27T08:00:00+08:00,https://example.gov.cn/panel/450200,2026-07-26T18:00:00+08:00,2026-07-27T08:00:00+08:00
450200,2026-07-27,content_growth,51.8,2026-07-28T08:00:00+08:00,https://example.gov.cn/panel/450200,2026-07-27T18:00:00+08:00,2026-07-28T08:00:00+08:00
450200,2026-07-27,search_growth,49.7,2026-07-28T08:00:00+08:00,https://example.gov.cn/panel/450200,2026-07-27T18:00:00+08:00,2026-07-28T08:00:00+08:00
450200,2026-07-27,event_trigger,46.6,2026-07-28T08:00:00+08:00,https://example.gov.cn/panel/450200,2026-07-27T18:00:00+08:00,2026-07-28T08:00:00+08:00
450200,2026-07-27,accessibility,38.9,2026-07-28T08:00:00+08:00,https://example.gov.cn/panel/450200,2026-07-27T18:00:00+08:00,2026-07-28T08:00:00+08:00
450200,2026-07-27,supply_capacity,35.2,2026-07-28T08:00:00+08:00,https://example.gov.cn/panel/450200,2026-07-27T18:00:00+08:00,2026-07-28T08:00:00+08:00
450200,2026-07-27,weather_fit,40.4,2026-07-28T08:00:00+08:00,https://example.gov.cn/panel/450200,2026-07-27T18:00:00+08:00,2026-07-28T08:00:00+08:00
450200,2026-07-27,novelty,47.7,2026-07-28T08:00:00+08:00,https://example.gov.cn/panel/450200,2026-07-27T18:00:00+08:00,2026-07-28T08:00:00+08:00
450200,2026-07-27,cross_region_spread,44.6,2026-07-28T08:00:00+08:00,https://example.gov.cn/panel/450200,2026-07-27T18:00:00+08:00,2026-07-28T08:00:00+08:00
450200,2026-07-27,risk_pressure,26,2026-07-28T08:00:00+08:00,https://example.gov.cn/panel/450200,2026-07-27T18:00:00+08:00,2026-07-28T08:00:00+08:00
450200,2026-07-28,content_growth,52.7,2026-07-29T08:00:00+08:00,https://example.gov.cn/panel/450200,2026-07-28T18:00:00+08:00,2026-07-29T08:00:00+08:00
450200,2026-07-28,search_growth,50.6,2026-07-29T08:00:00+08:00,https://example.gov.cn/panel/450200,2026-07-28T18:00:00+08:00,2026-07-29T08:00:00+08:00
450200,2026-07-28,event_trigger,47.4,2026-07-29T08:00:00+08:00,https://example.gov.cn/panel/450200,2026-07-28T18:00:00+08:00,2026-07-29T08:00:00+08:00
450200,2026-07-28,accessibility,39.5,2026-07-29T08:00:00+08:00,https://example.gov.cn/panel/450200,2026-07-28T18:00:00+08:00,2026-07-29T08:00:00+08:00
450200,2026-07-28,supply_capacity,35.8,2026-07-29T08:00:00+08:00,https://example.gov.cn/panel/450200,2026-07-28T18:00:00+08:00,2026-07-29T08:00:00+08:00
450200,2026-07-28,weather_fit,41.1,2026-07-29T08:00:00+08:00,https://example.gov.cn/panel/450200,2026-07-28T18:00:00+08:00,2026-07-29T08:00:00+08:00
450200,2026-07-28,novelty,48.5,2026-07-29T08:00:00+08:00,https://example.gov.cn/panel/450200,2026-07-28T18:00:00+08:00,2026-07-29T08:00:00+08:00
450200,2026-07-28,cross_region_spread,45.3,2026-07-29T08:00:00+08:00,https://example.gov.cn/panel/450200,2026-07-28T18:00:00+08:00,2026-07-29T08:00:00+08:00
450200,2026-07-28,risk_pressure,26,2026-07-29T08:00:00+08:00,https://example.gov.cn/panel/450200,2026-07-28T18:00:00+08:00,2026-07-29T08:00:00+08:00
450200,2026-07-29,content_growth,53.6,2026-07-30T08:00:00+08:00,https://example.gov.cn/panel/450200,2026-07-29T18:00:00+08:00,2026-07-30T08:00:00+08:00
450200,2026-07-29,search_growth,51.5,2026-07-30T08:00:00+08:00,https://example.gov.cn/panel/450200,2026-07-29T18:00:00+08:00,2026-07-30T08:00:00+08:00
450200,2026-07-29,event_trigger,48.3,2026-07-30T08:00:00+08:00,https://example.gov.cn/panel/450200,2026-07-29T18:00:00+08:00,2026-07-30T08:00:00+08:00
450200,2026-07-29,accessibility,40.2,2026-07-30T08:00:00+08:00,https://example.gov.cn/panel/450200,2026-07-29T18:00:00+08:00,2026-07-30T08:00:00+08:00
450200,2026-07-29,supply_capacity,36.5,2026-07-30T08:00:00+08:00,https://example.gov.cn/panel/450200,2026-07-29T18:00:00+08:00,2026-07-30T08:00:00+08:00
450200,2026-07-29,weather_fit,41.8,2026-07-30T08:00:00+08:00,https://example.gov.cn/panel/450200,2026-07-29T18:00:00+08:00,2026-07-30T08:00:00+08:00
450200,2026-07-29,novelty,49.3,2026-07-30T08:00:00+08:00,https://example.gov.cn/panel/450200,2026-07-29T18:00:00+08:00,2026-07-30T08:00:00+08:00
450200,2026-07-29,cross_region_spread,46.1,2026-07-30T08:00:00+08:00,https://example.gov.cn/panel/450200,2026-07-29T18:00:00+08:00,2026-07-30T08:00:00+08:00
450200,2026-07-29,risk_pressure,26,2026-07-30T08:00:00+08:00,https://example.gov.cn/panel/450200,2026-07-29T18:00:00+08:00,2026-07-30T08:00:00+08:00
450200,2026-07-30,content_growth,54.5,2026-07-31T08:00:00+08:00,https://example.gov.cn/panel/450200,2026-07-30T18:00:00+08:00,2026-07-31T08:00:00+08:00
450200,2026-07-30,search_growth,52.4,2026-07-31T08:00:00+08:00,https://example.gov.cn/panel/450200,2026-07-30T18:00:00+08:00,2026-07-31T08:00:00+08:00
450200,2026-07-30,event_trigger,49.1,2026-07-31T08:00:00+08:00,https://example.gov.cn/panel/450200,2026-07-30T18:00:00+08:00,2026-07-31T08:00:00+08:00
450200,2026-07-30,accessibility,40.9,2026-07-31T08:00:00+08:00,https://example.gov.cn/panel/450200,2026-07-30T18:00:00+08:00,2026-07-31T08:00:00+08:00
450200,2026-07-30,supply_capacity,37.1,2026-07-31T08:00:00+08:00,https://example.gov.cn/panel/450200,2026-07-30T18:00:00+08:00,2026-07-31T08:00:00+08:00
450200,2026-07-30,weather_fit,42.5,2026-07-31T08:00:00+08:00,https://example.gov.cn/panel/450200,2026-07-30T18:00:00+08:00,2026-07-31T08:00:00+08:00
450200,2026-07-30,novelty,50.2,2026-07-31T08:00:00+08:00,https://example.gov.cn/panel/450200,2026-07-30T18:00:00+08:00,2026-07-31T08:00:00+08:00
450200,2026-07-30,cross_region_spread,46.9,2026-07-31T08:00:00+08:00,https://example.gov.cn/panel/450200,2026-07-30T18:00:00+08:00,2026-07-31T08:00:00+08:00
450200,2026-07-30,risk_pressure,26,2026-07-31T08:00:00+08:00,https://example.gov.cn/panel/450200,2026-07-30T18:00:00+08:00,2026-07-31T08:00:00+08:00
450200,2026-07-31,content_growth,55.5,2026-08-01T08:00:00+08:00,https://example.gov.cn/panel/450200,2026-07-31T18:00:00+08:00,2026-08-01T08:00:00+08:00
450200,2026-07-31,search_growth,53.2,2026-08-01T08:00:00+08:00,https://example.gov.cn/panel/450200,2026-07-31T18:00:00+08:00,2026-08-01T08:00:00+08:00
450200,2026-07-31,event_trigger,49.9,2026-08-01T08:00:00+08:00,https://example.gov.cn/panel/450200,2026-07-31T18:00:00+08:00,2026-08-01T08:00:00+08:00
450200,2026-07-31,accessibility,41.6,2026-08-01T08:00:00+08:00,https://example.gov.cn/panel/450200,2026-07-31T18:00:00+08:00,2026-08-01T08:00:00+08:00
450200,2026-07-31,supply_capacity,37.7,2026-08-01T08:00:00+08:00,https://example.gov.cn/panel/450200,2026-07-31T18:00:00+08:00,2026-08-01T08:00:00+08:00
450200,2026-07-31,weather_fit,43.3,2026-08-01T08:00:00+08:00,https://example.gov.cn/panel/450200,2026-07-31T18:00:00+08:00,2026-08-01T08:00:00+08:00
450200,2026-07-31,novelty,51.0,2026-08-01T08:00:00+08:00,https://example.gov.cn/panel/450200,2026-07-31T18:00:00+08:00,2026-08-01T08:00:00+08:00
450200,2026-07-31,cross_region_spread,47.7,2026-08-01T08:00:00+08:00,https://example.gov.cn/panel/450200,2026-07-31T18:00:00+08:00,2026-08-01T08:00:00+08:00
450200,2026-07-31,risk_pressure,26,2026-08-01T08:00:00+08:00,https://example.gov.cn/panel/450200,2026-07-31T18:00:00+08:00,2026-08-01T08:00:00+08:00
450200,2026-08-01,content_growth,56.4,2026-08-02T08:00:00+08:00,https://example.gov.cn/panel/450200,2026-08-01T18:00:00+08:00,2026-08-02T08:00:00+08:00
450200,2026-08-01,search_growth,54.1,2026-08-02T08:00:00+08:00,https://example.gov.cn/panel/450200,2026-08-01T18:00:00+08:00,2026-08-02T08:00:00+08:00
450200,2026-08-01,event_trigger,50.7,2026-08-02T08:00:00+08:00,https://example.gov.cn/panel/450200,2026-08-01T18:00:00+08:00,2026-08-02T08:00:00+08:00
450200,2026-08-01,accessibility,42.3,2026-08-02T08:00:00+08:00,https://example.gov.cn/panel/450200,2026-08-01T18:00:00+08:00,2026-08-02T08:00:00+08:00
450200,2026-08-01,supply_capacity,38.3,2026-08-02T08:00:00+08:00,https://example.gov.cn/panel/450200,2026-08-01T18:00:00+08:00,2026-08-02T08:00:00+08:00
450200,2026-08-01,weather_fit,44.0,2026-08-02T08:00:00+08:00,https://example.gov.cn/panel/450200,2026-08-01T18:00:00+08:00,2026-08-02T08:00:00+08:00
450200,2026-08-01,novelty,51.9,2026-08-02T08:00:00+08:00,https://example.gov.cn/panel/450200,2026-08-01T18:00:00+08:00,2026-08-02T08:00:00+08:00
450200,2026-08-01,cross_region_spread,48.5,2026-08-02T08:00:00+08:00,https://example.gov.cn/panel/450200,2026-08-01T18:00:00+08:00,2026-08-02T08:00:00+08:00
450200,2026-08-01,risk_pressure,26,2026-08-02T08:00:00+08:00,https://example.gov.cn/panel/450200,2026-08-01T18:00:00+08:00,2026-08-02T08:00:00+08:00
450200,2026-08-02,content_growth,57.3,2026-08-03T08:00:00+08:00,https://example.gov.cn/panel/450200,2026-08-02T18:00:00+08:00,2026-08-03T08:00:00+08:00
450200,2026-08-02,search_growth,55.0,2026-08-03T08:00:00+08:00,https://example.gov.cn/panel/450200,2026-08-02T18:00:00+08:00,2026-08-03T08:00:00+08:00
450200,2026-08-02,event_trigger,51.6,2026-08-03T08:00:00+08:00,https://example.gov.cn/panel/450200,2026-08-02T18:00:00+08:00,2026-08-03T08:00:00+08:00
450200,2026-08-02,accessibility,43.0,2026-08-03T08:00:00+08:00,https://example.gov.cn/panel/450200,2026-08-02T18:00:00+08:00,2026-08-03T08:00:00+08:00
450200,2026-08-02,supply_capacity,39.0,2026-08-03T08:00:00+08:00,https://example.gov.cn/panel/450200,2026-08-02T18:00:00+08:00,2026-08-03T08:00:00+08:00
450200,2026-08-02,weather_fit,44.7,2026-08-03T08:00:00+08:00,https://example.gov.cn/panel/450200,2026-08-02T18:00:00+08:00,2026-08-03T08:00:00+08:00
450200,2026-08-02,novelty,52.7,2026-08-03T08:00:00+08:00,https://example.gov.cn/panel/450200,2026-08-02T18:00:00+08:00,2026-08-03T08:00:00+08:00
450200,2026-08-02,cross_region_spread,49.3,2026-08-03T08:00:00+08:00,https://example.gov.cn/panel/450200,2026-08-02T18:00:00+08:00,2026-08-03T08:00:00+08:00
450200,2026-08-02,risk_pressure,26,2026-08-03T08:00:00+08:00,https://example.gov.cn/panel/450200,2026-08-02T18:00:00+08:00,2026-08-03T08:00:00+08:00
450200,2026-08-03,content_growth,58.2,2026-08-04T08:00:00+08:00,https://example.gov.cn/panel/450200,2026-08-03T18:00:00+08:00,2026-08-04T08:00:00+08:00
450200,2026-08-03,search_growth,55.9,2026-08-04T08:00:00+08:00,https://example.gov.cn/panel/450200,2026-08-03T18:00:00+08:00,2026-08-04T08:00:00+08:00
450200,2026-08-03,event_trigger,52.4,2026-08-04T08:00:00+08:00,https://example.gov.cn/panel/450200,2026-08-03T18:00:00+08:00,2026-08-04T08:00:00+08:00
450200,2026-08-03,accessibility,43.6,2026-08-04T08:00:00+08:00,https://example.gov.cn/panel/450200,2026-08-03T18:00:00+08:00,2026-08-04T08:00:00+08:00
450200,2026-08-03,supply_capacity,39.6,2026-08-04T08:00:00+08:00,https://example.gov.cn/panel/450200,2026-08-03T18:00:00+08:00,2026-08-04T08:00:00+08:00
450200,2026-08-03,weather_fit,45.4,2026-08-04T08:00:00+08:00,https://example.gov.cn/panel/450200,2026-08-03T18:00:00+08:00,2026-08-04T08:00:00+08:00
450200,2026-08-03,novelty,53.5,2026-08-04T08:00:00+08:00,https://example.gov.cn/panel/450200,2026-08-03T18:00:00+08:00,2026-08-04T08:00:00+08:00
450200,2026-08-03,cross_region_spread,50.1,2026-08-04T08:00:00+08:00,https://example.gov.cn/panel/450200,2026-08-03T18:00:00+08:00,2026-08-04T08:00:00+08:00
450200,2026-08-03,risk_pressure,26,2026-08-04T08:00:00+08:00,https://example.gov.cn/panel/450200,2026-08-03T18:00:00+08:00,2026-08-04T08:00:00+08:00
450200,2026-08-04,content_growth,59.1,2026-08-05T08:00:00+08:00,https://example.gov.cn/panel/450200,2026-08-04T18:00:00+08:00,2026-08-05T08:00:00+08:00
450200,2026-08-04,search_growth,56.7,2026-08-05T08:00:00+08:00,https://example.gov.cn/panel/450200,2026-08-04T18:00:00+08:00,2026-08-05T08:00:00+08:00
450200,2026-08-04,event_trigger,53.2,2026-08-05T08:00:00+08:00,https://example.gov.cn/panel/450200,2026-08-04T18:00:00+08:00,2026-08-05T08:00:00+08:00
450200,2026-08-04,accessibility,44.3,2026-08-05T08:00:00+08:00,https://example.gov.cn/panel/450200,2026-08-04T18:00:00+08:00,2026-08-05T08:00:00+08:00
450200,2026-08-04,supply_capacity,40.2,2026-08-05T08:00:00+08:00,https://example.gov.cn/panel/450200,2026-08-04T18:00:00+08:00,2026-08-05T08:00:00+08:00
450200,2026-08-04,weather_fit,46.1,2026-08-05T08:00:00+08:00,https://example.gov.cn/panel/450200,2026-08-04T18:00:00+08:00,2026-08-05T08:00:00+08:00
450200,2026-08-04,novelty,54.4,2026-08-05T08:00:00+08:00,https://example.gov.cn/panel/450200,2026-08-04T18:00:00+08:00,2026-08-05T08:00:00+08:00
450200,2026-08-04,cross_region_spread,50.8,2026-08-05T08:00:00+08:00,https://example.gov.cn/panel/450200,2026-08-04T18:00:00+08:00,2026-08-05T08:00:00+08:00
450200,2026-08-04,risk_pressure,26,2026-08-05T08:00:00+08:00,https://example.gov.cn/panel/450200,2026-08-04T18:00:00+08:00,2026-08-05T08:00:00+08:00
450200,2026-08-05,content_growth,60.0,2026-08-06T08:00:00+08:00,https://example.gov.cn/panel/450200,2026-08-05T18:00:00+08:00,2026-08-06T08:00:00+08:00
450200,2026-08-05,search_growth,57.6,2026-08-06T08:00:00+08:00,https://example.gov.cn/panel/450200,2026-08-05T18:00:00+08:00,2026-08-06T08:00:00+08:00
450200,2026-08-05,event_trigger,54.0,2026-08-06T08:00:00+08:00,https://example.gov.cn/panel/450200,2026-08-05T18:00:00+08:00,2026-08-06T08:00:00+08:00
450200,2026-08-05,accessibility,45.0,2026-08-06T08:00:00+08:00,https://example.gov.cn/panel/450200,2026-08-05T18:00:00+08:00,2026-08-06T08:00:00+08:00
450200,2026-08-05,supply_capacity,40.8,2026-08-06T08:00:00+08:00,https://example.gov.cn/panel/450200,2026-08-05T18:00:00+08:00,2026-08-06T08:00:00+08:00
450200,2026-08-05,weather_fit,46.8,2026-08-06T08:00:00+08:00,https://example.gov.cn/panel/450200,2026-08-05T18:00:00+08:00,2026-08-06T08:00:00+08:00
450200,2026-08-05,novelty,55.2,2026-08-06T08:00:00+08:00,https://example.gov.cn/panel/450200,2026-08-05T18:00:00+08:00,2026-08-06T08:00:00+08:00
450200,2026-08-05,cross_region_spread,51.6,2026-08-06T08:00:00+08:00,https://example.gov.cn/panel/450200,2026-08-05T18:00:00+08:00,2026-08-06T08:00:00+08:00
450200,2026-08-05,risk_pressure,26,2026-08-06T08:00:00+08:00,https://example.gov.cn/panel/450200,2026-08-05T18:00:00+08:00,2026-08-06T08:00:00+08:00
450200,2026-08-06,content_growth,60.9,2026-08-07T08:00:00+08:00,https://example.gov.cn/panel/450200,2026-08-06T18:00:00+08:00,2026-08-07T08:00:00+08:00
450200,2026-08-06,search_growth,58.5,2026-08-07T08:00:00+08:00,https://example.gov.cn/panel/450200,2026-08-06T18:00:00+08:00,2026-08-07T08:00:00+08:00
450200,2026-08-06,event_trigger,54.8,2026-08-07T08:00:00+08:00,https://example.gov.cn/panel/450200,2026-08-06T18:00:00+08:00,2026-08-07T08:00:00+08:00
450200,2026-08-06,accessibility,45.7,2026-08-07T08:00:00+08:00,https://example.gov.cn/panel/450200,2026-08-06T18:00:00+08:00,2026-08-07T08:00:00+08:00
450200,2026-08-06,supply_capacity,41.4,2026-08-07T08:00:00+08:00,https://example.gov.cn/panel/450200,2026-08-06T18:00:00+08:00,2026-08-07T08:00:00+08:00
450200,2026-08-06,weather_fit,47.5,2026-08-07T08:00:00+08:00,https://example.gov.cn/panel/450200,2026-08-06T18:00:00+08:00,2026-08-07T08:00:00+08:00
450200,2026-08-06,novelty,56.1,2026-08-07T08:00:00+08:00,https://example.gov.cn/panel/450200,2026-08-06T18:00:00+08:00,2026-08-07T08:00:00+08:00
450200,2026-08-06,cross_region_spread,52.4,2026-08-07T08:00:00+08:00,https://example.gov.cn/panel/450200,2026-08-06T18:00:00+08:00,2026-08-07T08:00:00+08:00
450200,2026-08-06,risk_pressure,26,2026-08-07T08:00:00+08:00,https://example.gov.cn/panel/450200,2026-08-06T18:00:00+08:00,2026-08-07T08:00:00+08:00
450200,2026-08-07,content_growth,61.9,2026-08-08T08:00:00+08:00,https://example.gov.cn/panel/450200,2026-08-07T18:00:00+08:00,2026-08-08T08:00:00+08:00
450200,2026-08-07,search_growth,59.4,2026-08-08T08:00:00+08:00,https://example.gov.cn/panel/450200,2026-08-07T18:00:00+08:00,2026-08-08T08:00:00+08:00
450200,2026-08-07,event_trigger,55.7,2026-08-08T08:00:00+08:00,https://example.gov.cn/panel/450200,2026-08-07T18:00:00+08:00,2026-08-08T08:00:00+08:00
450200,2026-08-07,accessibility,46.4,2026-08-08T08:00:00+08:00,https://example.gov.cn/panel/450200,2026-08-07T18:00:00+08:00,2026-08-08T08:00:00+08:00
450200,2026-08-07,supply_capacity,42.1,2026-08-08T08:00:00+08:00,https://example.gov.cn/panel/450200,2026-08-07T18:00:00+08:00,2026-08-08T08:00:00+08:00
450200,2026-08-07,weather_fit,48.2,2026-08-08T08:00:00+08:00,https://example.gov.cn/panel/450200,2026-08-07T18:00:00+08:00,2026-08-08T08:00:00+08:00
450200,2026-08-07,novelty,56.9,2026-08-08T08:00:00+08:00,https://example.gov.cn/panel/450200,2026-08-07T18:00:00+08:00,2026-08-08T08:00:00+08:00
450200,2026-08-07,cross_region_spread,53.2,2026-08-08T08:00:00+08:00,https://example.gov.cn/panel/450200,2026-08-07T18:00:00+08:00,2026-08-08T08:00:00+08:00
450200,2026-08-07,risk_pressure,26,2026-08-08T08:00:00+08:00,https://example.gov.cn/panel/450200,2026-08-07T18:00:00+08:00,2026-08-08T08:00:00+08:00
450200,2026-08-08,content_growth,62.8,2026-08-09T08:00:00+08:00,https://example.gov.cn/panel/450200,2026-08-08T18:00:00+08:00,2026-08-09T08:00:00+08:00
450200,2026-08-08,search_growth,60.3,2026-08-09T08:00:00+08:00,https://example.gov.cn/panel/450200,2026-08-08T18:00:00+08:00,2026-08-09T08:00:00+08:00
450200,2026-08-08,event_trigger,56.5,2026-08-09T08:00:00+08:00,https://example.gov.cn/panel/450200,2026-08-08T18:00:00+08:00,2026-08-09T08:00:00+08:00
450200,2026-08-08,accessibility,47.1,2026-08-09T08:00:00+08:00,https://example.gov.cn/panel/450200,2026-08-08T18:00:00+08:00,2026-08-09T08:00:00+08:00
450200,2026-08-08,supply_capacity,42.7,2026-08-09T08:00:00+08:00,https://example.gov.cn/panel/450200,2026-08-08T18:00:00+08:00,2026-08-09T08:00:00+08:00
450200,2026-08-08,weather_fit,49.0,2026-08-09T08:00:00+08:00,https://example.gov.cn/panel/450200,2026-08-08T18:00:00+08:00,2026-08-09T08:00:00+08:00
450200,2026-08-08,novelty,57.7,2026-08-09T08:00:00+08:00,https://example.gov.cn/panel/450200,2026-08-08T18:00:00+08:00,2026-08-09T08:00:00+08:00
450200,2026-08-08,cross_region_spread,54.0,2026-08-09T08:00:00+08:00,https://example.gov.cn/panel/450200,2026-08-08T18:00:00+08:00,2026-08-09T08:00:00+08:00
450200,2026-08-08,risk_pressure,26,2026-08-09T08:00:00+08:00,https://example.gov.cn/panel/450200,2026-08-08T18:00:00+08:00,2026-08-09T08:00:00+08:00
450200,2026-08-09,content_growth,63.7,2026-08-10T08:00:00+08:00,https://example.gov.cn/panel/450200,2026-08-09T18:00:00+08:00,2026-08-10T08:00:00+08:00
450200,2026-08-09,search_growth,61.1,2026-08-10T08:00:00+08:00,https://example.gov.cn/panel/450200,2026-08-09T18:00:00+08:00,2026-08-10T08:00:00+08:00
450200,2026-08-09,event_trigger,57.3,2026-08-10T08:00:00+08:00,https://example.gov.cn/panel/450200,2026-08-09T18:00:00+08:00,2026-08-10T08:00:00+08:00
450200,2026-08-09,accessibility,47.8,2026-08-10T08:00:00+08:00,https://example.gov.cn/panel/450200,2026-08-09T18:00:00+08:00,2026-08-10T08:00:00+08:00
450200,2026-08-09,supply_capacity,43.3,2026-08-10T08:00:00+08:00,https://example.gov.cn/panel/450200,2026-08-09T18:00:00+08:00,2026-08-10T08:00:00+08:00
450200,2026-08-09,weather_fit,49.7,2026-08-10T08:00:00+08:00,https://example.gov.cn/panel/450200,2026-08-09T18:00:00+08:00,2026-08-10T08:00:00+08:00
450200,2026-08-09,novelty,58.6,2026-08-10T08:00:00+08:00,https://example.gov.cn/panel/450200,2026-08-09T18:00:00+08:00,2026-08-10T08:00:00+08:00
450200,2026-08-09,cross_region_spread,54.8,2026-08-10T08:00:00+08:00,https://example.gov.cn/panel/450200,2026-08-09T18:00:00+08:00,2026-08-10T08:00:00+08:00
450200,2026-08-09,risk_pressure,26,2026-08-10T08:00:00+08:00,https://example.gov.cn/panel/450200,2026-08-09T18:00:00+08:00,2026-08-10T08:00:00+08:00
450200,2026-08-10,content_growth,64.6,2026-08-11T08:00:00+08:00,https://example.gov.cn/panel/450200,2026-08-10T18:00:00+08:00,2026-08-11T08:00:00+08:00
450200,2026-08-10,search_growth,62.0,2026-08-11T08:00:00+08:00,https://example.gov.cn/panel/450200,2026-08-10T18:00:00+08:00,2026-08-11T08:00:00+08:00
450200,2026-08-10,event_trigger,58.1,2026-08-11T08:00:00+08:00,https://example.gov.cn/panel/450200,2026-08-10T18:00:00+08:00,2026-08-11T08:00:00+08:00
450200,2026-08-10,accessibility,48.4,2026-08-11T08:00:00+08:00,https://example.gov.cn/panel/450200,2026-08-10T18:00:00+08:00,2026-08-11T08:00:00+08:00
450200,2026-08-10,supply_capacity,43.9,2026-08-11T08:00:00+08:00,https://example.gov.cn/panel/450200,2026-08-10T18:00:00+08:00,2026-08-11T08:00:00+08:00
450200,2026-08-10,weather_fit,50.4,2026-08-11T08:00:00+08:00,https://example.gov.cn/panel/450200,2026-08-10T18:00:00+08:00,2026-08-11T08:00:00+08:00
450200,2026-08-10,novelty,59.4,2026-08-11T08:00:00+08:00,https://example.gov.cn/panel/450200,2026-08-10T18:00:00+08:00,2026-08-11T08:00:00+08:00
450200,2026-08-10,cross_region_spread,55.5,2026-08-11T08:00:00+08:00,https://example.gov.cn/panel/450200,2026-08-10T18:00:00+08:00,2026-08-11T08:00:00+08:00
450200,2026-08-10,risk_pressure,26,2026-08-11T08:00:00+08:00,https://example.gov.cn/panel/450200,2026-08-10T18:00:00+08:00,2026-08-11T08:00:00+08:00
450200,2026-08-11,content_growth,65.5,2026-08-12T08:00:00+08:00,https://example.gov.cn/panel/450200,2026-08-11T18:00:00+08:00,2026-08-12T08:00:00+08:00
450200,2026-08-11,search_growth,62.9,2026-08-12T08:00:00+08:00,https://example.gov.cn/panel/450200,2026-08-11T18:00:00+08:00,2026-08-12T08:00:00+08:00
450200,2026-08-11,event_trigger,59.0,2026-08-12T08:00:00+08:00,https://example.gov.cn/panel/450200,2026-08-11T18:00:00+08:00,2026-08-12T08:00:00+08:00
450200,2026-08-11,accessibility,49.1,2026-08-12T08:00:00+08:00,https://example.gov.cn/panel/450200,2026-08-11T18:00:00+08:00,2026-08-12T08:00:00+08:00
450200,2026-08-11,supply_capacity,44.5,2026-08-12T08:00:00+08:00,https://example.gov.cn/panel/450200,2026-08-11T18:00:00+08:00,2026-08-12T08:00:00+08:00
450200,2026-08-11,weather_fit,51.1,2026-08-12T08:00:00+08:00,https://example.gov.cn/panel/450200,2026-08-11T18:00:00+08:00,2026-08-12T08:00:00+08:00
450200,2026-08-11,novelty,60.3,2026-08-12T08:00:00+08:00,https://example.gov.cn/panel/450200,2026-08-11T18:00:00+08:00,2026-08-12T08:00:00+08:00
450200,2026-08-11,cross_region_spread,56.3,2026-08-12T08:00:00+08:00,https://example.gov.cn/panel/450200,2026-08-11T18:00:00+08:00,2026-08-12T08:00:00+08:00
450200,2026-08-11,risk_pressure,26,2026-08-12T08:00:00+08:00,https://example.gov.cn/panel/450200,2026-08-11T18:00:00+08:00,2026-08-12T08:00:00+08:00
450200,2026-08-12,content_growth,66.4,2026-08-13T08:00:00+08:00,https://example.gov.cn/panel/450200,2026-08-12T18:00:00+08:00,2026-08-13T08:00:00+08:00
450200,2026-08-12,search_growth,63.8,2026-08-13T08:00:00+08:00,https://example.gov.cn/panel/450200,2026-08-12T18:00:00+08:00,2026-08-13T08:00:00+08:00
450200,2026-08-12,event_trigger,59.8,2026-08-13T08:00:00+08:00,https://example.gov.cn/panel/450200,2026-08-12T18:00:00+08:00,2026-08-13T08:00:00+08:00
450200,2026-08-12,accessibility,49.8,2026-08-13T08:00:00+08:00,https://example.gov.cn/panel/450200,2026-08-12T18:00:00+08:00,2026-08-13T08:00:00+08:00
450200,2026-08-12,supply_capacity,45.2,2026-08-13T08:00:00+08:00,https://example.gov.cn/panel/450200,2026-08-12T18:00:00+08:00,2026-08-13T08:00:00+08:00
450200,2026-08-12,weather_fit,51.8,2026-08-13T08:00:00+08:00,https://example.gov.cn/panel/450200,2026-08-12T18:00:00+08:00,2026-08-13T08:00:00+08:00
450200,2026-08-12,novelty,61.1,2026-08-13T08:00:00+08:00,https://example.gov.cn/panel/450200,2026-08-12T18:00:00+08:00,2026-08-13T08:00:00+08:00
450200,2026-08-12,cross_region_spread,57.1,2026-08-13T08:00:00+08:00,https://example.gov.cn/panel/450200,2026-08-12T18:00:00+08:00,2026-08-13T08:00:00+08:00
450200,2026-08-12,risk_pressure,26,2026-08-13T08:00:00+08:00,https://example.gov.cn/panel/450200,2026-08-12T18:00:00+08:00,2026-08-13T08:00:00+08:00
450200,2026-08-13,content_growth,66.4,2026-08-14T08:00:00+08:00,https://example.gov.cn/panel/450200,2026-08-13T18:00:00+08:00,2026-08-14T08:00:00+08:00
450200,2026-08-13,search_growth,63.8,2026-08-14T08:00:00+08:00,https://example.gov.cn/panel/450200,2026-08-13T18:00:00+08:00,2026-08-14T08:00:00+08:00
450200,2026-08-13,event_trigger,59.8,2026-08-14T08:00:00+08:00,https://example.gov.cn/panel/450200,2026-08-13T18:00:00+08:00,2026-08-14T08:00:00+08:00
450200,2026-08-13,accessibility,49.8,2026-08-14T08:00:00+08:00,https://example.gov.cn/panel/450200,2026-08-13T18:00:00+08:00,2026-08-14T08:00:00+08:00
450200,2026-08-13,supply_capacity,45.2,2026-08-14T08:00:00+08:00,https://example.gov.cn/panel/450200,2026-08-13T18:00:00+08:00,2026-08-14T08:00:00+08:00
450200,2026-08-13,weather_fit,51.8,2026-08-14T08:00:00+08:00,https://example.gov.cn/panel/450200,2026-08-13T18:00:00+08:00,2026-08-14T08:00:00+08:00
450200,2026-08-13,novelty,61.1,2026-08-14T08:00:00+08:00,https://example.gov.cn/panel/450200,2026-08-13T18:00:00+08:00,2026-08-14T08:00:00+08:00
450200,2026-08-13,cross_region_spread,57.1,2026-08-14T08:00:00+08:00,https://example.gov.cn/panel/450200,2026-08-13T18:00:00+08:00,2026-08-14T08:00:00+08:00
450200,2026-08-13,risk_pressure,26,2026-08-14T08:00:00+08:00,https://example.gov.cn/panel/450200,2026-08-13T18:00:00+08:00,2026-08-14T08:00:00+08:00
450200,2026-08-14,content_growth,66.4,2026-08-15T08:00:00+08:00,https://example.gov.cn/panel/450200,2026-08-14T18:00:00+08:00,2026-08-15T08:00:00+08:00
450200,2026-08-14,search_growth,63.8,2026-08-15T08:00:00+08:00,https://example.gov.cn/panel/450200,2026-08-14T18:00:00+08:00,2026-08-15T08:00:00+08:00
450200,2026-08-14,event_trigger,59.8,2026-08-15T08:00:00+08:00,https://example.gov.cn/panel/450200,2026-08-14T18:00:00+08:00,2026-08-15T08:00:00+08:00
450200,2026-08-14,accessibility,49.8,2026-08-15T08:00:00+08:00,https://example.gov.cn/panel/450200,2026-08-14T18:00:00+08:00,2026-08-15T08:00:00+08:00
450200,2026-08-14,supply_capacity,45.2,2026-08-15T08:00:00+08:00,https://example.gov.cn/panel/450200,2026-08-14T18:00:00+08:00,2026-08-15T08:00:00+08:00
450200,2026-08-14,weather_fit,51.8,2026-08-15T08:00:00+08:00,https://example.gov.cn/panel/450200,2026-08-14T18:00:00+08:00,2026-08-15T08:00:00+08:00
450200,2026-08-14,novelty,61.1,2026-08-15T08:00:00+08:00,https://example.gov.cn/panel/450200,2026-08-14T18:00:00+08:00,2026-08-15T08:00:00+08:00
450200,2026-08-14,cross_region_spread,57.1,2026-08-15T08:00:00+08:00,https://example.gov.cn/panel/450200,2026-08-14T18:00:00+08:00,2026-08-15T08:00:00+08:00
450200,2026-08-14,risk_pressure,26,2026-08-15T08:00:00+08:00,https://example.gov.cn/panel/450200,2026-08-14T18:00:00+08:00,2026-08-15T08:00:00+08:00
140200,2026-07-03,content_growth,29.1,2026-07-04T08:00:00+08:00,https://example.gov.cn/panel/140200,2026-07-03T18:00:00+08:00,2026-07-04T08:00:00+08:00
140200,2026-07-03,search_growth,28.0,2026-07-04T08:00:00+08:00,https://example.gov.cn/panel/140200,2026-07-03T18:00:00+08:00,2026-07-04T08:00:00+08:00
140200,2026-07-03,event_trigger,26.2,2026-07-04T08:00:00+08:00,https://example.gov.cn/panel/140200,2026-07-03T18:00:00+08:00,2026-07-04T08:00:00+08:00
140200,2026-07-03,accessibility,21.8,2026-07-04T08:00:00+08:00,https://example.gov.cn/panel/140200,2026-07-03T18:00:00+08:00,2026-07-04T08:00:00+08:00
140200,2026-07-03,supply_capacity,19.8,2026-07-04T08:00:00+08:00,https://example.gov.cn/panel/140200,2026-07-03T18:00:00+08:00,2026-07-04T08:00:00+08:00
140200,2026-07-03,weather_fit,22.7,2026-07-04T08:00:00+08:00,https://example.gov.cn/panel/140200,2026-07-03T18:00:00+08:00,2026-07-04T08:00:00+08:00
140200,2026-07-03,novelty,26.8,2026-07-04T08:00:00+08:00,https://example.gov.cn/panel/140200,2026-07-03T18:00:00+08:00,2026-07-04T08:00:00+08:00
140200,2026-07-03,cross_region_spread,25.0,2026-07-04T08:00:00+08:00,https://example.gov.cn/panel/140200,2026-07-03T18:00:00+08:00,2026-07-04T08:00:00+08:00
140200,2026-07-03,risk_pressure,26,2026-07-04T08:00:00+08:00,https://example.gov.cn/panel/140200,2026-07-03T18:00:00+08:00,2026-07-04T08:00:00+08:00
140200,2026-07-04,content_growth,30.0,2026-07-05T08:00:00+08:00,https://example.gov.cn/panel/140200,2026-07-04T18:00:00+08:00,2026-07-05T08:00:00+08:00
140200,2026-07-04,search_growth,28.8,2026-07-05T08:00:00+08:00,https://example.gov.cn/panel/140200,2026-07-04T18:00:00+08:00,2026-07-05T08:00:00+08:00
140200,2026-07-04,event_trigger,27.0,2026-07-05T08:00:00+08:00,https://example.gov.cn/panel/140200,2026-07-04T18:00:00+08:00,2026-07-05T08:00:00+08:00
140200,2026-07-04,accessibility,22.5,2026-07-05T08:00:00+08:00,https://example.gov.cn/panel/140200,2026-07-04T18:00:00+08:00,2026-07-05T08:00:00+08:00
140200,2026-07-04,supply_capacity,20.4,2026-07-05T08:00:00+08:00,https://example.gov.cn/panel/140200,2026-07-04T18:00:00+08:00,2026-07-05T08:00:00+08:00
140200,2026-07-04,weather_fit,23.4,2026-07-05T08:00:00+08:00,https://example.gov.cn/panel/140200,2026-07-04T18:00:00+08:00,2026-07-05T08:00:00+08:00
140200,2026-07-04,novelty,27.6,2026-07-05T08:00:00+08:00,https://example.gov.cn/panel/140200,2026-07-04T18:00:00+08:00,2026-07-05T08:00:00+08:00
140200,2026-07-04,cross_region_spread,25.8,2026-07-05T08:00:00+08:00,https://example.gov.cn/panel/140200,2026-07-04T18:00:00+08:00,2026-07-05T08:00:00+08:00
140200,2026-07-04,risk_pressure,26,2026-07-05T08:00:00+08:00,https://example.gov.cn/panel/140200,2026-07-04T18:00:00+08:00,2026-07-05T08:00:00+08:00
140200,2026-07-05,content_growth,30.9,2026-07-06T08:00:00+08:00,https://example.gov.cn/panel/140200,2026-07-05T18:00:00+08:00,2026-07-06T08:00:00+08:00
140200,2026-07-05,search_growth,29.7,2026-07-06T08:00:00+08:00,https://example.gov.cn/panel/140200,2026-07-05T18:00:00+08:00,2026-07-06T08:00:00+08:00
140200,2026-07-05,event_trigger,27.8,2026-07-06T08:00:00+08:00,https://example.gov.cn/panel/140200,2026-07-05T18:00:00+08:00,2026-07-06T08:00:00+08:00
140200,2026-07-05,accessibility,23.2,2026-07-06T08:00:00+08:00,https://example.gov.cn/panel/140200,2026-07-05T18:00:00+08:00,2026-07-06T08:00:00+08:00
140200,2026-07-05,supply_capacity,21.0,2026-07-06T08:00:00+08:00,https://example.gov.cn/panel/140200,2026-07-05T18:00:00+08:00,2026-07-06T08:00:00+08:00
140200,2026-07-05,weather_fit,24.1,2026-07-06T08:00:00+08:00,https://example.gov.cn/panel/140200,2026-07-05T18:00:00+08:00,2026-07-06T08:00:00+08:00
140200,2026-07-05,novelty,28.4,2026-07-06T08:00:00+08:00,https://example.gov.cn/panel/140200,2026-07-05T18:00:00+08:00,2026-07-06T08:00:00+08:00
140200,2026-07-05,cross_region_spread,26.6,2026-07-06T08:00:00+08:00,https://example.gov.cn/panel/140200,2026-07-05T18:00:00+08:00,2026-07-06T08:00:00+08:00
140200,2026-07-05,risk_pressure,26,2026-07-06T08:00:00+08:00,https://example.gov.cn/panel/140200,2026-07-05T18:00:00+08:00,2026-07-06T08:00:00+08:00
140200,2026-07-06,content_growth,31.8,2026-07-07T08:00:00+08:00,https://example.gov.cn/panel/140200,2026-07-06T18:00:00+08:00,2026-07-07T08:00:00+08:00
140200,2026-07-06,search_growth,30.5,2026-07-07T08:00:00+08:00,https://example.gov.cn/panel/140200,2026-07-06T18:00:00+08:00,2026-07-07T08:00:00+08:00
140200,2026-07-06,event_trigger,28.6,2026-07-07T08:00:00+08:00,https://example.gov.cn/panel/140200,2026-07-06T18:00:00+08:00,2026-07-07T08:00:00+08:00
140200,2026-07-06,accessibility,23.8,2026-07-07T08:00:00+08:00,https://example.gov.cn/panel/140200,2026-07-06T18:00:00+08:00,2026-07-07T08:00:00+08:00
140200,2026-07-06,supply_capacity,21.6,2026-07-07T08:00:00+08:00,https://example.gov.cn/panel/140200,2026-07-06T18:00:00+08:00,2026-07-07T08:00:00+08:00
140200,2026-07-06,weather_fit,24.8,2026-07-07T08:00:00+08:00,https://example.gov.cn/panel/140200,2026-07-06T18:00:00+08:00,2026-07-07T08:00:00+08:00
140200,2026-07-06,novelty,29.2,2026-07-07T08:00:00+08:00,https://example.gov.cn/panel/140200,2026-07-06T18:00:00+08:00,2026-07-07T08:00:00+08:00
140200,2026-07-06,cross_region_spread,27.3,2026-07-07T08:00:00+08:00,https://example.gov.cn/panel/140200,2026-07-06T18:00:00+08:00,2026-07-07T08:00:00+08:00
140200,2026-07-06,risk_pressure,26,2026-07-07T08:00:00+08:00,https://example.gov.cn/panel/140200,2026-07-06T18:00:00+08:00,2026-07-07T08:00:00+08:00
140200,2026-07-07,content_growth,32.7,2026-07-08T08:00:00+08:00,https://example.gov.cn/panel/140200,2026-07-07T18:00:00+08:00,2026-07-08T08:00:00+08:00
140200,2026-07-07,search_growth,31.4,2026-07-08T08:00:00+08:00,https://example.gov.cn/panel/140200,2026-07-07T18:00:00+08:00,2026-07-08T08:00:00+08:00
140200,2026-07-07,event_trigger,29.4,2026-07-08T08:00:00+08:00,https://example.gov.cn/panel/140200,2026-07-07T18:00:00+08:00,2026-07-08T08:00:00+08:00
140200,2026-07-07,accessibility,24.5,2026-07-08T08:00:00+08:00,https://example.gov.cn/panel/140200,2026-07-07T18:00:00+08:00,2026-07-08T08:00:00+08:00
140200,2026-07-07,supply_capacity,22.2,2026-07-08T08:00:00+08:00,https://example.gov.cn/panel/140200,2026-07-07T18:00:00+08:00,2026-07-08T08:00:00+08:00
140200,2026-07-07,weather_fit,25.5,2026-07-08T08:00:00+08:00,https://example.gov.cn/panel/140200,2026-07-07T18:00:00+08:00,2026-07-08T08:00:00+08:00
140200,2026-07-07,novelty,30.1,2026-07-08T08:00:00+08:00,https://example.gov.cn/panel/140200,2026-07-07T18:00:00+08:00,2026-07-08T08:00:00+08:00
140200,2026-07-07,cross_region_spread,28.1,2026-07-08T08:00:00+08:00,https://example.gov.cn/panel/140200,2026-07-07T18:00:00+08:00,2026-07-08T08:00:00+08:00
140200,2026-07-07,risk_pressure,26,2026-07-08T08:00:00+08:00,https://example.gov.cn/panel/140200,2026-07-07T18:00:00+08:00,2026-07-08T08:00:00+08:00
140200,2026-07-08,content_growth,33.6,2026-07-09T08:00:00+08:00,https://example.gov.cn/panel/140200,2026-07-08T18:00:00+08:00,2026-07-09T08:00:00+08:00
140200,2026-07-08,search_growth,32.2,2026-07-09T08:00:00+08:00,https://example.gov.cn/panel/140200,2026-07-08T18:00:00+08:00,2026-07-09T08:00:00+08:00
140200,2026-07-08,event_trigger,30.2,2026-07-09T08:00:00+08:00,https://example.gov.cn/panel/140200,2026-07-08T18:00:00+08:00,2026-07-09T08:00:00+08:00
140200,2026-07-08,accessibility,25.2,2026-07-09T08:00:00+08:00,https://example.gov.cn/panel/140200,2026-07-08T18:00:00+08:00,2026-07-09T08:00:00+08:00
140200,2026-07-08,supply_capacity,22.8,2026-07-09T08:00:00+08:00,https://example.gov.cn/panel/140200,2026-07-08T18:00:00+08:00,2026-07-09T08:00:00+08:00
140200,2026-07-08,weather_fit,26.2,2026-07-09T08:00:00+08:00,https://example.gov.cn/panel/140200,2026-07-08T18:00:00+08:00,2026-07-09T08:00:00+08:00
140200,2026-07-08,novelty,30.9,2026-07-09T08:00:00+08:00,https://example.gov.cn/panel/140200,2026-07-08T18:00:00+08:00,2026-07-09T08:00:00+08:00
140200,2026-07-08,cross_region_spread,28.9,2026-07-09T08:00:00+08:00,https://example.gov.cn/panel/140200,2026-07-08T18:00:00+08:00,2026-07-09T08:00:00+08:00
140200,2026-07-08,risk_pressure,26,2026-07-09T08:00:00+08:00,https://example.gov.cn/panel/140200,2026-07-08T18:00:00+08:00,2026-07-09T08:00:00+08:00
140200,2026-07-09,content_growth,34.5,2026-07-10T08:00:00+08:00,https://example.gov.cn/panel/140200,2026-07-09T18:00:00+08:00,2026-07-10T08:00:00+08:00
140200,2026-07-09,search_growth,33.1,2026-07-10T08:00:00+08:00,https://example.gov.cn/panel/140200,2026-07-09T18:00:00+08:00,2026-07-10T08:00:00+08:00
140200,2026-07-09,event_trigger,31.0,2026-07-10T08:00:00+08:00,https://example.gov.cn/panel/140200,2026-07-09T18:00:00+08:00,2026-07-10T08:00:00+08:00
140200,2026-07-09,accessibility,25.8,2026-07-10T08:00:00+08:00,https://example.gov.cn/panel/140200,2026-07-09T18:00:00+08:00,2026-07-10T08:00:00+08:00
140200,2026-07-09,supply_capacity,23.4,2026-07-10T08:00:00+08:00,https://example.gov.cn/panel/140200,2026-07-09T18:00:00+08:00,2026-07-10T08:00:00+08:00
140200,2026-07-09,weather_fit,26.9,2026-07-10T08:00:00+08:00,https://example.gov.cn/panel/140200,2026-07-09T18:00:00+08:00,2026-07-10T08:00:00+08:00
140200,2026-07-09,novelty,31.7,2026-07-10T08:00:00+08:00,https://example.gov.cn/panel/140200,2026-07-09T18:00:00+08:00,2026-07-10T08:00:00+08:00
140200,2026-07-09,cross_region_spread,29.6,2026-07-10T08:00:00+08:00,https://example.gov.cn/panel/140200,2026-07-09T18:00:00+08:00,2026-07-10T08:00:00+08:00
140200,2026-07-09,risk_pressure,26,2026-07-10T08:00:00+08:00,https://example.gov.cn/panel/140200,2026-07-09T18:00:00+08:00,2026-07-10T08:00:00+08:00
140200,2026-07-10,content_growth,35.3,2026-07-11T08:00:00+08:00,https://example.gov.cn/panel/140200,2026-07-10T18:00:00+08:00,2026-07-11T08:00:00+08:00
140200,2026-07-10,search_growth,33.9,2026-07-11T08:00:00+08:00,https://example.gov.cn/panel/140200,2026-07-10T18:00:00+08:00,2026-07-11T08:00:00+08:00
140200,2026-07-10,event_trigger,31.8,2026-07-11T08:00:00+08:00,https://example.gov.cn/panel/140200,2026-07-10T18:00:00+08:00,2026-07-11T08:00:00+08:00
140200,2026-07-10,accessibility,26.5,2026-07-11T08:00:00+08:00,https://example.gov.cn/panel/140200,2026-07-10T18:00:00+08:00,2026-07-11T08:00:00+08:00
140200,2026-07-10,supply_capacity,24.0,2026-07-11T08:00:00+08:00,https://example.gov.cn/panel/140200,2026-07-10T18:00:00+08:00,2026-07-11T08:00:00+08:00
140200,2026-07-10,weather_fit,27.6,2026-07-11T08:00:00+08:00,https://example.gov.cn/panel/140200,2026-07-10T18:00:00+08:00,2026-07-11T08:00:00+08:00
140200,2026-07-10,novelty,32.5,2026-07-11T08:00:00+08:00,https://example.gov.cn/panel/140200,2026-07-10T18:00:00+08:00,2026-07-11T08:00:00+08:00
140200,2026-07-10,cross_region_spread,30.4,2026-07-11T08:00:00+08:00,https://example.gov.cn/panel/140200,2026-07-10T18:00:00+08:00,2026-07-11T08:00:00+08:00
140200,2026-07-10,risk_pressure,26,2026-07-11T08:00:00+08:00,https://example.gov.cn/panel/140200,2026-07-10T18:00:00+08:00,2026-07-11T08:00:00+08:00
140200,2026-07-11,content_growth,36.2,2026-07-12T08:00:00+08:00,https://example.gov.cn/panel/140200,2026-07-11T18:00:00+08:00,2026-07-12T08:00:00+08:00
140200,2026-07-11,search_growth,34.8,2026-07-12T08:00:00+08:00,https://example.gov.cn/panel/140200,2026-07-11T18:00:00+08:00,2026-07-12T08:00:00+08:00
140200,2026-07-11,event_trigger,32.6,2026-07-12T08:00:00+08:00,https://example.gov.cn/panel/140200,2026-07-11T18:00:00+08:00,2026-07-12T08:00:00+08:00
140200,2026-07-11,accessibility,27.2,2026-07-12T08:00:00+08:00,https://example.gov.cn/panel/140200,2026-07-11T18:00:00+08:00,2026-07-12T08:00:00+08:00
140200,2026-07-11,supply_capacity,24.6,2026-07-12T08:00:00+08:00,https://example.gov.cn/panel/140200,2026-07-11T18:00:00+08:00,2026-07-12T08:00:00+08:00
140200,2026-07-11,weather_fit,28.3,2026-07-12T08:00:00+08:00,https://example.gov.cn/panel/140200,2026-07-11T18:00:00+08:00,2026-07-12T08:00:00+08:00
140200,2026-07-11,novelty,33.3,2026-07-12T08:00:00+08:00,https://example.gov.cn/panel/140200,2026-07-11T18:00:00+08:00,2026-07-12T08:00:00+08:00
140200,2026-07-11,cross_region_spread,31.2,2026-07-12T08:00:00+08:00,https://example.gov.cn/panel/140200,2026-07-11T18:00:00+08:00,2026-07-12T08:00:00+08:00
140200,2026-07-11,risk_pressure,26,2026-07-12T08:00:00+08:00,https://example.gov.cn/panel/140200,2026-07-11T18:00:00+08:00,2026-07-12T08:00:00+08:00
140200,2026-07-12,content_growth,37.1,2026-07-13T08:00:00+08:00,https://example.gov.cn/panel/140200,2026-07-12T18:00:00+08:00,2026-07-13T08:00:00+08:00
140200,2026-07-12,search_growth,35.6,2026-07-13T08:00:00+08:00,https://example.gov.cn/panel/140200,2026-07-12T18:00:00+08:00,2026-07-13T08:00:00+08:00
140200,2026-07-12,event_trigger,33.4,2026-07-13T08:00:00+08:00,https://example.gov.cn/panel/140200,2026-07-12T18:00:00+08:00,2026-07-13T08:00:00+08:00
140200,2026-07-12,accessibility,27.8,2026-07-13T08:00:00+08:00,https://example.gov.cn/panel/140200,2026-07-12T18:00:00+08:00,2026-07-13T08:00:00+08:00
140200,2026-07-12,supply_capacity,25.2,2026-07-13T08:00:00+08:00,https://example.gov.cn/panel/140200,2026-07-12T18:00:00+08:00,2026-07-13T08:00:00+08:00
140200,2026-07-12,weather_fit,29.0,2026-07-13T08:00:00+08:00,https://example.gov.cn/panel/140200,2026-07-12T18:00:00+08:00,2026-07-13T08:00:00+08:00
140200,2026-07-12,novelty,34.2,2026-07-13T08:00:00+08:00,https://example.gov.cn/panel/140200,2026-07-12T18:00:00+08:00,2026-07-13T08:00:00+08:00
140200,2026-07-12,cross_region_spread,31.9,2026-07-13T08:00:00+08:00,https://example.gov.cn/panel/140200,2026-07-12T18:00:00+08:00,2026-07-13T08:00:00+08:00
140200,2026-07-12,risk_pressure,26,2026-07-13T08:00:00+08:00,https://example.gov.cn/panel/140200,2026-07-12T18:00:00+08:00,2026-07-13T08:00:00+08:00
140200,2026-07-13,content_growth,38.0,2026-07-14T08:00:00+08:00,https://example.gov.cn/panel/140200,2026-07-13T18:00:00+08:00,2026-07-14T08:00:00+08:00
140200,2026-07-13,search_growth,36.5,2026-07-14T08:00:00+08:00,https://example.gov.cn/panel/140200,2026-07-13T18:00:00+08:00,2026-07-14T08:00:00+08:00
140200,2026-07-13,event_trigger,34.2,2026-07-14T08:00:00+08:00,https://example.gov.cn/panel/140200,2026-07-13T18:00:00+08:00,2026-07-14T08:00:00+08:00
140200,2026-07-13,accessibility,28.5,2026-07-14T08:00:00+08:00,https://example.gov.cn/panel/140200,2026-07-13T18:00:00+08:00,2026-07-14T08:00:00+08:00
140200,2026-07-13,supply_capacity,25.9,2026-07-14T08:00:00+08:00,https://example.gov.cn/panel/140200,2026-07-13T18:00:00+08:00,2026-07-14T08:00:00+08:00
140200,2026-07-13,weather_fit,29.7,2026-07-14T08:00:00+08:00,https://example.gov.cn/panel/140200,2026-07-13T18:00:00+08:00,2026-07-14T08:00:00+08:00
140200,2026-07-13,novelty,35.0,2026-07-14T08:00:00+08:00,https://example.gov.cn/panel/140200,2026-07-13T18:00:00+08:00,2026-07-14T08:00:00+08:00
140200,2026-07-13,cross_region_spread,32.7,2026-07-14T08:00:00+08:00,https://example.gov.cn/panel/140200,2026-07-13T18:00:00+08:00,2026-07-14T08:00:00+08:00
140200,2026-07-13,risk_pressure,26,2026-07-14T08:00:00+08:00,https://example.gov.cn/panel/140200,2026-07-13T18:00:00+08:00,2026-07-14T08:00:00+08:00
140200,2026-07-14,content_growth,38.9,2026-07-15T08:00:00+08:00,https://example.gov.cn/panel/140200,2026-07-14T18:00:00+08:00,2026-07-15T08:00:00+08:00
140200,2026-07-14,search_growth,37.4,2026-07-15T08:00:00+08:00,https://example.gov.cn/panel/140200,2026-07-14T18:00:00+08:00,2026-07-15T08:00:00+08:00
140200,2026-07-14,event_trigger,35.0,2026-07-15T08:00:00+08:00,https://example.gov.cn/panel/140200,2026-07-14T18:00:00+08:00,2026-07-15T08:00:00+08:00
140200,2026-07-14,accessibility,29.2,2026-07-15T08:00:00+08:00,https://example.gov.cn/panel/140200,2026-07-14T18:00:00+08:00,2026-07-15T08:00:00+08:00
140200,2026-07-14,supply_capacity,26.5,2026-07-15T08:00:00+08:00,https://example.gov.cn/panel/140200,2026-07-14T18:00:00+08:00,2026-07-15T08:00:00+08:00
140200,2026-07-14,weather_fit,30.3,2026-07-15T08:00:00+08:00,https://example.gov.cn/panel/140200,2026-07-14T18:00:00+08:00,2026-07-15T08:00:00+08:00
140200,2026-07-14,novelty,35.8,2026-07-15T08:00:00+08:00,https://example.gov.cn/panel/140200,2026-07-14T18:00:00+08:00,2026-07-15T08:00:00+08:00
140200,2026-07-14,cross_region_spread,33.5,2026-07-15T08:00:00+08:00,https://example.gov.cn/panel/140200,2026-07-14T18:00:00+08:00,2026-07-15T08:00:00+08:00
140200,2026-07-14,risk_pressure,26,2026-07-15T08:00:00+08:00,https://example.gov.cn/panel/140200,2026-07-14T18:00:00+08:00,2026-07-15T08:00:00+08:00
140200,2026-07-15,content_growth,39.8,2026-07-16T08:00:00+08:00,https://example.gov.cn/panel/140200,2026-07-15T18:00:00+08:00,2026-07-16T08:00:00+08:00
140200,2026-07-15,search_growth,38.2,2026-07-16T08:00:00+08:00,https://example.gov.cn/panel/140200,2026-07-15T18:00:00+08:00,2026-07-16T08:00:00+08:00
140200,2026-07-15,event_trigger,35.8,2026-07-16T08:00:00+08:00,https://example.gov.cn/panel/140200,2026-07-15T18:00:00+08:00,2026-07-16T08:00:00+08:00
140200,2026-07-15,accessibility,29.8,2026-07-16T08:00:00+08:00,https://example.gov.cn/panel/140200,2026-07-15T18:00:00+08:00,2026-07-16T08:00:00+08:00
140200,2026-07-15,supply_capacity,27.1,2026-07-16T08:00:00+08:00,https://example.gov.cn/panel/140200,2026-07-15T18:00:00+08:00,2026-07-16T08:00:00+08:00
140200,2026-07-15,weather_fit,31.0,2026-07-16T08:00:00+08:00,https://example.gov.cn/panel/140200,2026-07-15T18:00:00+08:00,2026-07-16T08:00:00+08:00
140200,2026-07-15,novelty,36.6,2026-07-16T08:00:00+08:00,https://example.gov.cn/panel/140200,2026-07-15T18:00:00+08:00,2026-07-16T08:00:00+08:00
140200,2026-07-15,cross_region_spread,34.2,2026-07-16T08:00:00+08:00,https://example.gov.cn/panel/140200,2026-07-15T18:00:00+08:00,2026-07-16T08:00:00+08:00
140200,2026-07-15,risk_pressure,26,2026-07-16T08:00:00+08:00,https://example.gov.cn/panel/140200,2026-07-15T18:00:00+08:00,2026-07-16T08:00:00+08:00
140200,2026-07-16,content_growth,40.7,2026-07-17T08:00:00+08:00,https://example.gov.cn/panel/140200,2026-07-16T18:00:00+08:00,2026-07-17T08:00:00+08:00
140200,2026-07-16,search_growth,39.1,2026-07-17T08:00:00+08:00,https://example.gov.cn/panel/140200,2026-07-16T18:00:00+08:00,2026-07-17T08:00:00+08:00
140200,2026-07-16,event_trigger,36.6,2026-07-17T08:00:00+08:00,https://example.gov.cn/panel/140200,2026-07-16T18:00:00+08:00,2026-07-17T08:00:00+08:00
140200,2026-07-16,accessibility,30.5,2026-07-17T08:00:00+08:00,https://example.gov.cn/panel/140200,2026-07-16T18:00:00+08:00,2026-07-17T08:00:00+08:00
140200,2026-07-16,supply_capacity,27.7,2026-07-17T08:00:00+08:00,https://example.gov.cn/panel/140200,2026-07-16T18:00:00+08:00,2026-07-17T08:00:00+08:00
140200,2026-07-16,weather_fit,31.7,2026-07-17T08:00:00+08:00,https://example.gov.cn/panel/140200,2026-07-16T18:00:00+08:00,2026-07-17T08:00:00+08:00
140200,2026-07-16,novelty,37.4,2026-07-17T08:00:00+08:00,https://example.gov.cn/panel/140200,2026-07-16T18:00:00+08:00,2026-07-17T08:00:00+08:00
140200,2026-07-16,cross_region_spread,35.0,2026-07-17T08:00:00+08:00,https://example.gov.cn/panel/140200,2026-07-16T18:00:00+08:00,2026-07-17T08:00:00+08:00
140200,2026-07-16,risk_pressure,26,2026-07-17T08:00:00+08:00,https://example.gov.cn/panel/140200,2026-07-16T18:00:00+08:00,2026-07-17T08:00:00+08:00
140200,2026-07-17,content_growth,41.6,2026-07-18T08:00:00+08:00,https://example.gov.cn/panel/140200,2026-07-17T18:00:00+08:00,2026-07-18T08:00:00+08:00
140200,2026-07-17,search_growth,39.9,2026-07-18T08:00:00+08:00,https://example.gov.cn/panel/140200,2026-07-17T18:00:00+08:00,2026-07-18T08:00:00+08:00
140200,2026-07-17,event_trigger,37.4,2026-07-18T08:00:00+08:00,https://example.gov.cn/panel/140200,2026-07-17T18:00:00+08:00,2026-07-18T08:00:00+08:00
140200,2026-07-17,accessibility,31.2,2026-07-18T08:00:00+08:00,https://example.gov.cn/panel/140200,2026-07-17T18:00:00+08:00,2026-07-18T08:00:00+08:00
140200,2026-07-17,supply_capacity,28.3,2026-07-18T08:00:00+08:00,https://example.gov.cn/panel/140200,2026-07-17T18:00:00+08:00,2026-07-18T08:00:00+08:00
140200,2026-07-17,weather_fit,32.4,2026-07-18T08:00:00+08:00,https://example.gov.cn/panel/140200,2026-07-17T18:00:00+08:00,2026-07-18T08:00:00+08:00
140200,2026-07-17,novelty,38.3,2026-07-18T08:00:00+08:00,https://example.gov.cn/panel/140200,2026-07-17T18:00:00+08:00,2026-07-18T08:00:00+08:00
140200,2026-07-17,cross_region_spread,35.8,2026-07-18T08:00:00+08:00,https://example.gov.cn/panel/140200,2026-07-17T18:00:00+08:00,2026-07-18T08:00:00+08:00
140200,2026-07-17,risk_pressure,26,2026-07-18T08:00:00+08:00,https://example.gov.cn/panel/140200,2026-07-17T18:00:00+08:00,2026-07-18T08:00:00+08:00
140200,2026-07-18,content_growth,42.5,2026-07-19T08:00:00+08:00,https://example.gov.cn/panel/140200,2026-07-18T18:00:00+08:00,2026-07-19T08:00:00+08:00
140200,2026-07-18,search_growth,40.8,2026-07-19T08:00:00+08:00,https://example.gov.cn/panel/140200,2026-07-18T18:00:00+08:00,2026-07-19T08:00:00+08:00
140200,2026-07-18,event_trigger,38.2,2026-07-19T08:00:00+08:00,https://example.gov.cn/panel/140200,2026-07-18T18:00:00+08:00,2026-07-19T08:00:00+08:00
140200,2026-07-18,accessibility,31.9,2026-07-19T08:00:00+08:00,https://example.gov.cn/panel/140200,2026-07-18T18:00:00+08:00,2026-07-19T08:00:00+08:00
140200,2026-07-18,supply_capacity,28.9,2026-07-19T08:00:00+08:00,https://example.gov.cn/panel/140200,2026-07-18T18:00:00+08:00,2026-07-19T08:00:00+08:00
140200,2026-07-18,weather_fit,33.1,2026-07-19T08:00:00+08:00,https://example.gov.cn/panel/140200,2026-07-18T18:00:00+08:00,2026-07-19T08:00:00+08:00
140200,2026-07-18,novelty,39.1,2026-07-19T08:00:00+08:00,https://example.gov.cn/panel/140200,2026-07-18T18:00:00+08:00,2026-07-19T08:00:00+08:00
140200,2026-07-18,cross_region_spread,36.5,2026-07-19T08:00:00+08:00,https://example.gov.cn/panel/140200,2026-07-18T18:00:00+08:00,2026-07-19T08:00:00+08:00
140200,2026-07-18,risk_pressure,26,2026-07-19T08:00:00+08:00,https://example.gov.cn/panel/140200,2026-07-18T18:00:00+08:00,2026-07-19T08:00:00+08:00
140200,2026-07-19,content_growth,43.4,2026-07-20T08:00:00+08:00,https://example.gov.cn/panel/140200,2026-07-19T18:00:00+08:00,2026-07-20T08:00:00+08:00
140200,2026-07-19,search_growth,41.6,2026-07-20T08:00:00+08:00,https://example.gov.cn/panel/140200,2026-07-19T18:00:00+08:00,2026-07-20T08:00:00+08:00
140200,2026-07-19,event_trigger,39.0,2026-07-20T08:00:00+08:00,https://example.gov.cn/panel/140200,2026-07-19T18:00:00+08:00,2026-07-20T08:00:00+08:00
140200,2026-07-19,accessibility,32.5,2026-07-20T08:00:00+08:00,https://example.gov.cn/panel/140200,2026-07-19T18:00:00+08:00,2026-07-20T08:00:00+08:00
140200,2026-07-19,supply_capacity,29.5,2026-07-20T08:00:00+08:00,https://example.gov.cn/panel/140200,2026-07-19T18:00:00+08:00,2026-07-20T08:00:00+08:00
140200,2026-07-19,weather_fit,33.8,2026-07-20T08:00:00+08:00,https://example.gov.cn/panel/140200,2026-07-19T18:00:00+08:00,2026-07-20T08:00:00+08:00
140200,2026-07-19,novelty,39.9,2026-07-20T08:00:00+08:00,https://example.gov.cn/panel/140200,2026-07-19T18:00:00+08:00,2026-07-20T08:00:00+08:00
140200,2026-07-19,cross_region_spread,37.3,2026-07-20T08:00:00+08:00,https://example.gov.cn/panel/140200,2026-07-19T18:00:00+08:00,2026-07-20T08:00:00+08:00
140200,2026-07-19,risk_pressure,26,2026-07-20T08:00:00+08:00,https://example.gov.cn/panel/140200,2026-07-19T18:00:00+08:00,2026-07-20T08:00:00+08:00
140200,2026-07-20,content_growth,44.2,2026-07-21T08:00:00+08:00,https://example.gov.cn/panel/140200,2026-07-20T18:00:00+08:00,2026-07-21T08:00:00+08:00
140200,2026-07-20,search_growth,42.5,2026-07-21T08:00:00+08:00,https://example.gov.cn/panel/140200,2026-07-20T18:00:00+08:00,2026-07-21T08:00:00+08:00
140200,2026-07-20,event_trigger,39.8,2026-07-21T08:00:00+08:00,https://example.gov.cn/panel/140200,2026-07-20T18:00:00+08:00,2026-07-21T08:00:00+08:00
140200,2026-07-20,accessibility,33.2,2026-07-21T08:00:00+08:00,https://example.gov.cn/panel/140200,2026-07-20T18:00:00+08:00,2026-07-21T08:00:00+08:00
140200,2026-07-20,supply_capacity,30.1,2026-07-21T08:00:00+08:00,https://example.gov.cn/panel/140200,2026-07-20T18:00:00+08:00,2026-07-21T08:00:00+08:00
140200,2026-07-20,weather_fit,34.5,2026-07-21T08:00:00+08:00,https://example.gov.cn/panel/140200,2026-07-20T18:00:00+08:00,2026-07-21T08:00:00+08:00
140200,2026-07-20,novelty,40.7,2026-07-21T08:00:00+08:00,https://example.gov.cn/panel/140200,2026-07-20T18:00:00+08:00,2026-07-21T08:00:00+08:00
140200,2026-07-20,cross_region_spread,38.1,2026-07-21T08:00:00+08:00,https://example.gov.cn/panel/140200,2026-07-20T18:00:00+08:00,2026-07-21T08:00:00+08:00
140200,2026-07-20,risk_pressure,26,2026-07-21T08:00:00+08:00,https://example.gov.cn/panel/140200,2026-07-20T18:00:00+08:00,2026-07-21T08:00:00+08:00
140200,2026-07-21,content_growth,45.1,2026-07-22T08:00:00+08:00,https://example.gov.cn/panel/140200,2026-07-21T18:00:00+08:00,2026-07-22T08:00:00+08:00
140200,2026-07-21,search_growth,43.3,2026-07-22T08:00:00+08:00,https://example.gov.cn/panel/140200,2026-07-21T18:00:00+08:00,2026-07-22T08:00:00+08:00
140200,2026-07-21,event_trigger,40.6,2026-07-22T08:00:00+08:00,https://example.gov.cn/panel/140200,2026-07-21T18:00:00+08:00,2026-07-22T08:00:00+08:00
140200,2026-07-21,accessibility,33.9,2026-07-22T08:00:00+08:00,https://example.gov.cn/panel/140200,2026-07-21T18:00:00+08:00,2026-07-22T08:00:00+08:00
140200,2026-07-21,supply_capacity,30.7,2026-07-22T08:00:00+08:00,https://example.gov.cn/panel/140200,2026-07-21T18:00:00+08:00,2026-07-22T08:00:00+08:00
140200,2026-07-21,weather_fit,35.2,2026-07-22T08:00:00+08:00,https://example.gov.cn/panel/140200,2026-07-21T18:00:00+08:00,2026-07-22T08:00:00+08:00
140200,2026-07-21,novelty,41.5,2026-07-22T08:00:00+08:00,https://example.gov.cn/panel/140200,2026-07-21T18:00:00+08:00,2026-07-22T08:00:00+08:00
140200,2026-07-21,cross_region_spread,38.8,2026-07-22T08:00:00+08:00,https://example.gov.cn/panel/140200,2026-07-21T18:00:00+08:00,2026-07-22T08:00:00+08:00
140200,2026-07-21,risk_pressure,26,2026-07-22T08:00:00+08:00,https://example.gov.cn/panel/140200,2026-07-21T18:00:00+08:00,2026-07-22T08:00:00+08:00
140200,2026-07-22,content_growth,46.0,2026-07-23T08:00:00+08:00,https://example.gov.cn/panel/140200,2026-07-22T18:00:00+08:00,2026-07-23T08:00:00+08:00
140200,2026-07-22,search_growth,44.2,2026-07-23T08:00:00+08:00,https://example.gov.cn/panel/140200,2026-07-22T18:00:00+08:00,2026-07-23T08:00:00+08:00
140200,2026-07-22,event_trigger,41.4,2026-07-23T08:00:00+08:00,https://example.gov.cn/panel/140200,2026-07-22T18:00:00+08:00,2026-07-23T08:00:00+08:00
140200,2026-07-22,accessibility,34.5,2026-07-23T08:00:00+08:00,https://example.gov.cn/panel/140200,2026-07-22T18:00:00+08:00,2026-07-23T08:00:00+08:00
140200,2026-07-22,supply_capacity,31.3,2026-07-23T08:00:00+08:00,https://example.gov.cn/panel/140200,2026-07-22T18:00:00+08:00,2026-07-23T08:00:00+08:00
140200,2026-07-22,weather_fit,35.9,2026-07-23T08:00:00+08:00,https://example.gov.cn/panel/140200,2026-07-22T18:00:00+08:00,2026-07-23T08:00:00+08:00
140200,2026-07-22,novelty,42.3,2026-07-23T08:00:00+08:00,https://example.gov.cn/panel/140200,2026-07-22T18:00:00+08:00,2026-07-23T08:00:00+08:00
140200,2026-07-22,cross_region_spread,39.6,2026-07-23T08:00:00+08:00,https://example.gov.cn/panel/140200,2026-07-22T18:00:00+08:00,2026-07-23T08:00:00+08:00
140200,2026-07-22,risk_pressure,26,2026-07-23T08:00:00+08:00,https://example.gov.cn/panel/140200,2026-07-22T18:00:00+08:00,2026-07-23T08:00:00+08:00
140200,2026-07-23,content_growth,46.9,2026-07-24T08:00:00+08:00,https://example.gov.cn/panel/140200,2026-07-23T18:00:00+08:00,2026-07-24T08:00:00+08:00
140200,2026-07-23,search_growth,45.0,2026-07-24T08:00:00+08:00,https://example.gov.cn/panel/140200,2026-07-23T18:00:00+08:00,2026-07-24T08:00:00+08:00
140200,2026-07-23,event_trigger,42.2,2026-07-24T08:00:00+08:00,https://example.gov.cn/panel/140200,2026-07-23T18:00:00+08:00,2026-07-24T08:00:00+08:00
140200,2026-07-23,accessibility,35.2,2026-07-24T08:00:00+08:00,https://example.gov.cn/panel/140200,2026-07-23T18:00:00+08:00,2026-07-24T08:00:00+08:00
140200,2026-07-23,supply_capacity,31.9,2026-07-24T08:00:00+08:00,https://example.gov.cn/panel/140200,2026-07-23T18:00:00+08:00,2026-07-24T08:00:00+08:00
140200,2026-07-23,weather_fit,36.6,2026-07-24T08:00:00+08:00,https://example.gov.cn/panel/140200,2026-07-23T18:00:00+08:00,2026-07-24T08:00:00+08:00
140200,2026-07-23,novelty,43.2,2026-07-24T08:00:00+08:00,https://example.gov.cn/panel/140200,2026-07-23T18:00:00+08:00,2026-07-24T08:00:00+08:00
140200,2026-07-23,cross_region_spread,40.3,2026-07-24T08:00:00+08:00,https://example.gov.cn/panel/140200,2026-07-23T18:00:00+08:00,2026-07-24T08:00:00+08:00
140200,2026-07-23,risk_pressure,26,2026-07-24T08:00:00+08:00,https://example.gov.cn/panel/140200,2026-07-23T18:00:00+08:00,2026-07-24T08:00:00+08:00
140200,2026-07-24,content_growth,47.8,2026-07-25T08:00:00+08:00,https://example.gov.cn/panel/140200,2026-07-24T18:00:00+08:00,2026-07-25T08:00:00+08:00
140200,2026-07-24,search_growth,45.9,2026-07-25T08:00:00+08:00,https://example.gov.cn/panel/140200,2026-07-24T18:00:00+08:00,2026-07-25T08:00:00+08:00
140200,2026-07-24,event_trigger,43.0,2026-07-25T08:00:00+08:00,https://example.gov.cn/panel/140200,2026-07-24T18:00:00+08:00,2026-07-25T08:00:00+08:00
140200,2026-07-24,accessibility,35.9,2026-07-25T08:00:00+08:00,https://example.gov.cn/panel/140200,2026-07-24T18:00:00+08:00,2026-07-25T08:00:00+08:00
140200,2026-07-24,supply_capacity,32.5,2026-07-25T08:00:00+08:00,https://example.gov.cn/panel/140200,2026-07-24T18:00:00+08:00,2026-07-25T08:00:00+08:00
140200,2026-07-24,weather_fit,37.3,2026-07-25T08:00:00+08:00,https://example.gov.cn/panel/140200,2026-07-24T18:00:00+08:00,2026-07-25T08:00:00+08:00
140200,2026-07-24,novelty,44.0,2026-07-25T08:00:00+08:00,https://example.gov.cn/panel/140200,2026-07-24T18:00:00+08:00,2026-07-25T08:00:00+08:00
140200,2026-07-24,cross_region_spread,41.1,2026-07-25T08:00:00+08:00,https://example.gov.cn/panel/140200,2026-07-24T18:00:00+08:00,2026-07-25T08:00:00+08:00
140200,2026-07-24,risk_pressure,26,2026-07-25T08:00:00+08:00,https://example.gov.cn/panel/140200,2026-07-24T18:00:00+08:00,2026-07-25T08:00:00+08:00
140200,2026-07-25,content_growth,48.7,2026-07-26T08:00:00+08:00,https://example.gov.cn/panel/140200,2026-07-25T18:00:00+08:00,2026-07-26T08:00:00+08:00
140200,2026-07-25,search_growth,46.7,2026-07-26T08:00:00+08:00,https://example.gov.cn/panel/140200,2026-07-25T18:00:00+08:00,2026-07-26T08:00:00+08:00
140200,2026-07-25,event_trigger,43.8,2026-07-26T08:00:00+08:00,https://example.gov.cn/panel/140200,2026-07-25T18:00:00+08:00,2026-07-26T08:00:00+08:00
140200,2026-07-25,accessibility,36.5,2026-07-26T08:00:00+08:00,https://example.gov.cn/panel/140200,2026-07-25T18:00:00+08:00,2026-07-26T08:00:00+08:00
140200,2026-07-25,supply_capacity,33.1,2026-07-26T08:00:00+08:00,https://example.gov.cn/panel/140200,2026-07-25T18:00:00+08:00,2026-07-26T08:00:00+08:00
140200,2026-07-25,weather_fit,38.0,2026-07-26T08:00:00+08:00,https://example.gov.cn/panel/140200,2026-07-25T18:00:00+08:00,2026-07-26T08:00:00+08:00
140200,2026-07-25,novelty,44.8,2026-07-26T08:00:00+08:00,https://example.gov.cn/panel/140200,2026-07-25T18:00:00+08:00,2026-07-26T08:00:00+08:00
140200,2026-07-25,cross_region_spread,41.9,2026-07-26T08:00:00+08:00,https://example.gov.cn/panel/140200,2026-07-25T18:00:00+08:00,2026-07-26T08:00:00+08:00
140200,2026-07-25,risk_pressure,26,2026-07-26T08:00:00+08:00,https://example.gov.cn/panel/140200,2026-07-25T18:00:00+08:00,2026-07-26T08:00:00+08:00
140200,2026-07-26,content_growth,49.6,2026-07-27T08:00:00+08:00,https://example.gov.cn/panel/140200,2026-07-26T18:00:00+08:00,2026-07-27T08:00:00+08:00
140200,2026-07-26,search_growth,47.6,2026-07-27T08:00:00+08:00,https://example.gov.cn/panel/140200,2026-07-26T18:00:00+08:00,2026-07-27T08:00:00+08:00
140200,2026-07-26,event_trigger,44.6,2026-07-27T08:00:00+08:00,https://example.gov.cn/panel/140200,2026-07-26T18:00:00+08:00,2026-07-27T08:00:00+08:00
140200,2026-07-26,accessibility,37.2,2026-07-27T08:00:00+08:00,https://example.gov.cn/panel/140200,2026-07-26T18:00:00+08:00,2026-07-27T08:00:00+08:00
140200,2026-07-26,supply_capacity,33.7,2026-07-27T08:00:00+08:00,https://example.gov.cn/panel/140200,2026-07-26T18:00:00+08:00,2026-07-27T08:00:00+08:00
140200,2026-07-26,weather_fit,38.7,2026-07-27T08:00:00+08:00,https://example.gov.cn/panel/140200,2026-07-26T18:00:00+08:00,2026-07-27T08:00:00+08:00
140200,2026-07-26,novelty,45.6,2026-07-27T08:00:00+08:00,https://example.gov.cn/panel/140200,2026-07-26T18:00:00+08:00,2026-07-27T08:00:00+08:00
140200,2026-07-26,cross_region_spread,42.6,2026-07-27T08:00:00+08:00,https://example.gov.cn/panel/140200,2026-07-26T18:00:00+08:00,2026-07-27T08:00:00+08:00
140200,2026-07-26,risk_pressure,26,2026-07-27T08:00:00+08:00,https://example.gov.cn/panel/140200,2026-07-26T18:00:00+08:00,2026-07-27T08:00:00+08:00
140200,2026-07-27,content_growth,50.5,2026-07-28T08:00:00+08:00,https://example.gov.cn/panel/140200,2026-07-27T18:00:00+08:00,2026-07-28T08:00:00+08:00
140200,2026-07-27,search_growth,48.5,2026-07-28T08:00:00+08:00,https://example.gov.cn/panel/140200,2026-07-27T18:00:00+08:00,2026-07-28T08:00:00+08:00
140200,2026-07-27,event_trigger,45.4,2026-07-28T08:00:00+08:00,https://example.gov.cn/panel/140200,2026-07-27T18:00:00+08:00,2026-07-28T08:00:00+08:00
140200,2026-07-27,accessibility,37.9,2026-07-28T08:00:00+08:00,https://example.gov.cn/panel/140200,2026-07-27T18:00:00+08:00,2026-07-28T08:00:00+08:00
140200,2026-07-27,supply_capacity,34.3,2026-07-28T08:00:00+08:00,https://example.gov.cn/panel/140200,2026-07-27T18:00:00+08:00,2026-07-28T08:00:00+08:00
140200,2026-07-27,weather_fit,39.4,2026-07-28T08:00:00+08:00,https://example.gov.cn/panel/140200,2026-07-27T18:00:00+08:00,2026-07-28T08:00:00+08:00
140200,2026-07-27,novelty,46.4,2026-07-28T08:00:00+08:00,https://example.gov.cn/panel/140200,2026-07-27T18:00:00+08:00,2026-07-28T08:00:00+08:00
140200,2026-07-27,cross_region_spread,43.4,2026-07-28T08:00:00+08:00,https://example.gov.cn/panel/140200,2026-07-27T18:00:00+08:00,2026-07-28T08:00:00+08:00
140200,2026-07-27,risk_pressure,26,2026-07-28T08:00:00+08:00,https://example.gov.cn/panel/140200,2026-07-27T18:00:00+08:00,2026-07-28T08:00:00+08:00
140200,2026-07-28,content_growth,51.4,2026-07-29T08:00:00+08:00,https://example.gov.cn/panel/140200,2026-07-28T18:00:00+08:00,2026-07-29T08:00:00+08:00
140200,2026-07-28,search_growth,49.3,2026-07-29T08:00:00+08:00,https://example.gov.cn/panel/140200,2026-07-28T18:00:00+08:00,2026-07-29T08:00:00+08:00
140200,2026-07-28,event_trigger,46.2,2026-07-29T08:00:00+08:00,https://example.gov.cn/panel/140200,2026-07-28T18:00:00+08:00,2026-07-29T08:00:00+08:00
140200,2026-07-28,accessibility,38.5,2026-07-29T08:00:00+08:00,https://example.gov.cn/panel/140200,2026-07-28T18:00:00+08:00,2026-07-29T08:00:00+08:00
140200,2026-07-28,supply_capacity,34.9,2026-07-29T08:00:00+08:00,https://example.gov.cn/panel/140200,2026-07-28T18:00:00+08:00,2026-07-29T08:00:00+08:00
140200,2026-07-28,weather_fit,40.1,2026-07-29T08:00:00+08:00,https://example.gov.cn/panel/140200,2026-07-28T18:00:00+08:00,2026-07-29T08:00:00+08:00
140200,2026-07-28,novelty,47.3,2026-07-29T08:00:00+08:00,https://example.gov.cn/panel/140200,2026-07-28T18:00:00+08:00,2026-07-29T08:00:00+08:00
140200,2026-07-28,cross_region_spread,44.2,2026-07-29T08:00:00+08:00,https://example.gov.cn/panel/140200,2026-07-28T18:00:00+08:00,2026-07-29T08:00:00+08:00
140200,2026-07-28,risk_pressure,26,2026-07-29T08:00:00+08:00,https://example.gov.cn/panel/140200,2026-07-28T18:00:00+08:00,2026-07-29T08:00:00+08:00
140200,2026-07-29,content_growth,52.3,2026-07-30T08:00:00+08:00,https://example.gov.cn/panel/140200,2026-07-29T18:00:00+08:00,2026-07-30T08:00:00+08:00
140200,2026-07-29,search_growth,50.2,2026-07-30T08:00:00+08:00,https://example.gov.cn/panel/140200,2026-07-29T18:00:00+08:00,2026-07-30T08:00:00+08:00
140200,2026-07-29,event_trigger,47.0,2026-07-30T08:00:00+08:00,https://example.gov.cn/panel/140200,2026-07-29T18:00:00+08:00,2026-07-30T08:00:00+08:00
140200,2026-07-29,accessibility,39.2,2026-07-30T08:00:00+08:00,https://example.gov.cn/panel/140200,2026-07-29T18:00:00+08:00,2026-07-30T08:00:00+08:00
140200,2026-07-29,supply_capacity,35.5,2026-07-30T08:00:00+08:00,https://example.gov.cn/panel/140200,2026-07-29T18:00:00+08:00,2026-07-30T08:00:00+08:00
140200,2026-07-29,weather_fit,40.8,2026-07-30T08:00:00+08:00,https://example.gov.cn/panel/140200,2026-07-29T18:00:00+08:00,2026-07-30T08:00:00+08:00
140200,2026-07-29,novelty,48.1,2026-07-30T08:00:00+08:00,https://example.gov.cn/panel/140200,2026-07-29T18:00:00+08:00,2026-07-30T08:00:00+08:00
140200,2026-07-29,cross_region_spread,44.9,2026-07-30T08:00:00+08:00,https://example.gov.cn/panel/140200,2026-07-29T18:00:00+08:00,2026-07-30T08:00:00+08:00
140200,2026-07-29,risk_pressure,26,2026-07-30T08:00:00+08:00,https://example.gov.cn/panel/140200,2026-07-29T18:00:00+08:00,2026-07-30T08:00:00+08:00
140200,2026-07-30,content_growth,53.1,2026-07-31T08:00:00+08:00,https://example.gov.cn/panel/140200,2026-07-30T18:00:00+08:00,2026-07-31T08:00:00+08:00
140200,2026-07-30,search_growth,51.0,2026-07-31T08:00:00+08:00,https://example.gov.cn/panel/140200,2026-07-30T18:00:00+08:00,2026-07-31T08:00:00+08:00
140200,2026-07-30,event_trigger,47.8,2026-07-31T08:00:00+08:00,https://example.gov.cn/panel/140200,2026-07-30T18:00:00+08:00,2026-07-31T08:00:00+08:00
140200,2026-07-30,accessibility,39.9,2026-07-31T08:00:00+08:00,https://example.gov.cn/panel/140200,2026-07-30T18:00:00+08:00,2026-07-31T08:00:00+08:00
140200,2026-07-30,supply_capacity,36.1,2026-07-31T08:00:00+08:00,https://example.gov.cn/panel/140200,2026-07-30T18:00:00+08:00,2026-07-31T08:00:00+08:00
140200,2026-07-30,weather_fit,41.5,2026-07-31T08:00:00+08:00,https://example.gov.cn/panel/140200,2026-07-30T18:00:00+08:00,2026-07-31T08:00:00+08:00
140200,2026-07-30,novelty,48.9,2026-07-31T08:00:00+08:00,https://example.gov.cn/panel/140200,2026-07-30T18:00:00+08:00,2026-07-31T08:00:00+08:00
140200,2026-07-30,cross_region_spread,45.7,2026-07-31T08:00:00+08:00,https://example.gov.cn/panel/140200,2026-07-30T18:00:00+08:00,2026-07-31T08:00:00+08:00
140200,2026-07-30,risk_pressure,26,2026-07-31T08:00:00+08:00,https://example.gov.cn/panel/140200,2026-07-30T18:00:00+08:00,2026-07-31T08:00:00+08:00
140200,2026-07-31,content_growth,54.0,2026-08-01T08:00:00+08:00,https://example.gov.cn/panel/140200,2026-07-31T18:00:00+08:00,2026-08-01T08:00:00+08:00
140200,2026-07-31,search_growth,51.9,2026-08-01T08:00:00+08:00,https://example.gov.cn/panel/140200,2026-07-31T18:00:00+08:00,2026-08-01T08:00:00+08:00
140200,2026-07-31,event_trigger,48.6,2026-08-01T08:00:00+08:00,https://example.gov.cn/panel/140200,2026-07-31T18:00:00+08:00,2026-08-01T08:00:00+08:00
140200,2026-07-31,accessibility,40.5,2026-08-01T08:00:00+08:00,https://example.gov.cn/panel/140200,2026-07-31T18:00:00+08:00,2026-08-01T08:00:00+08:00
140200,2026-07-31,supply_capacity,36.7,2026-08-01T08:00:00+08:00,https://example.gov.cn/panel/140200,2026-07-31T18:00:00+08:00,2026-08-01T08:00:00+08:00
140200,2026-07-31,weather_fit,42.1,2026-08-01T08:00:00+08:00,https://example.gov.cn/panel/140200,2026-07-31T18:00:00+08:00,2026-08-01T08:00:00+08:00
140200,2026-07-31,novelty,49.7,2026-08-01T08:00:00+08:00,https://example.gov.cn/panel/140200,2026-07-31T18:00:00+08:00,2026-08-01T08:00:00+08:00
140200,2026-07-31,cross_region_spread,46.5,2026-08-01T08:00:00+08:00,https://example.gov.cn/panel/140200,2026-07-31T18:00:00+08:00,2026-08-01T08:00:00+08:00
140200,2026-07-31,risk_pressure,26,2026-08-01T08:00:00+08:00,https://example.gov.cn/panel/140200,2026-07-31T18:00:00+08:00,2026-08-01T08:00:00+08:00
140200,2026-08-01,content_growth,54.9,2026-08-02T08:00:00+08:00,https://example.gov.cn/panel/140200,2026-08-01T18:00:00+08:00,2026-08-02T08:00:00+08:00
140200,2026-08-01,search_growth,52.7,2026-08-02T08:00:00+08:00,https://example.gov.cn/panel/140200,2026-08-01T18:00:00+08:00,2026-08-02T08:00:00+08:00
140200,2026-08-01,event_trigger,49.4,2026-08-02T08:00:00+08:00,https://example.gov.cn/panel/140200,2026-08-01T18:00:00+08:00,2026-08-02T08:00:00+08:00
140200,2026-08-01,accessibility,41.2,2026-08-02T08:00:00+08:00,https://example.gov.cn/panel/140200,2026-08-01T18:00:00+08:00,2026-08-02T08:00:00+08:00
140200,2026-08-01,supply_capacity,37.3,2026-08-02T08:00:00+08:00,https://example.gov.cn/panel/140200,2026-08-01T18:00:00+08:00,2026-08-02T08:00:00+08:00
140200,2026-08-01,weather_fit,42.8,2026-08-02T08:00:00+08:00,https://example.gov.cn/panel/140200,2026-08-01T18:00:00+08:00,2026-08-02T08:00:00+08:00
140200,2026-08-01,novelty,50.5,2026-08-02T08:00:00+08:00,https://example.gov.cn/panel/140200,2026-08-01T18:00:00+08:00,2026-08-02T08:00:00+08:00
140200,2026-08-01,cross_region_spread,47.2,2026-08-02T08:00:00+08:00,https://example.gov.cn/panel/140200,2026-08-01T18:00:00+08:00,2026-08-02T08:00:00+08:00
140200,2026-08-01,risk_pressure,26,2026-08-02T08:00:00+08:00,https://example.gov.cn/panel/140200,2026-08-01T18:00:00+08:00,2026-08-02T08:00:00+08:00
140200,2026-08-02,content_growth,55.8,2026-08-03T08:00:00+08:00,https://example.gov.cn/panel/140200,2026-08-02T18:00:00+08:00,2026-08-03T08:00:00+08:00
140200,2026-08-02,search_growth,53.6,2026-08-03T08:00:00+08:00,https://example.gov.cn/panel/140200,2026-08-02T18:00:00+08:00,2026-08-03T08:00:00+08:00
140200,2026-08-02,event_trigger,50.2,2026-08-03T08:00:00+08:00,https://example.gov.cn/panel/140200,2026-08-02T18:00:00+08:00,2026-08-03T08:00:00+08:00
140200,2026-08-02,accessibility,41.9,2026-08-03T08:00:00+08:00,https://example.gov.cn/panel/140200,2026-08-02T18:00:00+08:00,2026-08-03T08:00:00+08:00
140200,2026-08-02,supply_capacity,38.0,2026-08-03T08:00:00+08:00,https://example.gov.cn/panel/140200,2026-08-02T18:00:00+08:00,2026-08-03T08:00:00+08:00
140200,2026-08-02,weather_fit,43.5,2026-08-03T08:00:00+08:00,https://example.gov.cn/panel/140200,2026-08-02T18:00:00+08:00,2026-08-03T08:00:00+08:00
140200,2026-08-02,novelty,51.4,2026-08-03T08:00:00+08:00,https://example.gov.cn/panel/140200,2026-08-02T18:00:00+08:00,2026-08-03T08:00:00+08:00
140200,2026-08-02,cross_region_spread,48.0,2026-08-03T08:00:00+08:00,https://example.gov.cn/panel/140200,2026-08-02T18:00:00+08:00,2026-08-03T08:00:00+08:00
140200,2026-08-02,risk_pressure,26,2026-08-03T08:00:00+08:00,https://example.gov.cn/panel/140200,2026-08-02T18:00:00+08:00,2026-08-03T08:00:00+08:00
140200,2026-08-03,content_growth,56.7,2026-08-04T08:00:00+08:00,https://example.gov.cn/panel/140200,2026-08-03T18:00:00+08:00,2026-08-04T08:00:00+08:00
140200,2026-08-03,search_growth,54.4,2026-08-04T08:00:00+08:00,https://example.gov.cn/panel/140200,2026-08-03T18:00:00+08:00,2026-08-04T08:00:00+08:00
140200,2026-08-03,event_trigger,51.0,2026-08-04T08:00:00+08:00,https://example.gov.cn/panel/140200,2026-08-03T18:00:00+08:00,2026-08-04T08:00:00+08:00
140200,2026-08-03,accessibility,42.5,2026-08-04T08:00:00+08:00,https://example.gov.cn/panel/140200,2026-08-03T18:00:00+08:00,2026-08-04T08:00:00+08:00
140200,2026-08-03,supply_capacity,38.6,2026-08-04T08:00:00+08:00,https://example.gov.cn/panel/140200,2026-08-03T18:00:00+08:00,2026-08-04T08:00:00+08:00
140200,2026-08-03,weather_fit,44.2,2026-08-04T08:00:00+08:00,https://example.gov.cn/panel/140200,2026-08-03T18:00:00+08:00,2026-08-04T08:00:00+08:00
140200,2026-08-03,novelty,52.2,2026-08-04T08:00:00+08:00,https://example.gov.cn/panel/140200,2026-08-03T18:00:00+08:00,2026-08-04T08:00:00+08:00
140200,2026-08-03,cross_region_spread,48.8,2026-08-04T08:00:00+08:00,https://example.gov.cn/panel/140200,2026-08-03T18:00:00+08:00,2026-08-04T08:00:00+08:00
140200,2026-08-03,risk_pressure,26,2026-08-04T08:00:00+08:00,https://example.gov.cn/panel/140200,2026-08-03T18:00:00+08:00,2026-08-04T08:00:00+08:00
140200,2026-08-04,content_growth,57.6,2026-08-05T08:00:00+08:00,https://example.gov.cn/panel/140200,2026-08-04T18:00:00+08:00,2026-08-05T08:00:00+08:00
140200,2026-08-04,search_growth,55.3,2026-08-05T08:00:00+08:00,https://example.gov.cn/panel/140200,2026-08-04T18:00:00+08:00,2026-08-05T08:00:00+08:00
140200,2026-08-04,event_trigger,51.8,2026-08-05T08:00:00+08:00,https://example.gov.cn/panel/140200,2026-08-04T18:00:00+08:00,2026-08-05T08:00:00+08:00
140200,2026-08-04,accessibility,43.2,2026-08-05T08:00:00+08:00,https://example.gov.cn/panel/140200,2026-08-04T18:00:00+08:00,2026-08-05T08:00:00+08:00
140200,2026-08-04,supply_capacity,39.2,2026-08-05T08:00:00+08:00,https://example.gov.cn/panel/140200,2026-08-04T18:00:00+08:00,2026-08-05T08:00:00+08:00
140200,2026-08-04,weather_fit,44.9,2026-08-05T08:00:00+08:00,https://example.gov.cn/panel/140200,2026-08-04T18:00:00+08:00,2026-08-05T08:00:00+08:00
140200,2026-08-04,novelty,53.0,2026-08-05T08:00:00+08:00,https://example.gov.cn/panel/140200,2026-08-04T18:00:00+08:00,2026-08-05T08:00:00+08:00
140200,2026-08-04,cross_region_spread,49.5,2026-08-05T08:00:00+08:00,https://example.gov.cn/panel/140200,2026-08-04T18:00:00+08:00,2026-08-05T08:00:00+08:00
140200,2026-08-04,risk_pressure,26,2026-08-05T08:00:00+08:00,https://example.gov.cn/panel/140200,2026-08-04T18:00:00+08:00,2026-08-05T08:00:00+08:00
140200,2026-08-05,content_growth,58.5,2026-08-06T08:00:00+08:00,https://example.gov.cn/panel/140200,2026-08-05T18:00:00+08:00,2026-08-06T08:00:00+08:00
140200,2026-08-05,search_growth,56.1,2026-08-06T08:00:00+08:00,https://example.gov.cn/panel/140200,2026-08-05T18:00:00+08:00,2026-08-06T08:00:00+08:00
140200,2026-08-05,event_trigger,52.6,2026-08-06T08:00:00+08:00,https://example.gov.cn/panel/140200,2026-08-05T18:00:00+08:00,2026-08-06T08:00:00+08:00
140200,2026-08-05,accessibility,43.9,2026-08-06T08:00:00+08:00,https://example.gov.cn/panel/140200,2026-08-05T18:00:00+08:00,2026-08-06T08:00:00+08:00
140200,2026-08-05,supply_capacity,39.8,2026-08-06T08:00:00+08:00,https://example.gov.cn/panel/140200,2026-08-05T18:00:00+08:00,2026-08-06T08:00:00+08:00
140200,2026-08-05,weather_fit,45.6,2026-08-06T08:00:00+08:00,https://example.gov.cn/panel/140200,2026-08-05T18:00:00+08:00,2026-08-06T08:00:00+08:00
140200,2026-08-05,novelty,53.8,2026-08-06T08:00:00+08:00,https://example.gov.cn/panel/140200,2026-08-05T18:00:00+08:00,2026-08-06T08:00:00+08:00
140200,2026-08-05,cross_region_spread,50.3,2026-08-06T08:00:00+08:00,https://example.gov.cn/panel/140200,2026-08-05T18:00:00+08:00,2026-08-06T08:00:00+08:00
140200,2026-08-05,risk_pressure,26,2026-08-06T08:00:00+08:00,https://example.gov.cn/panel/140200,2026-08-05T18:00:00+08:00,2026-08-06T08:00:00+08:00
140200,2026-08-06,content_growth,59.4,2026-08-07T08:00:00+08:00,https://example.gov.cn/panel/140200,2026-08-06T18:00:00+08:00,2026-08-07T08:00:00+08:00
140200,2026-08-06,search_growth,57.0,2026-08-07T08:00:00+08:00,https://example.gov.cn/panel/140200,2026-08-06T18:00:00+08:00,2026-08-07T08:00:00+08:00
140200,2026-08-06,event_trigger,53.4,2026-08-07T08:00:00+08:00,https://example.gov.cn/panel/140200,2026-08-06T18:00:00+08:00,2026-08-07T08:00:00+08:00
140200,2026-08-06,accessibility,44.5,2026-08-07T08:00:00+08:00,https://example.gov.cn/panel/140200,2026-08-06T18:00:00+08:00,2026-08-07T08:00:00+08:00
140200,2026-08-06,supply_capacity,40.4,2026-08-07T08:00:00+08:00,https://example.gov.cn/panel/140200,2026-08-06T18:00:00+08:00,2026-08-07T08:00:00+08:00
140200,2026-08-06,weather_fit,46.3,2026-08-07T08:00:00+08:00,https://example.gov.cn/panel/140200,2026-08-06T18:00:00+08:00,2026-08-07T08:00:00+08:00
140200,2026-08-06,novelty,54.6,2026-08-07T08:00:00+08:00,https://example.gov.cn/panel/140200,2026-08-06T18:00:00+08:00,2026-08-07T08:00:00+08:00
140200,2026-08-06,cross_region_spread,51.1,2026-08-07T08:00:00+08:00,https://example.gov.cn/panel/140200,2026-08-06T18:00:00+08:00,2026-08-07T08:00:00+08:00
140200,2026-08-06,risk_pressure,26,2026-08-07T08:00:00+08:00,https://example.gov.cn/panel/140200,2026-08-06T18:00:00+08:00,2026-08-07T08:00:00+08:00
140200,2026-08-07,content_growth,60.3,2026-08-08T08:00:00+08:00,https://example.gov.cn/panel/140200,2026-08-07T18:00:00+08:00,2026-08-08T08:00:00+08:00
140200,2026-08-07,search_growth,57.9,2026-08-08T08:00:00+08:00,https://example.gov.cn/panel/140200,2026-08-07T18:00:00+08:00,2026-08-08T08:00:00+08:00
140200,2026-08-07,event_trigger,54.2,2026-08-08T08:00:00+08:00,https://example.gov.cn/panel/140200,2026-08-07T18:00:00+08:00,2026-08-08T08:00:00+08:00
140200,2026-08-07,accessibility,45.2,2026-08-08T08:00:00+08:00,https://example.gov.cn/panel/140200,2026-08-07T18:00:00+08:00,2026-08-08T08:00:00+08:00
140200,2026-08-07,supply_capacity,41.0,2026-08-08T08:00:00+08:00,https://example.gov.cn/panel/140200,2026-08-07T18:00:00+08:00,2026-08-08T08:00:00+08:00
140200,2026-08-07,weather_fit,47.0,2026-08-08T08:00:00+08:00,https://example.gov.cn/panel/140200,2026-08-07T18:00:00+08:00,2026-08-08T08:00:00+08:00
140200,2026-08-07,novelty,55.4,2026-08-08T08:00:00+08:00,https://example.gov.cn/panel/140200,2026-08-07T18:00:00+08:00,2026-08-08T08:00:00+08:00
140200,2026-08-07,cross_region_spread,51.8,2026-08-08T08:00:00+08:00,https://example.gov.cn/panel/140200,2026-08-07T18:00:00+08:00,2026-08-08T08:00:00+08:00
140200,2026-08-07,risk_pressure,26,2026-08-08T08:00:00+08:00,https://example.gov.cn/panel/140200,2026-08-07T18:00:00+08:00,2026-08-08T08:00:00+08:00
140200,2026-08-08,content_growth,61.2,2026-08-09T08:00:00+08:00,https://example.gov.cn/panel/140200,2026-08-08T18:00:00+08:00,2026-08-09T08:00:00+08:00
140200,2026-08-08,search_growth,58.7,2026-08-09T08:00:00+08:00,https://example.gov.cn/panel/140200,2026-08-08T18:00:00+08:00,2026-08-09T08:00:00+08:00
140200,2026-08-08,event_trigger,55.0,2026-08-09T08:00:00+08:00,https://example.gov.cn/panel/140200,2026-08-08T18:00:00+08:00,2026-08-09T08:00:00+08:00
140200,2026-08-08,accessibility,45.9,2026-08-09T08:00:00+08:00,https://example.gov.cn/panel/140200,2026-08-08T18:00:00+08:00,2026-08-09T08:00:00+08:00
140200,2026-08-08,supply_capacity,41.6,2026-08-09T08:00:00+08:00,https://example.gov.cn/panel/140200,2026-08-08T18:00:00+08:00,2026-08-09T08:00:00+08:00
140200,2026-08-08,weather_fit,47.7,2026-08-09T08:00:00+08:00,https://example.gov.cn/panel/140200,2026-08-08T18:00:00+08:00,2026-08-09T08:00:00+08:00
140200,2026-08-08,novelty,56.3,2026-08-09T08:00:00+08:00,https://example.gov.cn/panel/140200,2026-08-08T18:00:00+08:00,2026-08-09T08:00:00+08:00
140200,2026-08-08,cross_region_spread,52.6,2026-08-09T08:00:00+08:00,https://example.gov.cn/panel/140200,2026-08-08T18:00:00+08:00,2026-08-09T08:00:00+08:00
140200,2026-08-08,risk_pressure,26,2026-08-09T08:00:00+08:00,https://example.gov.cn/panel/140200,2026-08-08T18:00:00+08:00,2026-08-09T08:00:00+08:00
140200,2026-08-09,content_growth,62.0,2026-08-10T08:00:00+08:00,https://example.gov.cn/panel/140200,2026-08-09T18:00:00+08:00,2026-08-10T08:00:00+08:00
140200,2026-08-09,search_growth,59.6,2026-08-10T08:00:00+08:00,https://example.gov.cn/panel/140200,2026-08-09T18:00:00+08:00,2026-08-10T08:00:00+08:00
140200,2026-08-09,event_trigger,55.8,2026-08-10T08:00:00+08:00,https://example.gov.cn/panel/140200,2026-08-09T18:00:00+08:00,2026-08-10T08:00:00+08:00
140200,2026-08-09,accessibility,46.5,2026-08-10T08:00:00+08:00,https://example.gov.cn/panel/140200,2026-08-09T18:00:00+08:00,2026-08-10T08:00:00+08:00
140200,2026-08-09,supply_capacity,42.2,2026-08-10T08:00:00+08:00,https://example.gov.cn/panel/140200,2026-08-09T18:00:00+08:00,2026-08-10T08:00:00+08:00
140200,2026-08-09,weather_fit,48.4,2026-08-10T08:00:00+08:00,https://example.gov.cn/panel/140200,2026-08-09T18:00:00+08:00,2026-08-10T08:00:00+08:00
140200,2026-08-09,novelty,57.1,2026-08-10T08:00:00+08:00,https://example.gov.cn/panel/140200,2026-08-09T18:00:00+08:00,2026-08-10T08:00:00+08:00
140200,2026-08-09,cross_region_spread,53.4,2026-08-10T08:00:00+08:00,https://example.gov.cn/panel/140200,2026-08-09T18:00:00+08:00,2026-08-10T08:00:00+08:00
140200,2026-08-09,risk_pressure,26,2026-08-10T08:00:00+08:00,https://example.gov.cn/panel/140200,2026-08-09T18:00:00+08:00,2026-08-10T08:00:00+08:00
140200,2026-08-10,content_growth,62.9,2026-08-11T08:00:00+08:00,https://example.gov.cn/panel/140200,2026-08-10T18:00:00+08:00,2026-08-11T08:00:00+08:00
140200,2026-08-10,search_growth,60.4,2026-08-11T08:00:00+08:00,https://example.gov.cn/panel/140200,2026-08-10T18:00:00+08:00,2026-08-11T08:00:00+08:00
140200,2026-08-10,event_trigger,56.6,2026-08-11T08:00:00+08:00,https://example.gov.cn/panel/140200,2026-08-10T18:00:00+08:00,2026-08-11T08:00:00+08:00
140200,2026-08-10,accessibility,47.2,2026-08-11T08:00:00+08:00,https://example.gov.cn/panel/140200,2026-08-10T18:00:00+08:00,2026-08-11T08:00:00+08:00
140200,2026-08-10,supply_capacity,42.8,2026-08-11T08:00:00+08:00,https://example.gov.cn/panel/140200,2026-08-10T18:00:00+08:00,2026-08-11T08:00:00+08:00
140200,2026-08-10,weather_fit,49.1,2026-08-11T08:00:00+08:00,https://example.gov.cn/panel/140200,2026-08-10T18:00:00+08:00,2026-08-11T08:00:00+08:00
140200,2026-08-10,novelty,57.9,2026-08-11T08:00:00+08:00,https://example.gov.cn/panel/140200,2026-08-10T18:00:00+08:00,2026-08-11T08:00:00+08:00
140200,2026-08-10,cross_region_spread,54.1,2026-08-11T08:00:00+08:00,https://example.gov.cn/panel/140200,2026-08-10T18:00:00+08:00,2026-08-11T08:00:00+08:00
140200,2026-08-10,risk_pressure,26,2026-08-11T08:00:00+08:00,https://example.gov.cn/panel/140200,2026-08-10T18:00:00+08:00,2026-08-11T08:00:00+08:00
140200,2026-08-11,content_growth,63.8,2026-08-12T08:00:00+08:00,https://example.gov.cn/panel/140200,2026-08-11T18:00:00+08:00,2026-08-12T08:00:00+08:00
140200,2026-08-11,search_growth,61.3,2026-08-12T08:00:00+08:00,https://example.gov.cn/panel/140200,2026-08-11T18:00:00+08:00,2026-08-12T08:00:00+08:00
140200,2026-08-11,event_trigger,57.4,2026-08-12T08:00:00+08:00,https://example.gov.cn/panel/140200,2026-08-11T18:00:00+08:00,2026-08-12T08:00:00+08:00
140200,2026-08-11,accessibility,47.9,2026-08-12T08:00:00+08:00,https://example.gov.cn/panel/140200,2026-08-11T18:00:00+08:00,2026-08-12T08:00:00+08:00
140200,2026-08-11,supply_capacity,43.4,2026-08-12T08:00:00+08:00,https://example.gov.cn/panel/140200,2026-08-11T18:00:00+08:00,2026-08-12T08:00:00+08:00
140200,2026-08-11,weather_fit,49.8,2026-08-12T08:00:00+08:00,https://example.gov.cn/panel/140200,2026-08-11T18:00:00+08:00,2026-08-12T08:00:00+08:00
140200,2026-08-11,novelty,58.7,2026-08-12T08:00:00+08:00,https://example.gov.cn/panel/140200,2026-08-11T18:00:00+08:00,2026-08-12T08:00:00+08:00
140200,2026-08-11,cross_region_spread,54.9,2026-08-12T08:00:00+08:00,https://example.gov.cn/panel/140200,2026-08-11T18:00:00+08:00,2026-08-12T08:00:00+08:00
140200,2026-08-11,risk_pressure,26,2026-08-12T08:00:00+08:00,https://example.gov.cn/panel/140200,2026-08-11T18:00:00+08:00,2026-08-12T08:00:00+08:00
140200,2026-08-12,content_growth,64.7,2026-08-13T08:00:00+08:00,https://example.gov.cn/panel/140200,2026-08-12T18:00:00+08:00,2026-08-13T08:00:00+08:00
140200,2026-08-12,search_growth,62.1,2026-08-13T08:00:00+08:00,https://example.gov.cn/panel/140200,2026-08-12T18:00:00+08:00,2026-08-13T08:00:00+08:00
140200,2026-08-12,event_trigger,58.2,2026-08-13T08:00:00+08:00,https://example.gov.cn/panel/140200,2026-08-12T18:00:00+08:00,2026-08-13T08:00:00+08:00
140200,2026-08-12,accessibility,48.5,2026-08-13T08:00:00+08:00,https://example.gov.cn/panel/140200,2026-08-12T18:00:00+08:00,2026-08-13T08:00:00+08:00
140200,2026-08-12,supply_capacity,44.0,2026-08-13T08:00:00+08:00,https://example.gov.cn/panel/140200,2026-08-12T18:00:00+08:00,2026-08-13T08:00:00+08:00
140200,2026-08-12,weather_fit,50.5,2026-08-13T08:00:00+08:00,https://example.gov.cn/panel/140200,2026-08-12T18:00:00+08:00,2026-08-13T08:00:00+08:00
140200,2026-08-12,novelty,59.5,2026-08-13T08:00:00+08:00,https://example.gov.cn/panel/140200,2026-08-12T18:00:00+08:00,2026-08-13T08:00:00+08:00
140200,2026-08-12,cross_region_spread,55.7,2026-08-13T08:00:00+08:00,https://example.gov.cn/panel/140200,2026-08-12T18:00:00+08:00,2026-08-13T08:00:00+08:00
140200,2026-08-12,risk_pressure,26,2026-08-13T08:00:00+08:00,https://example.gov.cn/panel/140200,2026-08-12T18:00:00+08:00,2026-08-13T08:00:00+08:00
140200,2026-08-13,content_growth,64.7,2026-08-14T08:00:00+08:00,https://example.gov.cn/panel/140200,2026-08-13T18:00:00+08:00,2026-08-14T08:00:00+08:00
140200,2026-08-13,search_growth,62.1,2026-08-14T08:00:00+08:00,https://example.gov.cn/panel/140200,2026-08-13T18:00:00+08:00,2026-08-14T08:00:00+08:00
140200,2026-08-13,event_trigger,58.2,2026-08-14T08:00:00+08:00,https://example.gov.cn/panel/140200,2026-08-13T18:00:00+08:00,2026-08-14T08:00:00+08:00
140200,2026-08-13,accessibility,48.5,2026-08-14T08:00:00+08:00,https://example.gov.cn/panel/140200,2026-08-13T18:00:00+08:00,2026-08-14T08:00:00+08:00
140200,2026-08-13,supply_capacity,44.0,2026-08-14T08:00:00+08:00,https://example.gov.cn/panel/140200,2026-08-13T18:00:00+08:00,2026-08-14T08:00:00+08:00
140200,2026-08-13,weather_fit,50.5,2026-08-14T08:00:00+08:00,https://example.gov.cn/panel/140200,2026-08-13T18:00:00+08:00,2026-08-14T08:00:00+08:00
140200,2026-08-13,novelty,59.5,2026-08-14T08:00:00+08:00,https://example.gov.cn/panel/140200,2026-08-13T18:00:00+08:00,2026-08-14T08:00:00+08:00
140200,2026-08-13,cross_region_spread,55.7,2026-08-14T08:00:00+08:00,https://example.gov.cn/panel/140200,2026-08-13T18:00:00+08:00,2026-08-14T08:00:00+08:00
140200,2026-08-13,risk_pressure,26,2026-08-14T08:00:00+08:00,https://example.gov.cn/panel/140200,2026-08-13T18:00:00+08:00,2026-08-14T08:00:00+08:00
140200,2026-08-14,content_growth,64.7,2026-08-15T08:00:00+08:00,https://example.gov.cn/panel/140200,2026-08-14T18:00:00+08:00,2026-08-15T08:00:00+08:00
140200,2026-08-14,search_growth,62.1,2026-08-15T08:00:00+08:00,https://example.gov.cn/panel/140200,2026-08-14T18:00:00+08:00,2026-08-15T08:00:00+08:00
140200,2026-08-14,event_trigger,58.2,2026-08-15T08:00:00+08:00,https://example.gov.cn/panel/140200,2026-08-14T18:00:00+08:00,2026-08-15T08:00:00+08:00
140200,2026-08-14,accessibility,48.5,2026-08-15T08:00:00+08:00,https://example.gov.cn/panel/140200,2026-08-14T18:00:00+08:00,2026-08-15T08:00:00+08:00
140200,2026-08-14,supply_capacity,44.0,2026-08-15T08:00:00+08:00,https://example.gov.cn/panel/140200,2026-08-14T18:00:00+08:00,2026-08-15T08:00:00+08:00
140200,2026-08-14,weather_fit,50.5,2026-08-15T08:00:00+08:00,https://example.gov.cn/panel/140200,2026-08-14T18:00:00+08:00,2026-08-15T08:00:00+08:00
140200,2026-08-14,novelty,59.5,2026-08-15T08:00:00+08:00,https://example.gov.cn/panel/140200,2026-08-14T18:00:00+08:00,2026-08-15T08:00:00+08:00
140200,2026-08-14,cross_region_spread,55.7,2026-08-15T08:00:00+08:00,https://example.gov.cn/panel/140200,2026-08-14T18:00:00+08:00,2026-08-15T08:00:00+08:00
140200,2026-08-14,risk_pressure,26,2026-08-15T08:00:00+08:00,https://example.gov.cn/panel/140200,2026-08-14T18:00:00+08:00,2026-08-15T08:00:00+08:00
350500,2026-07-03,content_growth,28.9,2026-07-04T08:00:00+08:00,https://example.gov.cn/panel/350500,2026-07-03T18:00:00+08:00,2026-07-04T08:00:00+08:00
350500,2026-07-03,search_growth,27.7,2026-07-04T08:00:00+08:00,https://example.gov.cn/panel/350500,2026-07-03T18:00:00+08:00,2026-07-04T08:00:00+08:00
350500,2026-07-03,event_trigger,26.0,2026-07-04T08:00:00+08:00,https://example.gov.cn/panel/350500,2026-07-03T18:00:00+08:00,2026-07-04T08:00:00+08:00
350500,2026-07-03,accessibility,21.6,2026-07-04T08:00:00+08:00,https://example.gov.cn/panel/350500,2026-07-03T18:00:00+08:00,2026-07-04T08:00:00+08:00
350500,2026-07-03,supply_capacity,19.6,2026-07-04T08:00:00+08:00,https://example.gov.cn/panel/350500,2026-07-03T18:00:00+08:00,2026-07-04T08:00:00+08:00
350500,2026-07-03,weather_fit,22.5,2026-07-04T08:00:00+08:00,https://example.gov.cn/panel/350500,2026-07-03T18:00:00+08:00,2026-07-04T08:00:00+08:00
350500,2026-07-03,novelty,26.6,2026-07-04T08:00:00+08:00,https://example.gov.cn/panel/350500,2026-07-03T18:00:00+08:00,2026-07-04T08:00:00+08:00
350500,2026-07-03,cross_region_spread,24.8,2026-07-04T08:00:00+08:00,https://example.gov.cn/panel/350500,2026-07-03T18:00:00+08:00,2026-07-04T08:00:00+08:00
350500,2026-07-03,risk_pressure,26,2026-07-04T08:00:00+08:00,https://example.gov.cn/panel/350500,2026-07-03T18:00:00+08:00,2026-07-04T08:00:00+08:00
350500,2026-07-04,content_growth,29.7,2026-07-05T08:00:00+08:00,https://example.gov.cn/panel/350500,2026-07-04T18:00:00+08:00,2026-07-05T08:00:00+08:00
350500,2026-07-04,search_growth,28.6,2026-07-05T08:00:00+08:00,https://example.gov.cn/panel/350500,2026-07-04T18:00:00+08:00,2026-07-05T08:00:00+08:00
350500,2026-07-04,event_trigger,26.8,2026-07-05T08:00:00+08:00,https://example.gov.cn/panel/350500,2026-07-04T18:00:00+08:00,2026-07-05T08:00:00+08:00
350500,2026-07-04,accessibility,22.3,2026-07-05T08:00:00+08:00,https://example.gov.cn/panel/350500,2026-07-04T18:00:00+08:00,2026-07-05T08:00:00+08:00
350500,2026-07-04,supply_capacity,20.2,2026-07-05T08:00:00+08:00,https://example.gov.cn/panel/350500,2026-07-04T18:00:00+08:00,2026-07-05T08:00:00+08:00
350500,2026-07-04,weather_fit,23.2,2026-07-05T08:00:00+08:00,https://example.gov.cn/panel/350500,2026-07-04T18:00:00+08:00,2026-07-05T08:00:00+08:00
350500,2026-07-04,novelty,27.4,2026-07-05T08:00:00+08:00,https://example.gov.cn/panel/350500,2026-07-04T18:00:00+08:00,2026-07-05T08:00:00+08:00
350500,2026-07-04,cross_region_spread,25.6,2026-07-05T08:00:00+08:00,https://example.gov.cn/panel/350500,2026-07-04T18:00:00+08:00,2026-07-05T08:00:00+08:00
350500,2026-07-04,risk_pressure,26,2026-07-05T08:00:00+08:00,https://example.gov.cn/panel/350500,2026-07-04T18:00:00+08:00,2026-07-05T08:00:00+08:00
350500,2026-07-05,content_growth,30.6,2026-07-06T08:00:00+08:00,https://example.gov.cn/panel/350500,2026-07-05T18:00:00+08:00,2026-07-06T08:00:00+08:00
350500,2026-07-05,search_growth,29.4,2026-07-06T08:00:00+08:00,https://example.gov.cn/panel/350500,2026-07-05T18:00:00+08:00,2026-07-06T08:00:00+08:00
350500,2026-07-05,event_trigger,27.6,2026-07-06T08:00:00+08:00,https://example.gov.cn/panel/350500,2026-07-05T18:00:00+08:00,2026-07-06T08:00:00+08:00
350500,2026-07-05,accessibility,23.0,2026-07-06T08:00:00+08:00,https://example.gov.cn/panel/350500,2026-07-05T18:00:00+08:00,2026-07-06T08:00:00+08:00
350500,2026-07-05,supply_capacity,20.8,2026-07-06T08:00:00+08:00,https://example.gov.cn/panel/350500,2026-07-05T18:00:00+08:00,2026-07-06T08:00:00+08:00
350500,2026-07-05,weather_fit,23.9,2026-07-06T08:00:00+08:00,https://example.gov.cn/panel/350500,2026-07-05T18:00:00+08:00,2026-07-06T08:00:00+08:00
350500,2026-07-05,novelty,28.2,2026-07-06T08:00:00+08:00,https://example.gov.cn/panel/350500,2026-07-05T18:00:00+08:00,2026-07-06T08:00:00+08:00
350500,2026-07-05,cross_region_spread,26.3,2026-07-06T08:00:00+08:00,https://example.gov.cn/panel/350500,2026-07-05T18:00:00+08:00,2026-07-06T08:00:00+08:00
350500,2026-07-05,risk_pressure,26,2026-07-06T08:00:00+08:00,https://example.gov.cn/panel/350500,2026-07-05T18:00:00+08:00,2026-07-06T08:00:00+08:00
350500,2026-07-06,content_growth,31.5,2026-07-07T08:00:00+08:00,https://example.gov.cn/panel/350500,2026-07-06T18:00:00+08:00,2026-07-07T08:00:00+08:00
350500,2026-07-06,search_growth,30.3,2026-07-07T08:00:00+08:00,https://example.gov.cn/panel/350500,2026-07-06T18:00:00+08:00,2026-07-07T08:00:00+08:00
350500,2026-07-06,event_trigger,28.4,2026-07-07T08:00:00+08:00,https://example.gov.cn/panel/350500,2026-07-06T18:00:00+08:00,2026-07-07T08:00:00+08:00
350500,2026-07-06,accessibility,23.6,2026-07-07T08:00:00+08:00,https://example.gov.cn/panel/350500,2026-07-06T18:00:00+08:00,2026-07-07T08:00:00+08:00
350500,2026-07-06,supply_capacity,21.4,2026-07-07T08:00:00+08:00,https://example.gov.cn/panel/350500,2026-07-06T18:00:00+08:00,2026-07-07T08:00:00+08:00
350500,2026-07-06,weather_fit,24.6,2026-07-07T08:00:00+08:00,https://example.gov.cn/panel/350500,2026-07-06T18:00:00+08:00,2026-07-07T08:00:00+08:00
350500,2026-07-06,novelty,29.0,2026-07-07T08:00:00+08:00,https://example.gov.cn/panel/350500,2026-07-06T18:00:00+08:00,2026-07-07T08:00:00+08:00
350500,2026-07-06,cross_region_spread,27.1,2026-07-07T08:00:00+08:00,https://example.gov.cn/panel/350500,2026-07-06T18:00:00+08:00,2026-07-07T08:00:00+08:00
350500,2026-07-06,risk_pressure,26,2026-07-07T08:00:00+08:00,https://example.gov.cn/panel/350500,2026-07-06T18:00:00+08:00,2026-07-07T08:00:00+08:00
350500,2026-07-07,content_growth,32.4,2026-07-08T08:00:00+08:00,https://example.gov.cn/panel/350500,2026-07-07T18:00:00+08:00,2026-07-08T08:00:00+08:00
350500,2026-07-07,search_growth,31.1,2026-07-08T08:00:00+08:00,https://example.gov.cn/panel/350500,2026-07-07T18:00:00+08:00,2026-07-08T08:00:00+08:00
350500,2026-07-07,event_trigger,29.2,2026-07-08T08:00:00+08:00,https://example.gov.cn/panel/350500,2026-07-07T18:00:00+08:00,2026-07-08T08:00:00+08:00
350500,2026-07-07,accessibility,24.3,2026-07-08T08:00:00+08:00,https://example.gov.cn/panel/350500,2026-07-07T18:00:00+08:00,2026-07-08T08:00:00+08:00
350500,2026-07-07,supply_capacity,22.0,2026-07-08T08:00:00+08:00,https://example.gov.cn/panel/350500,2026-07-07T18:00:00+08:00,2026-07-08T08:00:00+08:00
350500,2026-07-07,weather_fit,25.3,2026-07-08T08:00:00+08:00,https://example.gov.cn/panel/350500,2026-07-07T18:00:00+08:00,2026-07-08T08:00:00+08:00
350500,2026-07-07,novelty,29.8,2026-07-08T08:00:00+08:00,https://example.gov.cn/panel/350500,2026-07-07T18:00:00+08:00,2026-07-08T08:00:00+08:00
350500,2026-07-07,cross_region_spread,27.9,2026-07-08T08:00:00+08:00,https://example.gov.cn/panel/350500,2026-07-07T18:00:00+08:00,2026-07-08T08:00:00+08:00
350500,2026-07-07,risk_pressure,26,2026-07-08T08:00:00+08:00,https://example.gov.cn/panel/350500,2026-07-07T18:00:00+08:00,2026-07-08T08:00:00+08:00
350500,2026-07-08,content_growth,33.3,2026-07-09T08:00:00+08:00,https://example.gov.cn/panel/350500,2026-07-08T18:00:00+08:00,2026-07-09T08:00:00+08:00
350500,2026-07-08,search_growth,31.9,2026-07-09T08:00:00+08:00,https://example.gov.cn/panel/350500,2026-07-08T18:00:00+08:00,2026-07-09T08:00:00+08:00
350500,2026-07-08,event_trigger,29.9,2026-07-09T08:00:00+08:00,https://example.gov.cn/panel/350500,2026-07-08T18:00:00+08:00,2026-07-09T08:00:00+08:00
350500,2026-07-08,accessibility,25.0,2026-07-09T08:00:00+08:00,https://example.gov.cn/panel/350500,2026-07-08T18:00:00+08:00,2026-07-09T08:00:00+08:00
350500,2026-07-08,supply_capacity,22.6,2026-07-09T08:00:00+08:00,https://example.gov.cn/panel/350500,2026-07-08T18:00:00+08:00,2026-07-09T08:00:00+08:00
350500,2026-07-08,weather_fit,26.0,2026-07-09T08:00:00+08:00,https://example.gov.cn/panel/350500,2026-07-08T18:00:00+08:00,2026-07-09T08:00:00+08:00
350500,2026-07-08,novelty,30.6,2026-07-09T08:00:00+08:00,https://example.gov.cn/panel/350500,2026-07-08T18:00:00+08:00,2026-07-09T08:00:00+08:00
350500,2026-07-08,cross_region_spread,28.6,2026-07-09T08:00:00+08:00,https://example.gov.cn/panel/350500,2026-07-08T18:00:00+08:00,2026-07-09T08:00:00+08:00
350500,2026-07-08,risk_pressure,26,2026-07-09T08:00:00+08:00,https://example.gov.cn/panel/350500,2026-07-08T18:00:00+08:00,2026-07-09T08:00:00+08:00
350500,2026-07-09,content_growth,34.2,2026-07-10T08:00:00+08:00,https://example.gov.cn/panel/350500,2026-07-09T18:00:00+08:00,2026-07-10T08:00:00+08:00
350500,2026-07-09,search_growth,32.8,2026-07-10T08:00:00+08:00,https://example.gov.cn/panel/350500,2026-07-09T18:00:00+08:00,2026-07-10T08:00:00+08:00
350500,2026-07-09,event_trigger,30.7,2026-07-10T08:00:00+08:00,https://example.gov.cn/panel/350500,2026-07-09T18:00:00+08:00,2026-07-10T08:00:00+08:00
350500,2026-07-09,accessibility,25.6,2026-07-10T08:00:00+08:00,https://example.gov.cn/panel/350500,2026-07-09T18:00:00+08:00,2026-07-10T08:00:00+08:00
350500,2026-07-09,supply_capacity,23.2,2026-07-10T08:00:00+08:00,https://example.gov.cn/panel/350500,2026-07-09T18:00:00+08:00,2026-07-10T08:00:00+08:00
350500,2026-07-09,weather_fit,26.6,2026-07-10T08:00:00+08:00,https://example.gov.cn/panel/350500,2026-07-09T18:00:00+08:00,2026-07-10T08:00:00+08:00
350500,2026-07-09,novelty,31.4,2026-07-10T08:00:00+08:00,https://example.gov.cn/panel/350500,2026-07-09T18:00:00+08:00,2026-07-10T08:00:00+08:00
350500,2026-07-09,cross_region_spread,29.4,2026-07-10T08:00:00+08:00,https://example.gov.cn/panel/350500,2026-07-09T18:00:00+08:00,2026-07-10T08:00:00+08:00
350500,2026-07-09,risk_pressure,26,2026-07-10T08:00:00+08:00,https://example.gov.cn/panel/350500,2026-07-09T18:00:00+08:00,2026-07-10T08:00:00+08:00
350500,2026-07-10,content_growth,35.0,2026-07-11T08:00:00+08:00,https://example.gov.cn/panel/350500,2026-07-10T18:00:00+08:00,2026-07-11T08:00:00+08:00
350500,2026-07-10,search_growth,33.6,2026-07-11T08:00:00+08:00,https://example.gov.cn/panel/350500,2026-07-10T18:00:00+08:00,2026-07-11T08:00:00+08:00
350500,2026-07-10,event_trigger,31.5,2026-07-11T08:00:00+08:00,https://example.gov.cn/panel/350500,2026-07-10T18:00:00+08:00,2026-07-11T08:00:00+08:00
350500,2026-07-10,accessibility,26.3,2026-07-11T08:00:00+08:00,https://example.gov.cn/panel/350500,2026-07-10T18:00:00+08:00,2026-07-11T08:00:00+08:00
350500,2026-07-10,supply_capacity,23.8,2026-07-11T08:00:00+08:00,https://example.gov.cn/panel/350500,2026-07-10T18:00:00+08:00,2026-07-11T08:00:00+08:00
350500,2026-07-10,weather_fit,27.3,2026-07-11T08:00:00+08:00,https://example.gov.cn/panel/350500,2026-07-10T18:00:00+08:00,2026-07-11T08:00:00+08:00
350500,2026-07-10,novelty,32.2,2026-07-11T08:00:00+08:00,https://example.gov.cn/panel/350500,2026-07-10T18:00:00+08:00,2026-07-11T08:00:00+08:00
350500,2026-07-10,cross_region_spread,30.1,2026-07-11T08:00:00+08:00,https://example.gov.cn/panel/350500,2026-07-10T18:00:00+08:00,2026-07-11T08:00:00+08:00
350500,2026-07-10,risk_pressure,26,2026-07-11T08:00:00+08:00,https://example.gov.cn/panel/350500,2026-07-10T18:00:00+08:00,2026-07-11T08:00:00+08:00
350500,2026-07-11,content_growth,35.9,2026-07-12T08:00:00+08:00,https://example.gov.cn/panel/350500,2026-07-11T18:00:00+08:00,2026-07-12T08:00:00+08:00
350500,2026-07-11,search_growth,34.5,2026-07-12T08:00:00+08:00,https://example.gov.cn/panel/350500,2026-07-11T18:00:00+08:00,2026-07-12T08:00:00+08:00
350500,2026-07-11,event_trigger,32.3,2026-07-12T08:00:00+08:00,https://example.gov.cn/panel/350500,2026-07-11T18:00:00+08:00,2026-07-12T08:00:00+08:00
350500,2026-07-11,accessibility,26.9,2026-07-12T08:00:00+08:00,https://example.gov.cn/panel/350500,2026-07-11T18:00:00+08:00,2026-07-12T08:00:00+08:00
350500,2026-07-11,supply_capacity,24.4,2026-07-12T08:00:00+08:00,https://example.gov.cn/panel/350500,2026-07-11T18:00:00+08:00,2026-07-12T08:00:00+08:00
350500,2026-07-11,weather_fit,28.0,2026-07-12T08:00:00+08:00,https://example.gov.cn/panel/350500,2026-07-11T18:00:00+08:00,2026-07-12T08:00:00+08:00
350500,2026-07-11,novelty,33.0,2026-07-12T08:00:00+08:00,https://example.gov.cn/panel/350500,2026-07-11T18:00:00+08:00,2026-07-12T08:00:00+08:00
350500,2026-07-11,cross_region_spread,30.9,2026-07-12T08:00:00+08:00,https://example.gov.cn/panel/350500,2026-07-11T18:00:00+08:00,2026-07-12T08:00:00+08:00
350500,2026-07-11,risk_pressure,26,2026-07-12T08:00:00+08:00,https://example.gov.cn/panel/350500,2026-07-11T18:00:00+08:00,2026-07-12T08:00:00+08:00
350500,2026-07-12,content_growth,36.8,2026-07-13T08:00:00+08:00,https://example.gov.cn/panel/350500,2026-07-12T18:00:00+08:00,2026-07-13T08:00:00+08:00
350500,2026-07-12,search_growth,35.3,2026-07-13T08:00:00+08:00,https://example.gov.cn/panel/350500,2026-07-12T18:00:00+08:00,2026-07-13T08:00:00+08:00
350500,2026-07-12,event_trigger,33.1,2026-07-13T08:00:00+08:00,https://example.gov.cn/panel/350500,2026-07-12T18:00:00+08:00,2026-07-13T08:00:00+08:00
350500,2026-07-12,accessibility,27.6,2026-07-13T08:00:00+08:00,https://example.gov.cn/panel/350500,2026-07-12T18:00:00+08:00,2026-07-13T08:00:00+08:00
350500,2026-07-12,supply_capacity,25.0,2026-07-13T08:00:00+08:00,https://example.gov.cn/panel/350500,2026-07-12T18:00:00+08:00,2026-07-13T08:00:00+08:00
350500,2026-07-12,weather_fit,28.7,2026-07-13T08:00:00+08:00,https://example.gov.cn/panel/350500,2026-07-12T18:00:00+08:00,2026-07-13T08:00:00+08:00
350500,2026-07-12,novelty,33.9,2026-07-13T08:00:00+08:00,https://example.gov.cn/panel/350500,2026-07-12T18:00:00+08:00,2026-07-13T08:00:00+08:00
350500,2026-07-12,cross_region_spread,31.7,2026-07-13T08:00:00+08:00,https://example.gov.cn/panel/350500,2026-07-12T18:00:00+08:00,2026-07-13T08:00:00+08:00
350500,2026-07-12,risk_pressure,26,2026-07-13T08:00:00+08:00,https://example.gov.cn/panel/350500,2026-07-12T18:00:00+08:00,2026-07-13T08:00:00+08:00
350500,2026-07-13,content_growth,37.7,2026-07-14T08:00:00+08:00,https://example.gov.cn/panel/350500,2026-07-13T18:00:00+08:00,2026-07-14T08:00:00+08:00
350500,2026-07-13,search_growth,36.2,2026-07-14T08:00:00+08:00,https://example.gov.cn/panel/350500,2026-07-13T18:00:00+08:00,2026-07-14T08:00:00+08:00
350500,2026-07-13,event_trigger,33.9,2026-07-14T08:00:00+08:00,https://example.gov.cn/panel/350500,2026-07-13T18:00:00+08:00,2026-07-14T08:00:00+08:00
350500,2026-07-13,accessibility,28.3,2026-07-14T08:00:00+08:00,https://example.gov.cn/panel/350500,2026-07-13T18:00:00+08:00,2026-07-14T08:00:00+08:00
350500,2026-07-13,supply_capacity,25.6,2026-07-14T08:00:00+08:00,https://example.gov.cn/panel/350500,2026-07-13T18:00:00+08:00,2026-07-14T08:00:00+08:00
350500,2026-07-13,weather_fit,29.4,2026-07-14T08:00:00+08:00,https://example.gov.cn/panel/350500,2026-07-13T18:00:00+08:00,2026-07-14T08:00:00+08:00
350500,2026-07-13,novelty,34.7,2026-07-14T08:00:00+08:00,https://example.gov.cn/panel/350500,2026-07-13T18:00:00+08:00,2026-07-14T08:00:00+08:00
350500,2026-07-13,cross_region_spread,32.4,2026-07-14T08:00:00+08:00,https://example.gov.cn/panel/350500,2026-07-13T18:00:00+08:00,2026-07-14T08:00:00+08:00
350500,2026-07-13,risk_pressure,26,2026-07-14T08:00:00+08:00,https://example.gov.cn/panel/350500,2026-07-13T18:00:00+08:00,2026-07-14T08:00:00+08:00
350500,2026-07-14,content_growth,38.6,2026-07-15T08:00:00+08:00,https://example.gov.cn/panel/350500,2026-07-14T18:00:00+08:00,2026-07-15T08:00:00+08:00
350500,2026-07-14,search_growth,37.0,2026-07-15T08:00:00+08:00,https://example.gov.cn/panel/350500,2026-07-14T18:00:00+08:00,2026-07-15T08:00:00+08:00
350500,2026-07-14,event_trigger,34.7,2026-07-15T08:00:00+08:00,https://example.gov.cn/panel/350500,2026-07-14T18:00:00+08:00,2026-07-15T08:00:00+08:00
350500,2026-07-14,accessibility,28.9,2026-07-15T08:00:00+08:00,https://example.gov.cn/panel/350500,2026-07-14T18:00:00+08:00,2026-07-15T08:00:00+08:00
350500,2026-07-14,supply_capacity,26.2,2026-07-15T08:00:00+08:00,https://example.gov.cn/panel/350500,2026-07-14T18:00:00+08:00,2026-07-15T08:00:00+08:00
350500,2026-07-14,weather_fit,30.1,2026-07-15T08:00:00+08:00,https://example.gov.cn/panel/350500,2026-07-14T18:00:00+08:00,2026-07-15T08:00:00+08:00
350500,2026-07-14,novelty,35.5,2026-07-15T08:00:00+08:00,https://example.gov.cn/panel/350500,2026-07-14T18:00:00+08:00,2026-07-15T08:00:00+08:00
350500,2026-07-14,cross_region_spread,33.2,2026-07-15T08:00:00+08:00,https://example.gov.cn/panel/350500,2026-07-14T18:00:00+08:00,2026-07-15T08:00:00+08:00
350500,2026-07-14,risk_pressure,26,2026-07-15T08:00:00+08:00,https://example.gov.cn/panel/350500,2026-07-14T18:00:00+08:00,2026-07-15T08:00:00+08:00
350500,2026-07-15,content_growth,39.4,2026-07-16T08:00:00+08:00,https://example.gov.cn/panel/350500,2026-07-15T18:00:00+08:00,2026-07-16T08:00:00+08:00
350500,2026-07-15,search_growth,37.9,2026-07-16T08:00:00+08:00,https://example.gov.cn/panel/350500,2026-07-15T18:00:00+08:00,2026-07-16T08:00:00+08:00
350500,2026-07-15,event_trigger,35.5,2026-07-16T08:00:00+08:00,https://example.gov.cn/panel/350500,2026-07-15T18:00:00+08:00,2026-07-16T08:00:00+08:00
350500,2026-07-15,accessibility,29.6,2026-07-16T08:00:00+08:00,https://example.gov.cn/panel/350500,2026-07-15T18:00:00+08:00,2026-07-16T08:00:00+08:00
350500,2026-07-15,supply_capacity,26.8,2026-07-16T08:00:00+08:00,https://example.gov.cn/panel/350500,2026-07-15T18:00:00+08:00,2026-07-16T08:00:00+08:00
350500,2026-07-15,weather_fit,30.8,2026-07-16T08:00:00+08:00,https://example.gov.cn/panel/350500,2026-07-15T18:00:00+08:00,2026-07-16T08:00:00+08:00
350500,2026-07-15,novelty,36.3,2026-07-16T08:00:00+08:00,https://example.gov.cn/panel/350500,2026-07-15T18:00:00+08:00,2026-07-16T08:00:00+08:00
350500,2026-07-15,cross_region_spread,33.9,2026-07-16T08:00:00+08:00,https://example.gov.cn/panel/350500,2026-07-15T18:00:00+08:00,2026-07-16T08:00:00+08:00
350500,2026-07-15,risk_pressure,26,2026-07-16T08:00:00+08:00,https://example.gov.cn/panel/350500,2026-07-15T18:00:00+08:00,2026-07-16T08:00:00+08:00
350500,2026-07-16,content_growth,40.3,2026-07-17T08:00:00+08:00,https://example.gov.cn/panel/350500,2026-07-16T18:00:00+08:00,2026-07-17T08:00:00+08:00
350500,2026-07-16,search_growth,38.7,2026-07-17T08:00:00+08:00,https://example.gov.cn/panel/350500,2026-07-16T18:00:00+08:00,2026-07-17T08:00:00+08:00
350500,2026-07-16,event_trigger,36.3,2026-07-17T08:00:00+08:00,https://example.gov.cn/panel/350500,2026-07-16T18:00:00+08:00,2026-07-17T08:00:00+08:00
350500,2026-07-16,accessibility,30.2,2026-07-17T08:00:00+08:00,https://example.gov.cn/panel/350500,2026-07-16T18:00:00+08:00,2026-07-17T08:00:00+08:00
350500,2026-07-16,supply_capacity,27.4,2026-07-17T08:00:00+08:00,https://example.gov.cn/panel/350500,2026-07-16T18:00:00+08:00,2026-07-17T08:00:00+08:00
350500,2026-07-16,weather_fit,31.5,2026-07-17T08:00:00+08:00,https://example.gov.cn/panel/350500,2026-07-16T18:00:00+08:00,2026-07-17T08:00:00+08:00
350500,2026-07-16,novelty,37.1,2026-07-17T08:00:00+08:00,https://example.gov.cn/panel/350500,2026-07-16T18:00:00+08:00,2026-07-17T08:00:00+08:00
350500,2026-07-16,cross_region_spread,34.7,2026-07-17T08:00:00+08:00,https://example.gov.cn/panel/350500,2026-07-16T18:00:00+08:00,2026-07-17T08:00:00+08:00
350500,2026-07-16,risk_pressure,26,2026-07-17T08:00:00+08:00,https://example.gov.cn/panel/350500,2026-07-16T18:00:00+08:00,2026-07-17T08:00:00+08:00
350500,2026-07-17,content_growth,41.2,2026-07-18T08:00:00+08:00,https://example.gov.cn/panel/350500,2026-07-17T18:00:00+08:00,2026-07-18T08:00:00+08:00
350500,2026-07-17,search_growth,39.6,2026-07-18T08:00:00+08:00,https://example.gov.cn/panel/350500,2026-07-17T18:00:00+08:00,2026-07-18T08:00:00+08:00
350500,2026-07-17,event_trigger,37.1,2026-07-18T08:00:00+08:00,https://example.gov.cn/panel/350500,2026-07-17T18:00:00+08:00,2026-07-18T08:00:00+08:00
350500,2026-07-17,accessibility,30.9,2026-07-18T08:00:00+08:00,https://example.gov.cn/panel/350500,2026-07-17T18:00:00+08:00,2026-07-18T08:00:00+08:00
350500,2026-07-17,supply_capacity,28.0,2026-07-18T08:00:00+08:00,https://example.gov.cn/panel/350500,2026-07-17T18:00:00+08:00,2026-07-18T08:00:00+08:00
350500,2026-07-17,weather_fit,32.1,2026-07-18T08:00:00+08:00,https://example.gov.cn/panel/350500,2026-07-17T18:00:00+08:00,2026-07-18T08:00:00+08:00
350500,2026-07-17,novelty,37.9,2026-07-18T08:00:00+08:00,https://example.gov.cn/panel/350500,2026-07-17T18:00:00+08:00,2026-07-18T08:00:00+08:00
350500,2026-07-17,cross_region_spread,35.4,2026-07-18T08:00:00+08:00,https://example.gov.cn/panel/350500,2026-07-17T18:00:00+08:00,2026-07-18T08:00:00+08:00
350500,2026-07-17,risk_pressure,26,2026-07-18T08:00:00+08:00,https://example.gov.cn/panel/350500,2026-07-17T18:00:00+08:00,2026-07-18T08:00:00+08:00
350500,2026-07-18,content_growth,42.1,2026-07-19T08:00:00+08:00,https://example.gov.cn/panel/350500,2026-07-18T18:00:00+08:00,2026-07-19T08:00:00+08:00
350500,2026-07-18,search_growth,40.4,2026-07-19T08:00:00+08:00,https://example.gov.cn/panel/350500,2026-07-18T18:00:00+08:00,2026-07-19T08:00:00+08:00
350500,2026-07-18,event_trigger,37.9,2026-07-19T08:00:00+08:00,https://example.gov.cn/panel/350500,2026-07-18T18:00:00+08:00,2026-07-19T08:00:00+08:00
350500,2026-07-18,accessibility,31.6,2026-07-19T08:00:00+08:00,https://example.gov.cn/panel/350500,2026-07-18T18:00:00+08:00,2026-07-19T08:00:00+08:00
350500,2026-07-18,supply_capacity,28.6,2026-07-19T08:00:00+08:00,https://example.gov.cn/panel/350500,2026-07-18T18:00:00+08:00,2026-07-19T08:00:00+08:00
350500,2026-07-18,weather_fit,32.8,2026-07-19T08:00:00+08:00,https://example.gov.cn/panel/350500,2026-07-18T18:00:00+08:00,2026-07-19T08:00:00+08:00
350500,2026-07-18,novelty,38.7,2026-07-19T08:00:00+08:00,https://example.gov.cn/panel/350500,2026-07-18T18:00:00+08:00,2026-07-19T08:00:00+08:00
350500,2026-07-18,cross_region_spread,36.2,2026-07-19T08:00:00+08:00,https://example.gov.cn/panel/350500,2026-07-18T18:00:00+08:00,2026-07-19T08:00:00+08:00
350500,2026-07-18,risk_pressure,26,2026-07-19T08:00:00+08:00,https://example.gov.cn/panel/350500,2026-07-18T18:00:00+08:00,2026-07-19T08:00:00+08:00
350500,2026-07-19,content_growth,43.0,2026-07-20T08:00:00+08:00,https://example.gov.cn/panel/350500,2026-07-19T18:00:00+08:00,2026-07-20T08:00:00+08:00
350500,2026-07-19,search_growth,41.3,2026-07-20T08:00:00+08:00,https://example.gov.cn/panel/350500,2026-07-19T18:00:00+08:00,2026-07-20T08:00:00+08:00
350500,2026-07-19,event_trigger,38.7,2026-07-20T08:00:00+08:00,https://example.gov.cn/panel/350500,2026-07-19T18:00:00+08:00,2026-07-20T08:00:00+08:00
350500,2026-07-19,accessibility,32.2,2026-07-20T08:00:00+08:00,https://example.gov.cn/panel/350500,2026-07-19T18:00:00+08:00,2026-07-20T08:00:00+08:00
350500,2026-07-19,supply_capacity,29.2,2026-07-20T08:00:00+08:00,https://example.gov.cn/panel/350500,2026-07-19T18:00:00+08:00,2026-07-20T08:00:00+08:00
350500,2026-07-19,weather_fit,33.5,2026-07-20T08:00:00+08:00,https://example.gov.cn/panel/350500,2026-07-19T18:00:00+08:00,2026-07-20T08:00:00+08:00
350500,2026-07-19,novelty,39.5,2026-07-20T08:00:00+08:00,https://example.gov.cn/panel/350500,2026-07-19T18:00:00+08:00,2026-07-20T08:00:00+08:00
350500,2026-07-19,cross_region_spread,37.0,2026-07-20T08:00:00+08:00,https://example.gov.cn/panel/350500,2026-07-19T18:00:00+08:00,2026-07-20T08:00:00+08:00
350500,2026-07-19,risk_pressure,26,2026-07-20T08:00:00+08:00,https://example.gov.cn/panel/350500,2026-07-19T18:00:00+08:00,2026-07-20T08:00:00+08:00
350500,2026-07-20,content_growth,43.9,2026-07-21T08:00:00+08:00,https://example.gov.cn/panel/350500,2026-07-20T18:00:00+08:00,2026-07-21T08:00:00+08:00
350500,2026-07-20,search_growth,42.1,2026-07-21T08:00:00+08:00,https://example.gov.cn/panel/350500,2026-07-20T18:00:00+08:00,2026-07-21T08:00:00+08:00
350500,2026-07-20,event_trigger,39.5,2026-07-21T08:00:00+08:00,https://example.gov.cn/panel/350500,2026-07-20T18:00:00+08:00,2026-07-21T08:00:00+08:00
350500,2026-07-20,accessibility,32.9,2026-07-21T08:00:00+08:00,https://example.gov.cn/panel/350500,2026-07-20T18:00:00+08:00,2026-07-21T08:00:00+08:00
350500,2026-07-20,supply_capacity,29.8,2026-07-21T08:00:00+08:00,https://example.gov.cn/panel/350500,2026-07-20T18:00:00+08:00,2026-07-21T08:00:00+08:00
350500,2026-07-20,weather_fit,34.2,2026-07-21T08:00:00+08:00,https://example.gov.cn/panel/350500,2026-07-20T18:00:00+08:00,2026-07-21T08:00:00+08:00
350500,2026-07-20,novelty,40.4,2026-07-21T08:00:00+08:00,https://example.gov.cn/panel/350500,2026-07-20T18:00:00+08:00,2026-07-21T08:00:00+08:00
350500,2026-07-20,cross_region_spread,37.7,2026-07-21T08:00:00+08:00,https://example.gov.cn/panel/350500,2026-07-20T18:00:00+08:00,2026-07-21T08:00:00+08:00
350500,2026-07-20,risk_pressure,26,2026-07-21T08:00:00+08:00,https://example.gov.cn/panel/350500,2026-07-20T18:00:00+08:00,2026-07-21T08:00:00+08:00
350500,2026-07-21,content_growth,44.7,2026-07-22T08:00:00+08:00,https://example.gov.cn/panel/350500,2026-07-21T18:00:00+08:00,2026-07-22T08:00:00+08:00
350500,2026-07-21,search_growth,43.0,2026-07-22T08:00:00+08:00,https://example.gov.cn/panel/350500,2026-07-21T18:00:00+08:00,2026-07-22T08:00:00+08:00
350500,2026-07-21,event_trigger,40.3,2026-07-22T08:00:00+08:00,https://example.gov.cn/panel/350500,2026-07-21T18:00:00+08:00,2026-07-22T08:00:00+08:00
350500,2026-07-21,accessibility,33.6,2026-07-22T08:00:00+08:00,https://example.gov.cn/panel/350500,2026-07-21T18:00:00+08:00,2026-07-22T08:00:00+08:00
350500,2026-07-21,supply_capacity,30.4,2026-07-22T08:00:00+08:00,https://example.gov.cn/panel/350500,2026-07-21T18:00:00+08:00,2026-07-22T08:00:00+08:00
350500,2026-07-21,weather_fit,34.9,2026-07-22T08:00:00+08:00,https://example.gov.cn/panel/350500,2026-07-21T18:00:00+08:00,2026-07-22T08:00:00+08:00
350500,2026-07-21,novelty,41.2,2026-07-22T08:00:00+08:00,https://example.gov.cn/panel/350500,2026-07-21T18:00:00+08:00,2026-07-22T08:00:00+08:00
350500,2026-07-21,cross_region_spread,38.5,2026-07-22T08:00:00+08:00,https://example.gov.cn/panel/350500,2026-07-21T18:00:00+08:00,2026-07-22T08:00:00+08:00
350500,2026-07-21,risk_pressure,26,2026-07-22T08:00:00+08:00,https://example.gov.cn/panel/350500,2026-07-21T18:00:00+08:00,2026-07-22T08:00:00+08:00
350500,2026-07-22,content_growth,45.6,2026-07-23T08:00:00+08:00,https://example.gov.cn/panel/350500,2026-07-22T18:00:00+08:00,2026-07-23T08:00:00+08:00
350500,2026-07-22,search_growth,43.8,2026-07-23T08:00:00+08:00,https://example.gov.cn/panel/350500,2026-07-22T18:00:00+08:00,2026-07-23T08:00:00+08:00
350500,2026-07-22,event_trigger,41.1,2026-07-23T08:00:00+08:00,https://example.gov.cn/panel/350500,2026-07-22T18:00:00+08:00,2026-07-23T08:00:00+08:00
350500,2026-07-22,accessibility,34.2,2026-07-23T08:00:00+08:00,https://example.gov.cn/panel/350500,2026-07-22T18:00:00+08:00,2026-07-23T08:00:00+08:00
350500,2026-07-22,supply_capacity,31.0,2026-07-23T08:00:00+08:00,https://example.gov.cn/panel/350500,2026-07-22T18:00:00+08:00,2026-07-23T08:00:00+08:00
350500,2026-07-22,weather_fit,35.6,2026-07-23T08:00:00+08:00,https://example.gov.cn/panel/350500,2026-07-22T18:00:00+08:00,2026-07-23T08:00:00+08:00
350500,2026-07-22,novelty,42.0,2026-07-23T08:00:00+08:00,https://example.gov.cn/panel/350500,2026-07-22T18:00:00+08:00,2026-07-23T08:00:00+08:00
350500,2026-07-22,cross_region_spread,39.2,2026-07-23T08:00:00+08:00,https://example.gov.cn/panel/350500,2026-07-22T18:00:00+08:00,2026-07-23T08:00:00+08:00
350500,2026-07-22,risk_pressure,26,2026-07-23T08:00:00+08:00,https://example.gov.cn/panel/350500,2026-07-22T18:00:00+08:00,2026-07-23T08:00:00+08:00
350500,2026-07-23,content_growth,46.5,2026-07-24T08:00:00+08:00,https://example.gov.cn/panel/350500,2026-07-23T18:00:00+08:00,2026-07-24T08:00:00+08:00
350500,2026-07-23,search_growth,44.6,2026-07-24T08:00:00+08:00,https://example.gov.cn/panel/350500,2026-07-23T18:00:00+08:00,2026-07-24T08:00:00+08:00
350500,2026-07-23,event_trigger,41.9,2026-07-24T08:00:00+08:00,https://example.gov.cn/panel/350500,2026-07-23T18:00:00+08:00,2026-07-24T08:00:00+08:00
350500,2026-07-23,accessibility,34.9,2026-07-24T08:00:00+08:00,https://example.gov.cn/panel/350500,2026-07-23T18:00:00+08:00,2026-07-24T08:00:00+08:00
350500,2026-07-23,supply_capacity,31.6,2026-07-24T08:00:00+08:00,https://example.gov.cn/panel/350500,2026-07-23T18:00:00+08:00,2026-07-24T08:00:00+08:00
350500,2026-07-23,weather_fit,36.3,2026-07-24T08:00:00+08:00,https://example.gov.cn/panel/350500,2026-07-23T18:00:00+08:00,2026-07-24T08:00:00+08:00
350500,2026-07-23,novelty,42.8,2026-07-24T08:00:00+08:00,https://example.gov.cn/panel/350500,2026-07-23T18:00:00+08:00,2026-07-24T08:00:00+08:00
350500,2026-07-23,cross_region_spread,40.0,2026-07-24T08:00:00+08:00,https://example.gov.cn/panel/350500,2026-07-23T18:00:00+08:00,2026-07-24T08:00:00+08:00
350500,2026-07-23,risk_pressure,26,2026-07-24T08:00:00+08:00,https://example.gov.cn/panel/350500,2026-07-23T18:00:00+08:00,2026-07-24T08:00:00+08:00
350500,2026-07-24,content_growth,47.4,2026-07-25T08:00:00+08:00,https://example.gov.cn/panel/350500,2026-07-24T18:00:00+08:00,2026-07-25T08:00:00+08:00
350500,2026-07-24,search_growth,45.5,2026-07-25T08:00:00+08:00,https://example.gov.cn/panel/350500,2026-07-24T18:00:00+08:00,2026-07-25T08:00:00+08:00
350500,2026-07-24,event_trigger,42.6,2026-07-25T08:00:00+08:00,https://example.gov.cn/panel/350500,2026-07-24T18:00:00+08:00,2026-07-25T08:00:00+08:00
350500,2026-07-24,accessibility,35.5,2026-07-25T08:00:00+08:00,https://example.gov.cn/panel/350500,2026-07-24T18:00:00+08:00,2026-07-25T08:00:00+08:00
350500,2026-07-24,supply_capacity,32.2,2026-07-25T08:00:00+08:00,https://example.gov.cn/panel/350500,2026-07-24T18:00:00+08:00,2026-07-25T08:00:00+08:00
350500,2026-07-24,weather_fit,37.0,2026-07-25T08:00:00+08:00,https://example.gov.cn/panel/350500,2026-07-24T18:00:00+08:00,2026-07-25T08:00:00+08:00
350500,2026-07-24,novelty,43.6,2026-07-25T08:00:00+08:00,https://example.gov.cn/panel/350500,2026-07-24T18:00:00+08:00,2026-07-25T08:00:00+08:00
350500,2026-07-24,cross_region_spread,40.8,2026-07-25T08:00:00+08:00,https://example.gov.cn/panel/350500,2026-07-24T18:00:00+08:00,2026-07-25T08:00:00+08:00
350500,2026-07-24,risk_pressure,26,2026-07-25T08:00:00+08:00,https://example.gov.cn/panel/350500,2026-07-24T18:00:00+08:00,2026-07-25T08:00:00+08:00
350500,2026-07-25,content_growth,48.3,2026-07-26T08:00:00+08:00,https://example.gov.cn/panel/350500,2026-07-25T18:00:00+08:00,2026-07-26T08:00:00+08:00
350500,2026-07-25,search_growth,46.3,2026-07-26T08:00:00+08:00,https://example.gov.cn/panel/350500,2026-07-25T18:00:00+08:00,2026-07-26T08:00:00+08:00
350500,2026-07-25,event_trigger,43.4,2026-07-26T08:00:00+08:00,https://example.gov.cn/panel/350500,2026-07-25T18:00:00+08:00,2026-07-26T08:00:00+08:00
350500,2026-07-25,accessibility,36.2,2026-07-26T08:00:00+08:00,https://example.gov.cn/panel/350500,2026-07-25T18:00:00+08:00,2026-07-26T08:00:00+08:00
350500,2026-07-25,supply_capacity,32.8,2026-07-26T08:00:00+08:00,https://example.gov.cn/panel/350500,2026-07-25T18:00:00+08:00,2026-07-26T08:00:00+08:00
350500,2026-07-25,weather_fit,37.7,2026-07-26T08:00:00+08:00,https://example.gov.cn/panel/350500,2026-07-25T18:00:00+08:00,2026-07-26T08:00:00+08:00
350500,2026-07-25,novelty,44.4,2026-07-26T08:00:00+08:00,https://example.gov.cn/panel/350500,2026-07-25T18:00:00+08:00,2026-07-26T08:00:00+08:00
350500,2026-07-25,cross_region_spread,41.5,2026-07-26T08:00:00+08:00,https://example.gov.cn/panel/350500,2026-07-25T18:00:00+08:00,2026-07-26T08:00:00+08:00
350500,2026-07-25,risk_pressure,26,2026-07-26T08:00:00+08:00,https://example.gov.cn/panel/350500,2026-07-25T18:00:00+08:00,2026-07-26T08:00:00+08:00
350500,2026-07-26,content_growth,49.2,2026-07-27T08:00:00+08:00,https://example.gov.cn/panel/350500,2026-07-26T18:00:00+08:00,2026-07-27T08:00:00+08:00
350500,2026-07-26,search_growth,47.2,2026-07-27T08:00:00+08:00,https://example.gov.cn/panel/350500,2026-07-26T18:00:00+08:00,2026-07-27T08:00:00+08:00
350500,2026-07-26,event_trigger,44.2,2026-07-27T08:00:00+08:00,https://example.gov.cn/panel/350500,2026-07-26T18:00:00+08:00,2026-07-27T08:00:00+08:00
350500,2026-07-26,accessibility,36.9,2026-07-27T08:00:00+08:00,https://example.gov.cn/panel/350500,2026-07-26T18:00:00+08:00,2026-07-27T08:00:00+08:00
350500,2026-07-26,supply_capacity,33.4,2026-07-27T08:00:00+08:00,https://example.gov.cn/panel/350500,2026-07-26T18:00:00+08:00,2026-07-27T08:00:00+08:00
350500,2026-07-26,weather_fit,38.3,2026-07-27T08:00:00+08:00,https://example.gov.cn/panel/350500,2026-07-26T18:00:00+08:00,2026-07-27T08:00:00+08:00
350500,2026-07-26,novelty,45.2,2026-07-27T08:00:00+08:00,https://example.gov.cn/panel/350500,2026-07-26T18:00:00+08:00,2026-07-27T08:00:00+08:00
350500,2026-07-26,cross_region_spread,42.3,2026-07-27T08:00:00+08:00,https://example.gov.cn/panel/350500,2026-07-26T18:00:00+08:00,2026-07-27T08:00:00+08:00
350500,2026-07-26,risk_pressure,26,2026-07-27T08:00:00+08:00,https://example.gov.cn/panel/350500,2026-07-26T18:00:00+08:00,2026-07-27T08:00:00+08:00
350500,2026-07-27,content_growth,50.0,2026-07-28T08:00:00+08:00,https://example.gov.cn/panel/350500,2026-07-27T18:00:00+08:00,2026-07-28T08:00:00+08:00
350500,2026-07-27,search_growth,48.0,2026-07-28T08:00:00+08:00,https://example.gov.cn/panel/350500,2026-07-27T18:00:00+08:00,2026-07-28T08:00:00+08:00
350500,2026-07-27,event_trigger,45.0,2026-07-28T08:00:00+08:00,https://example.gov.cn/panel/350500,2026-07-27T18:00:00+08:00,2026-07-28T08:00:00+08:00
350500,2026-07-27,accessibility,37.5,2026-07-28T08:00:00+08:00,https://example.gov.cn/panel/350500,2026-07-27T18:00:00+08:00,2026-07-28T08:00:00+08:00
350500,2026-07-27,supply_capacity,34.0,2026-07-28T08:00:00+08:00,https://example.gov.cn/panel/350500,2026-07-27T18:00:00+08:00,2026-07-28T08:00:00+08:00
350500,2026-07-27,weather_fit,39.0,2026-07-28T08:00:00+08:00,https://example.gov.cn/panel/350500,2026-07-27T18:00:00+08:00,2026-07-28T08:00:00+08:00
350500,2026-07-27,novelty,46.0,2026-07-28T08:00:00+08:00,https://example.gov.cn/panel/350500,2026-07-27T18:00:00+08:00,2026-07-28T08:00:00+08:00
350500,2026-07-27,cross_region_spread,43.0,2026-07-28T08:00:00+08:00,https://example.gov.cn/panel/350500,2026-07-27T18:00:00+08:00,2026-07-28T08:00:00+08:00
350500,2026-07-27,risk_pressure,26,2026-07-28T08:00:00+08:00,https://example.gov.cn/panel/350500,2026-07-27T18:00:00+08:00,2026-07-28T08:00:00+08:00
350500,2026-07-28,content_growth,50.9,2026-07-29T08:00:00+08:00,https://example.gov.cn/panel/350500,2026-07-28T18:00:00+08:00,2026-07-29T08:00:00+08:00
350500,2026-07-28,search_growth,48.9,2026-07-29T08:00:00+08:00,https://example.gov.cn/panel/350500,2026-07-28T18:00:00+08:00,2026-07-29T08:00:00+08:00
350500,2026-07-28,event_trigger,45.8,2026-07-29T08:00:00+08:00,https://example.gov.cn/panel/350500,2026-07-28T18:00:00+08:00,2026-07-29T08:00:00+08:00
350500,2026-07-28,accessibility,38.2,2026-07-29T08:00:00+08:00,https://example.gov.cn/panel/350500,2026-07-28T18:00:00+08:00,2026-07-29T08:00:00+08:00
350500,2026-07-28,supply_capacity,34.6,2026-07-29T08:00:00+08:00,https://example.gov.cn/panel/350500,2026-07-28T18:00:00+08:00,2026-07-29T08:00:00+08:00
350500,2026-07-28,weather_fit,39.7,2026-07-29T08:00:00+08:00,https://example.gov.cn/panel/350500,2026-07-28T18:00:00+08:00,2026-07-29T08:00:00+08:00
350500,2026-07-28,novelty,46.8,2026-07-29T08:00:00+08:00,https://example.gov.cn/panel/350500,2026-07-28T18:00:00+08:00,2026-07-29T08:00:00+08:00
350500,2026-07-28,cross_region_spread,43.8,2026-07-29T08:00:00+08:00,https://example.gov.cn/panel/350500,2026-07-28T18:00:00+08:00,2026-07-29T08:00:00+08:00
350500,2026-07-28,risk_pressure,26,2026-07-29T08:00:00+08:00,https://example.gov.cn/panel/350500,2026-07-28T18:00:00+08:00,2026-07-29T08:00:00+08:00
350500,2026-07-29,content_growth,51.8,2026-07-30T08:00:00+08:00,https://example.gov.cn/panel/350500,2026-07-29T18:00:00+08:00,2026-07-30T08:00:00+08:00
350500,2026-07-29,search_growth,49.7,2026-07-30T08:00:00+08:00,https://example.gov.cn/panel/350500,2026-07-29T18:00:00+08:00,2026-07-30T08:00:00+08:00
350500,2026-07-29,event_trigger,46.6,2026-07-30T08:00:00+08:00,https://example.gov.cn/panel/350500,2026-07-29T18:00:00+08:00,2026-07-30T08:00:00+08:00
350500,2026-07-29,accessibility,38.8,2026-07-30T08:00:00+08:00,https://example.gov.cn/panel/350500,2026-07-29T18:00:00+08:00,2026-07-30T08:00:00+08:00
350500,2026-07-29,supply_capacity,35.2,2026-07-30T08:00:00+08:00,https://example.gov.cn/panel/350500,2026-07-29T18:00:00+08:00,2026-07-30T08:00:00+08:00
350500,2026-07-29,weather_fit,40.4,2026-07-30T08:00:00+08:00,https://example.gov.cn/panel/350500,2026-07-29T18:00:00+08:00,2026-07-30T08:00:00+08:00
350500,2026-07-29,novelty,47.7,2026-07-30T08:00:00+08:00,https://example.gov.cn/panel/350500,2026-07-29T18:00:00+08:00,2026-07-30T08:00:00+08:00
350500,2026-07-29,cross_region_spread,44.5,2026-07-30T08:00:00+08:00,https://example.gov.cn/panel/350500,2026-07-29T18:00:00+08:00,2026-07-30T08:00:00+08:00
350500,2026-07-29,risk_pressure,26,2026-07-30T08:00:00+08:00,https://example.gov.cn/panel/350500,2026-07-29T18:00:00+08:00,2026-07-30T08:00:00+08:00
350500,2026-07-30,content_growth,52.7,2026-07-31T08:00:00+08:00,https://example.gov.cn/panel/350500,2026-07-30T18:00:00+08:00,2026-07-31T08:00:00+08:00
350500,2026-07-30,search_growth,50.6,2026-07-31T08:00:00+08:00,https://example.gov.cn/panel/350500,2026-07-30T18:00:00+08:00,2026-07-31T08:00:00+08:00
350500,2026-07-30,event_trigger,47.4,2026-07-31T08:00:00+08:00,https://example.gov.cn/panel/350500,2026-07-30T18:00:00+08:00,2026-07-31T08:00:00+08:00
350500,2026-07-30,accessibility,39.5,2026-07-31T08:00:00+08:00,https://example.gov.cn/panel/350500,2026-07-30T18:00:00+08:00,2026-07-31T08:00:00+08:00
350500,2026-07-30,supply_capacity,35.8,2026-07-31T08:00:00+08:00,https://example.gov.cn/panel/350500,2026-07-30T18:00:00+08:00,2026-07-31T08:00:00+08:00
350500,2026-07-30,weather_fit,41.1,2026-07-31T08:00:00+08:00,https://example.gov.cn/panel/350500,2026-07-30T18:00:00+08:00,2026-07-31T08:00:00+08:00
350500,2026-07-30,novelty,48.5,2026-07-31T08:00:00+08:00,https://example.gov.cn/panel/350500,2026-07-30T18:00:00+08:00,2026-07-31T08:00:00+08:00
350500,2026-07-30,cross_region_spread,45.3,2026-07-31T08:00:00+08:00,https://example.gov.cn/panel/350500,2026-07-30T18:00:00+08:00,2026-07-31T08:00:00+08:00
350500,2026-07-30,risk_pressure,26,2026-07-31T08:00:00+08:00,https://example.gov.cn/panel/350500,2026-07-30T18:00:00+08:00,2026-07-31T08:00:00+08:00
350500,2026-07-31,content_growth,53.6,2026-08-01T08:00:00+08:00,https://example.gov.cn/panel/350500,2026-07-31T18:00:00+08:00,2026-08-01T08:00:00+08:00
350500,2026-07-31,search_growth,51.4,2026-08-01T08:00:00+08:00,https://example.gov.cn/panel/350500,2026-07-31T18:00:00+08:00,2026-08-01T08:00:00+08:00
350500,2026-07-31,event_trigger,48.2,2026-08-01T08:00:00+08:00,https://example.gov.cn/panel/350500,2026-07-31T18:00:00+08:00,2026-08-01T08:00:00+08:00
350500,2026-07-31,accessibility,40.2,2026-08-01T08:00:00+08:00,https://example.gov.cn/panel/350500,2026-07-31T18:00:00+08:00,2026-08-01T08:00:00+08:00
350500,2026-07-31,supply_capacity,36.4,2026-08-01T08:00:00+08:00,https://example.gov.cn/panel/350500,2026-07-31T18:00:00+08:00,2026-08-01T08:00:00+08:00
350500,2026-07-31,weather_fit,41.8,2026-08-01T08:00:00+08:00,https://example.gov.cn/panel/350500,2026-07-31T18:00:00+08:00,2026-08-01T08:00:00+08:00
350500,2026-07-31,novelty,49.3,2026-08-01T08:00:00+08:00,https://example.gov.cn/panel/350500,2026-07-31T18:00:00+08:00,2026-08-01T08:00:00+08:00
350500,2026-07-31,cross_region_spread,46.1,2026-08-01T08:00:00+08:00,https://example.gov.cn/panel/350500,2026-07-31T18:00:00+08:00,2026-08-01T08:00:00+08:00
350500,2026-07-31,risk_pressure,26,2026-08-01T08:00:00+08:00,https://example.gov.cn/panel/350500,2026-07-31T18:00:00+08:00,2026-08-01T08:00:00+08:00
350500,2026-08-01,content_growth,54.4,2026-08-02T08:00:00+08:00,https://example.gov.cn/panel/350500,2026-08-01T18:00:00+08:00,2026-08-02T08:00:00+08:00
350500,2026-08-01,search_growth,52.3,2026-08-02T08:00:00+08:00,https://example.gov.cn/panel/350500,2026-08-01T18:00:00+08:00,2026-08-02T08:00:00+08:00
350500,2026-08-01,event_trigger,49.0,2026-08-02T08:00:00+08:00,https://example.gov.cn/panel/350500,2026-08-01T18:00:00+08:00,2026-08-02T08:00:00+08:00
350500,2026-08-01,accessibility,40.8,2026-08-02T08:00:00+08:00,https://example.gov.cn/panel/350500,2026-08-01T18:00:00+08:00,2026-08-02T08:00:00+08:00
350500,2026-08-01,supply_capacity,37.0,2026-08-02T08:00:00+08:00,https://example.gov.cn/panel/350500,2026-08-01T18:00:00+08:00,2026-08-02T08:00:00+08:00
350500,2026-08-01,weather_fit,42.5,2026-08-02T08:00:00+08:00,https://example.gov.cn/panel/350500,2026-08-01T18:00:00+08:00,2026-08-02T08:00:00+08:00
350500,2026-08-01,novelty,50.1,2026-08-02T08:00:00+08:00,https://example.gov.cn/panel/350500,2026-08-01T18:00:00+08:00,2026-08-02T08:00:00+08:00
350500,2026-08-01,cross_region_spread,46.8,2026-08-02T08:00:00+08:00,https://example.gov.cn/panel/350500,2026-08-01T18:00:00+08:00,2026-08-02T08:00:00+08:00
350500,2026-08-01,risk_pressure,26,2026-08-02T08:00:00+08:00,https://example.gov.cn/panel/350500,2026-08-01T18:00:00+08:00,2026-08-02T08:00:00+08:00
350500,2026-08-02,content_growth,55.3,2026-08-03T08:00:00+08:00,https://example.gov.cn/panel/350500,2026-08-02T18:00:00+08:00,2026-08-03T08:00:00+08:00
350500,2026-08-02,search_growth,53.1,2026-08-03T08:00:00+08:00,https://example.gov.cn/panel/350500,2026-08-02T18:00:00+08:00,2026-08-03T08:00:00+08:00
350500,2026-08-02,event_trigger,49.8,2026-08-03T08:00:00+08:00,https://example.gov.cn/panel/350500,2026-08-02T18:00:00+08:00,2026-08-03T08:00:00+08:00
350500,2026-08-02,accessibility,41.5,2026-08-03T08:00:00+08:00,https://example.gov.cn/panel/350500,2026-08-02T18:00:00+08:00,2026-08-03T08:00:00+08:00
350500,2026-08-02,supply_capacity,37.6,2026-08-03T08:00:00+08:00,https://example.gov.cn/panel/350500,2026-08-02T18:00:00+08:00,2026-08-03T08:00:00+08:00
350500,2026-08-02,weather_fit,43.2,2026-08-03T08:00:00+08:00,https://example.gov.cn/panel/350500,2026-08-02T18:00:00+08:00,2026-08-03T08:00:00+08:00
350500,2026-08-02,novelty,50.9,2026-08-03T08:00:00+08:00,https://example.gov.cn/panel/350500,2026-08-02T18:00:00+08:00,2026-08-03T08:00:00+08:00
350500,2026-08-02,cross_region_spread,47.6,2026-08-03T08:00:00+08:00,https://example.gov.cn/panel/350500,2026-08-02T18:00:00+08:00,2026-08-03T08:00:00+08:00
350500,2026-08-02,risk_pressure,26,2026-08-03T08:00:00+08:00,https://example.gov.cn/panel/350500,2026-08-02T18:00:00+08:00,2026-08-03T08:00:00+08:00
350500,2026-08-03,content_growth,56.2,2026-08-04T08:00:00+08:00,https://example.gov.cn/panel/350500,2026-08-03T18:00:00+08:00,2026-08-04T08:00:00+08:00
350500,2026-08-03,search_growth,54.0,2026-08-04T08:00:00+08:00,https://example.gov.cn/panel/350500,2026-08-03T18:00:00+08:00,2026-08-04T08:00:00+08:00
350500,2026-08-03,event_trigger,50.6,2026-08-04T08:00:00+08:00,https://example.gov.cn/panel/350500,2026-08-03T18:00:00+08:00,2026-08-04T08:00:00+08:00
350500,2026-08-03,accessibility,42.2,2026-08-04T08:00:00+08:00,https://example.gov.cn/panel/350500,2026-08-03T18:00:00+08:00,2026-08-04T08:00:00+08:00
350500,2026-08-03,supply_capacity,38.2,2026-08-04T08:00:00+08:00,https://example.gov.cn/panel/350500,2026-08-03T18:00:00+08:00,2026-08-04T08:00:00+08:00
350500,2026-08-03,weather_fit,43.8,2026-08-04T08:00:00+08:00,https://example.gov.cn/panel/350500,2026-08-03T18:00:00+08:00,2026-08-04T08:00:00+08:00
350500,2026-08-03,novelty,51.7,2026-08-04T08:00:00+08:00,https://example.gov.cn/panel/350500,2026-08-03T18:00:00+08:00,2026-08-04T08:00:00+08:00
350500,2026-08-03,cross_region_spread,48.3,2026-08-04T08:00:00+08:00,https://example.gov.cn/panel/350500,2026-08-03T18:00:00+08:00,2026-08-04T08:00:00+08:00
350500,2026-08-03,risk_pressure,26,2026-08-04T08:00:00+08:00,https://example.gov.cn/panel/350500,2026-08-03T18:00:00+08:00,2026-08-04T08:00:00+08:00
350500,2026-08-04,content_growth,57.1,2026-08-05T08:00:00+08:00,https://example.gov.cn/panel/350500,2026-08-04T18:00:00+08:00,2026-08-05T08:00:00+08:00
350500,2026-08-04,search_growth,54.8,2026-08-05T08:00:00+08:00,https://example.gov.cn/panel/350500,2026-08-04T18:00:00+08:00,2026-08-05T08:00:00+08:00
350500,2026-08-04,event_trigger,51.4,2026-08-05T08:00:00+08:00,https://example.gov.cn/panel/350500,2026-08-04T18:00:00+08:00,2026-08-05T08:00:00+08:00
350500,2026-08-04,accessibility,42.8,2026-08-05T08:00:00+08:00,https://example.gov.cn/panel/350500,2026-08-04T18:00:00+08:00,2026-08-05T08:00:00+08:00
350500,2026-08-04,supply_capacity,38.8,2026-08-05T08:00:00+08:00,https://example.gov.cn/panel/350500,2026-08-04T18:00:00+08:00,2026-08-05T08:00:00+08:00
350500,2026-08-04,weather_fit,44.5,2026-08-05T08:00:00+08:00,https://example.gov.cn/panel/350500,2026-08-04T18:00:00+08:00,2026-08-05T08:00:00+08:00
350500,2026-08-04,novelty,52.5,2026-08-05T08:00:00+08:00,https://example.gov.cn/panel/350500,2026-08-04T18:00:00+08:00,2026-08-05T08:00:00+08:00
350500,2026-08-04,cross_region_spread,49.1,2026-08-05T08:00:00+08:00,https://example.gov.cn/panel/350500,2026-08-04T18:00:00+08:00,2026-08-05T08:00:00+08:00
350500,2026-08-04,risk_pressure,26,2026-08-05T08:00:00+08:00,https://example.gov.cn/panel/350500,2026-08-04T18:00:00+08:00,2026-08-05T08:00:00+08:00
350500,2026-08-05,content_growth,58.0,2026-08-06T08:00:00+08:00,https://example.gov.cn/panel/350500,2026-08-05T18:00:00+08:00,2026-08-06T08:00:00+08:00
350500,2026-08-05,search_growth,55.7,2026-08-06T08:00:00+08:00,https://example.gov.cn/panel/350500,2026-08-05T18:00:00+08:00,2026-08-06T08:00:00+08:00
350500,2026-08-05,event_trigger,52.2,2026-08-06T08:00:00+08:00,https://example.gov.cn/panel/350500,2026-08-05T18:00:00+08:00,2026-08-06T08:00:00+08:00
350500,2026-08-05,accessibility,43.5,2026-08-06T08:00:00+08:00,https://example.gov.cn/panel/350500,2026-08-05T18:00:00+08:00,2026-08-06T08:00:00+08:00
350500,2026-08-05,supply_capacity,39.4,2026-08-06T08:00:00+08:00,https://example.gov.cn/panel/350500,2026-08-05T18:00:00+08:00,2026-08-06T08:00:00+08:00
350500,2026-08-05,weather_fit,45.2,2026-08-06T08:00:00+08:00,https://example.gov.cn/panel/350500,2026-08-05T18:00:00+08:00,2026-08-06T08:00:00+08:00
350500,2026-08-05,novelty,53.3,2026-08-06T08:00:00+08:00,https://example.gov.cn/panel/350500,2026-08-05T18:00:00+08:00,2026-08-06T08:00:00+08:00
350500,2026-08-05,cross_region_spread,49.9,2026-08-06T08:00:00+08:00,https://example.gov.cn/panel/350500,2026-08-05T18:00:00+08:00,2026-08-06T08:00:00+08:00
350500,2026-08-05,risk_pressure,26,2026-08-06T08:00:00+08:00,https://example.gov.cn/panel/350500,2026-08-05T18:00:00+08:00,2026-08-06T08:00:00+08:00
350500,2026-08-06,content_growth,58.9,2026-08-07T08:00:00+08:00,https://example.gov.cn/panel/350500,2026-08-06T18:00:00+08:00,2026-08-07T08:00:00+08:00
350500,2026-08-06,search_growth,56.5,2026-08-07T08:00:00+08:00,https://example.gov.cn/panel/350500,2026-08-06T18:00:00+08:00,2026-08-07T08:00:00+08:00
350500,2026-08-06,event_trigger,53.0,2026-08-07T08:00:00+08:00,https://example.gov.cn/panel/350500,2026-08-06T18:00:00+08:00,2026-08-07T08:00:00+08:00
350500,2026-08-06,accessibility,44.1,2026-08-07T08:00:00+08:00,https://example.gov.cn/panel/350500,2026-08-06T18:00:00+08:00,2026-08-07T08:00:00+08:00
350500,2026-08-06,supply_capacity,40.0,2026-08-07T08:00:00+08:00,https://example.gov.cn/panel/350500,2026-08-06T18:00:00+08:00,2026-08-07T08:00:00+08:00
350500,2026-08-06,weather_fit,45.9,2026-08-07T08:00:00+08:00,https://example.gov.cn/panel/350500,2026-08-06T18:00:00+08:00,2026-08-07T08:00:00+08:00
350500,2026-08-06,novelty,54.1,2026-08-07T08:00:00+08:00,https://example.gov.cn/panel/350500,2026-08-06T18:00:00+08:00,2026-08-07T08:00:00+08:00
350500,2026-08-06,cross_region_spread,50.6,2026-08-07T08:00:00+08:00,https://example.gov.cn/panel/350500,2026-08-06T18:00:00+08:00,2026-08-07T08:00:00+08:00
350500,2026-08-06,risk_pressure,26,2026-08-07T08:00:00+08:00,https://example.gov.cn/panel/350500,2026-08-06T18:00:00+08:00,2026-08-07T08:00:00+08:00
350500,2026-08-07,content_growth,59.7,2026-08-08T08:00:00+08:00,https://example.gov.cn/panel/350500,2026-08-07T18:00:00+08:00,2026-08-08T08:00:00+08:00
350500,2026-08-07,search_growth,57.3,2026-08-08T08:00:00+08:00,https://example.gov.cn/panel/350500,2026-08-07T18:00:00+08:00,2026-08-08T08:00:00+08:00
350500,2026-08-07,event_trigger,53.8,2026-08-08T08:00:00+08:00,https://example.gov.cn/panel/350500,2026-08-07T18:00:00+08:00,2026-08-08T08:00:00+08:00
350500,2026-08-07,accessibility,44.8,2026-08-08T08:00:00+08:00,https://example.gov.cn/panel/350500,2026-08-07T18:00:00+08:00,2026-08-08T08:00:00+08:00
350500,2026-08-07,supply_capacity,40.6,2026-08-08T08:00:00+08:00,https://example.gov.cn/panel/350500,2026-08-07T18:00:00+08:00,2026-08-08T08:00:00+08:00
350500,2026-08-07,weather_fit,46.6,2026-08-08T08:00:00+08:00,https://example.gov.cn/panel/350500,2026-08-07T18:00:00+08:00,2026-08-08T08:00:00+08:00
350500,2026-08-07,novelty,55.0,2026-08-08T08:00:00+08:00,https://example.gov.cn/panel/350500,2026-08-07T18:00:00+08:00,2026-08-08T08:00:00+08:00
350500,2026-08-07,cross_region_spread,51.4,2026-08-08T08:00:00+08:00,https://example.gov.cn/panel/350500,2026-08-07T18:00:00+08:00,2026-08-08T08:00:00+08:00
350500,2026-08-07,risk_pressure,26,2026-08-08T08:00:00+08:00,https://example.gov.cn/panel/350500,2026-08-07T18:00:00+08:00,2026-08-08T08:00:00+08:00
350500,2026-08-08,content_growth,60.6,2026-08-09T08:00:00+08:00,https://example.gov.cn/panel/350500,2026-08-08T18:00:00+08:00,2026-08-09T08:00:00+08:00
350500,2026-08-08,search_growth,58.2,2026-08-09T08:00:00+08:00,https://example.gov.cn/panel/350500,2026-08-08T18:00:00+08:00,2026-08-09T08:00:00+08:00
350500,2026-08-08,event_trigger,54.6,2026-08-09T08:00:00+08:00,https://example.gov.cn/panel/350500,2026-08-08T18:00:00+08:00,2026-08-09T08:00:00+08:00
350500,2026-08-08,accessibility,45.5,2026-08-09T08:00:00+08:00,https://example.gov.cn/panel/350500,2026-08-08T18:00:00+08:00,2026-08-09T08:00:00+08:00
350500,2026-08-08,supply_capacity,41.2,2026-08-09T08:00:00+08:00,https://example.gov.cn/panel/350500,2026-08-08T18:00:00+08:00,2026-08-09T08:00:00+08:00
350500,2026-08-08,weather_fit,47.3,2026-08-09T08:00:00+08:00,https://example.gov.cn/panel/350500,2026-08-08T18:00:00+08:00,2026-08-09T08:00:00+08:00
350500,2026-08-08,novelty,55.8,2026-08-09T08:00:00+08:00,https://example.gov.cn/panel/350500,2026-08-08T18:00:00+08:00,2026-08-09T08:00:00+08:00
350500,2026-08-08,cross_region_spread,52.1,2026-08-09T08:00:00+08:00,https://example.gov.cn/panel/350500,2026-08-08T18:00:00+08:00,2026-08-09T08:00:00+08:00
350500,2026-08-08,risk_pressure,26,2026-08-09T08:00:00+08:00,https://example.gov.cn/panel/350500,2026-08-08T18:00:00+08:00,2026-08-09T08:00:00+08:00
350500,2026-08-09,content_growth,61.5,2026-08-10T08:00:00+08:00,https://example.gov.cn/panel/350500,2026-08-09T18:00:00+08:00,2026-08-10T08:00:00+08:00
350500,2026-08-09,search_growth,59.0,2026-08-10T08:00:00+08:00,https://example.gov.cn/panel/350500,2026-08-09T18:00:00+08:00,2026-08-10T08:00:00+08:00
350500,2026-08-09,event_trigger,55.4,2026-08-10T08:00:00+08:00,https://example.gov.cn/panel/350500,2026-08-09T18:00:00+08:00,2026-08-10T08:00:00+08:00
350500,2026-08-09,accessibility,46.1,2026-08-10T08:00:00+08:00,https://example.gov.cn/panel/350500,2026-08-09T18:00:00+08:00,2026-08-10T08:00:00+08:00
350500,2026-08-09,supply_capacity,41.8,2026-08-10T08:00:00+08:00,https://example.gov.cn/panel/350500,2026-08-09T18:00:00+08:00,2026-08-10T08:00:00+08:00
350500,2026-08-09,weather_fit,48.0,2026-08-10T08:00:00+08:00,https://example.gov.cn/panel/350500,2026-08-09T18:00:00+08:00,2026-08-10T08:00:00+08:00
350500,2026-08-09,novelty,56.6,2026-08-10T08:00:00+08:00,https://example.gov.cn/panel/350500,2026-08-09T18:00:00+08:00,2026-08-10T08:00:00+08:00
350500,2026-08-09,cross_region_spread,52.9,2026-08-10T08:00:00+08:00,https://example.gov.cn/panel/350500,2026-08-09T18:00:00+08:00,2026-08-10T08:00:00+08:00
350500,2026-08-09,risk_pressure,26,2026-08-10T08:00:00+08:00,https://example.gov.cn/panel/350500,2026-08-09T18:00:00+08:00,2026-08-10T08:00:00+08:00
350500,2026-08-10,content_growth,62.4,2026-08-11T08:00:00+08:00,https://example.gov.cn/panel/350500,2026-08-10T18:00:00+08:00,2026-08-11T08:00:00+08:00
350500,2026-08-10,search_growth,59.9,2026-08-11T08:00:00+08:00,https://example.gov.cn/panel/350500,2026-08-10T18:00:00+08:00,2026-08-11T08:00:00+08:00
350500,2026-08-10,event_trigger,56.1,2026-08-11T08:00:00+08:00,https://example.gov.cn/panel/350500,2026-08-10T18:00:00+08:00,2026-08-11T08:00:00+08:00
350500,2026-08-10,accessibility,46.8,2026-08-11T08:00:00+08:00,https://example.gov.cn/panel/350500,2026-08-10T18:00:00+08:00,2026-08-11T08:00:00+08:00
350500,2026-08-10,supply_capacity,42.4,2026-08-11T08:00:00+08:00,https://example.gov.cn/panel/350500,2026-08-10T18:00:00+08:00,2026-08-11T08:00:00+08:00
350500,2026-08-10,weather_fit,48.7,2026-08-11T08:00:00+08:00,https://example.gov.cn/panel/350500,2026-08-10T18:00:00+08:00,2026-08-11T08:00:00+08:00
350500,2026-08-10,novelty,57.4,2026-08-11T08:00:00+08:00,https://example.gov.cn/panel/350500,2026-08-10T18:00:00+08:00,2026-08-11T08:00:00+08:00
350500,2026-08-10,cross_region_spread,53.6,2026-08-11T08:00:00+08:00,https://example.gov.cn/panel/350500,2026-08-10T18:00:00+08:00,2026-08-11T08:00:00+08:00
350500,2026-08-10,risk_pressure,26,2026-08-11T08:00:00+08:00,https://example.gov.cn/panel/350500,2026-08-10T18:00:00+08:00,2026-08-11T08:00:00+08:00
350500,2026-08-11,content_growth,63.3,2026-08-12T08:00:00+08:00,https://example.gov.cn/panel/350500,2026-08-11T18:00:00+08:00,2026-08-12T08:00:00+08:00
350500,2026-08-11,search_growth,60.7,2026-08-12T08:00:00+08:00,https://example.gov.cn/panel/350500,2026-08-11T18:00:00+08:00,2026-08-12T08:00:00+08:00
350500,2026-08-11,event_trigger,56.9,2026-08-12T08:00:00+08:00,https://example.gov.cn/panel/350500,2026-08-11T18:00:00+08:00,2026-08-12T08:00:00+08:00
350500,2026-08-11,accessibility,47.4,2026-08-12T08:00:00+08:00,https://example.gov.cn/panel/350500,2026-08-11T18:00:00+08:00,2026-08-12T08:00:00+08:00
350500,2026-08-11,supply_capacity,43.0,2026-08-12T08:00:00+08:00,https://example.gov.cn/panel/350500,2026-08-11T18:00:00+08:00,2026-08-12T08:00:00+08:00
350500,2026-08-11,weather_fit,49.3,2026-08-12T08:00:00+08:00,https://example.gov.cn/panel/350500,2026-08-11T18:00:00+08:00,2026-08-12T08:00:00+08:00
350500,2026-08-11,novelty,58.2,2026-08-12T08:00:00+08:00,https://example.gov.cn/panel/350500,2026-08-11T18:00:00+08:00,2026-08-12T08:00:00+08:00
350500,2026-08-11,cross_region_spread,54.4,2026-08-12T08:00:00+08:00,https://example.gov.cn/panel/350500,2026-08-11T18:00:00+08:00,2026-08-12T08:00:00+08:00
350500,2026-08-11,risk_pressure,26,2026-08-12T08:00:00+08:00,https://example.gov.cn/panel/350500,2026-08-11T18:00:00+08:00,2026-08-12T08:00:00+08:00
350500,2026-08-12,content_growth,64.1,2026-08-13T08:00:00+08:00,https://example.gov.cn/panel/350500,2026-08-12T18:00:00+08:00,2026-08-13T08:00:00+08:00
350500,2026-08-12,search_growth,61.6,2026-08-13T08:00:00+08:00,https://example.gov.cn/panel/350500,2026-08-12T18:00:00+08:00,2026-08-13T08:00:00+08:00
350500,2026-08-12,event_trigger,57.7,2026-08-13T08:00:00+08:00,https://example.gov.cn/panel/350500,2026-08-12T18:00:00+08:00,2026-08-13T08:00:00+08:00
350500,2026-08-12,accessibility,48.1,2026-08-13T08:00:00+08:00,https://example.gov.cn/panel/350500,2026-08-12T18:00:00+08:00,2026-08-13T08:00:00+08:00
350500,2026-08-12,supply_capacity,43.6,2026-08-13T08:00:00+08:00,https://example.gov.cn/panel/350500,2026-08-12T18:00:00+08:00,2026-08-13T08:00:00+08:00
350500,2026-08-12,weather_fit,50.0,2026-08-13T08:00:00+08:00,https://example.gov.cn/panel/350500,2026-08-12T18:00:00+08:00,2026-08-13T08:00:00+08:00
350500,2026-08-12,novelty,59.0,2026-08-13T08:00:00+08:00,https://example.gov.cn/panel/350500,2026-08-12T18:00:00+08:00,2026-08-13T08:00:00+08:00
350500,2026-08-12,cross_region_spread,55.2,2026-08-13T08:00:00+08:00,https://example.gov.cn/panel/350500,2026-08-12T18:00:00+08:00,2026-08-13T08:00:00+08:00
350500,2026-08-12,risk_pressure,26,2026-08-13T08:00:00+08:00,https://example.gov.cn/panel/350500,2026-08-12T18:00:00+08:00,2026-08-13T08:00:00+08:00
350500,2026-08-13,content_growth,64.1,2026-08-14T08:00:00+08:00,https://example.gov.cn/panel/350500,2026-08-13T18:00:00+08:00,2026-08-14T08:00:00+08:00
350500,2026-08-13,search_growth,61.6,2026-08-14T08:00:00+08:00,https://example.gov.cn/panel/350500,2026-08-13T18:00:00+08:00,2026-08-14T08:00:00+08:00
350500,2026-08-13,event_trigger,57.7,2026-08-14T08:00:00+08:00,https://example.gov.cn/panel/350500,2026-08-13T18:00:00+08:00,2026-08-14T08:00:00+08:00
350500,2026-08-13,accessibility,48.1,2026-08-14T08:00:00+08:00,https://example.gov.cn/panel/350500,2026-08-13T18:00:00+08:00,2026-08-14T08:00:00+08:00
350500,2026-08-13,supply_capacity,43.6,2026-08-14T08:00:00+08:00,https://example.gov.cn/panel/350500,2026-08-13T18:00:00+08:00,2026-08-14T08:00:00+08:00
350500,2026-08-13,weather_fit,50.0,2026-08-14T08:00:00+08:00,https://example.gov.cn/panel/350500,2026-08-13T18:00:00+08:00,2026-08-14T08:00:00+08:00
350500,2026-08-13,novelty,59.0,2026-08-14T08:00:00+08:00,https://example.gov.cn/panel/350500,2026-08-13T18:00:00+08:00,2026-08-14T08:00:00+08:00
350500,2026-08-13,cross_region_spread,55.2,2026-08-14T08:00:00+08:00,https://example.gov.cn/panel/350500,2026-08-13T18:00:00+08:00,2026-08-14T08:00:00+08:00
350500,2026-08-13,risk_pressure,26,2026-08-14T08:00:00+08:00,https://example.gov.cn/panel/350500,2026-08-13T18:00:00+08:00,2026-08-14T08:00:00+08:00
350500,2026-08-14,content_growth,64.1,2026-08-15T08:00:00+08:00,https://example.gov.cn/panel/350500,2026-08-14T18:00:00+08:00,2026-08-15T08:00:00+08:00
350500,2026-08-14,search_growth,61.6,2026-08-15T08:00:00+08:00,https://example.gov.cn/panel/350500,2026-08-14T18:00:00+08:00,2026-08-15T08:00:00+08:00
350500,2026-08-14,event_trigger,57.7,2026-08-15T08:00:00+08:00,https://example.gov.cn/panel/350500,2026-08-14T18:00:00+08:00,2026-08-15T08:00:00+08:00
350500,2026-08-14,accessibility,48.1,2026-08-15T08:00:00+08:00,https://example.gov.cn/panel/350500,2026-08-14T18:00:00+08:00,2026-08-15T08:00:00+08:00
350500,2026-08-14,supply_capacity,43.6,2026-08-15T08:00:00+08:00,https://example.gov.cn/panel/350500,2026-08-14T18:00:00+08:00,2026-08-15T08:00:00+08:00
350500,2026-08-14,weather_fit,50.0,2026-08-15T08:00:00+08:00,https://example.gov.cn/panel/350500,2026-08-14T18:00:00+08:00,2026-08-15T08:00:00+08:00
350500,2026-08-14,novelty,59.0,2026-08-15T08:00:00+08:00,https://example.gov.cn/panel/350500,2026-08-14T18:00:00+08:00,2026-08-15T08:00:00+08:00
350500,2026-08-14,cross_region_spread,55.2,2026-08-15T08:00:00+08:00,https://example.gov.cn/panel/350500,2026-08-14T18:00:00+08:00,2026-08-15T08:00:00+08:00
350500,2026-08-14,risk_pressure,26,2026-08-15T08:00:00+08:00,https://example.gov.cn/panel/350500,2026-08-14T18:00:00+08:00,2026-08-15T08:00:00+08:00
331000,2026-07-03,content_growth,28.1,2026-07-04T08:00:00+08:00,https://example.gov.cn/panel/331000,2026-07-03T18:00:00+08:00,2026-07-04T08:00:00+08:00
331000,2026-07-03,search_growth,27.0,2026-07-04T08:00:00+08:00,https://example.gov.cn/panel/331000,2026-07-03T18:00:00+08:00,2026-07-04T08:00:00+08:00
331000,2026-07-03,event_trigger,25.3,2026-07-04T08:00:00+08:00,https://example.gov.cn/panel/331000,2026-07-03T18:00:00+08:00,2026-07-04T08:00:00+08:00
331000,2026-07-03,accessibility,21.1,2026-07-04T08:00:00+08:00,https://example.gov.cn/panel/331000,2026-07-03T18:00:00+08:00,2026-07-04T08:00:00+08:00
331000,2026-07-03,supply_capacity,19.1,2026-07-04T08:00:00+08:00,https://example.gov.cn/panel/331000,2026-07-03T18:00:00+08:00,2026-07-04T08:00:00+08:00
331000,2026-07-03,weather_fit,21.9,2026-07-04T08:00:00+08:00,https://example.gov.cn/panel/331000,2026-07-03T18:00:00+08:00,2026-07-04T08:00:00+08:00
331000,2026-07-03,novelty,25.9,2026-07-04T08:00:00+08:00,https://example.gov.cn/panel/331000,2026-07-03T18:00:00+08:00,2026-07-04T08:00:00+08:00
331000,2026-07-03,cross_region_spread,24.2,2026-07-04T08:00:00+08:00,https://example.gov.cn/panel/331000,2026-07-03T18:00:00+08:00,2026-07-04T08:00:00+08:00
331000,2026-07-03,risk_pressure,26,2026-07-04T08:00:00+08:00,https://example.gov.cn/panel/331000,2026-07-03T18:00:00+08:00,2026-07-04T08:00:00+08:00
331000,2026-07-04,content_growth,29.0,2026-07-05T08:00:00+08:00,https://example.gov.cn/panel/331000,2026-07-04T18:00:00+08:00,2026-07-05T08:00:00+08:00
331000,2026-07-04,search_growth,27.8,2026-07-05T08:00:00+08:00,https://example.gov.cn/panel/331000,2026-07-04T18:00:00+08:00,2026-07-05T08:00:00+08:00
331000,2026-07-04,event_trigger,26.1,2026-07-05T08:00:00+08:00,https://example.gov.cn/panel/331000,2026-07-04T18:00:00+08:00,2026-07-05T08:00:00+08:00
331000,2026-07-04,accessibility,21.7,2026-07-05T08:00:00+08:00,https://example.gov.cn/panel/331000,2026-07-04T18:00:00+08:00,2026-07-05T08:00:00+08:00
331000,2026-07-04,supply_capacity,19.7,2026-07-05T08:00:00+08:00,https://example.gov.cn/panel/331000,2026-07-04T18:00:00+08:00,2026-07-05T08:00:00+08:00
331000,2026-07-04,weather_fit,22.6,2026-07-05T08:00:00+08:00,https://example.gov.cn/panel/331000,2026-07-04T18:00:00+08:00,2026-07-05T08:00:00+08:00
331000,2026-07-04,novelty,26.6,2026-07-05T08:00:00+08:00,https://example.gov.cn/panel/331000,2026-07-04T18:00:00+08:00,2026-07-05T08:00:00+08:00
331000,2026-07-04,cross_region_spread,24.9,2026-07-05T08:00:00+08:00,https://example.gov.cn/panel/331000,2026-07-04T18:00:00+08:00,2026-07-05T08:00:00+08:00
331000,2026-07-04,risk_pressure,26,2026-07-05T08:00:00+08:00,https://example.gov.cn/panel/331000,2026-07-04T18:00:00+08:00,2026-07-05T08:00:00+08:00
331000,2026-07-05,content_growth,29.8,2026-07-06T08:00:00+08:00,https://example.gov.cn/panel/331000,2026-07-05T18:00:00+08:00,2026-07-06T08:00:00+08:00
331000,2026-07-05,search_growth,28.6,2026-07-06T08:00:00+08:00,https://example.gov.cn/panel/331000,2026-07-05T18:00:00+08:00,2026-07-06T08:00:00+08:00
331000,2026-07-05,event_trigger,26.8,2026-07-06T08:00:00+08:00,https://example.gov.cn/panel/331000,2026-07-05T18:00:00+08:00,2026-07-06T08:00:00+08:00
331000,2026-07-05,accessibility,22.4,2026-07-06T08:00:00+08:00,https://example.gov.cn/panel/331000,2026-07-05T18:00:00+08:00,2026-07-06T08:00:00+08:00
331000,2026-07-05,supply_capacity,20.3,2026-07-06T08:00:00+08:00,https://example.gov.cn/panel/331000,2026-07-05T18:00:00+08:00,2026-07-06T08:00:00+08:00
331000,2026-07-05,weather_fit,23.3,2026-07-06T08:00:00+08:00,https://example.gov.cn/panel/331000,2026-07-05T18:00:00+08:00,2026-07-06T08:00:00+08:00
331000,2026-07-05,novelty,27.4,2026-07-06T08:00:00+08:00,https://example.gov.cn/panel/331000,2026-07-05T18:00:00+08:00,2026-07-06T08:00:00+08:00
331000,2026-07-05,cross_region_spread,25.6,2026-07-06T08:00:00+08:00,https://example.gov.cn/panel/331000,2026-07-05T18:00:00+08:00,2026-07-06T08:00:00+08:00
331000,2026-07-05,risk_pressure,26,2026-07-06T08:00:00+08:00,https://example.gov.cn/panel/331000,2026-07-05T18:00:00+08:00,2026-07-06T08:00:00+08:00
331000,2026-07-06,content_growth,30.7,2026-07-07T08:00:00+08:00,https://example.gov.cn/panel/331000,2026-07-06T18:00:00+08:00,2026-07-07T08:00:00+08:00
331000,2026-07-06,search_growth,29.4,2026-07-07T08:00:00+08:00,https://example.gov.cn/panel/331000,2026-07-06T18:00:00+08:00,2026-07-07T08:00:00+08:00
331000,2026-07-06,event_trigger,27.6,2026-07-07T08:00:00+08:00,https://example.gov.cn/panel/331000,2026-07-06T18:00:00+08:00,2026-07-07T08:00:00+08:00
331000,2026-07-06,accessibility,23.0,2026-07-07T08:00:00+08:00,https://example.gov.cn/panel/331000,2026-07-06T18:00:00+08:00,2026-07-07T08:00:00+08:00
331000,2026-07-06,supply_capacity,20.9,2026-07-07T08:00:00+08:00,https://example.gov.cn/panel/331000,2026-07-06T18:00:00+08:00,2026-07-07T08:00:00+08:00
331000,2026-07-06,weather_fit,23.9,2026-07-07T08:00:00+08:00,https://example.gov.cn/panel/331000,2026-07-06T18:00:00+08:00,2026-07-07T08:00:00+08:00
331000,2026-07-06,novelty,28.2,2026-07-07T08:00:00+08:00,https://example.gov.cn/panel/331000,2026-07-06T18:00:00+08:00,2026-07-07T08:00:00+08:00
331000,2026-07-06,cross_region_spread,26.4,2026-07-07T08:00:00+08:00,https://example.gov.cn/panel/331000,2026-07-06T18:00:00+08:00,2026-07-07T08:00:00+08:00
331000,2026-07-06,risk_pressure,26,2026-07-07T08:00:00+08:00,https://example.gov.cn/panel/331000,2026-07-06T18:00:00+08:00,2026-07-07T08:00:00+08:00
331000,2026-07-07,content_growth,31.5,2026-07-08T08:00:00+08:00,https://example.gov.cn/panel/331000,2026-07-07T18:00:00+08:00,2026-07-08T08:00:00+08:00
331000,2026-07-07,search_growth,30.3,2026-07-08T08:00:00+08:00,https://example.gov.cn/panel/331000,2026-07-07T18:00:00+08:00,2026-07-08T08:00:00+08:00
331000,2026-07-07,event_trigger,28.4,2026-07-08T08:00:00+08:00,https://example.gov.cn/panel/331000,2026-07-07T18:00:00+08:00,2026-07-08T08:00:00+08:00
331000,2026-07-07,accessibility,23.7,2026-07-08T08:00:00+08:00,https://example.gov.cn/panel/331000,2026-07-07T18:00:00+08:00,2026-07-08T08:00:00+08:00
331000,2026-07-07,supply_capacity,21.4,2026-07-08T08:00:00+08:00,https://example.gov.cn/panel/331000,2026-07-07T18:00:00+08:00,2026-07-08T08:00:00+08:00
331000,2026-07-07,weather_fit,24.6,2026-07-08T08:00:00+08:00,https://example.gov.cn/panel/331000,2026-07-07T18:00:00+08:00,2026-07-08T08:00:00+08:00
331000,2026-07-07,novelty,29.0,2026-07-08T08:00:00+08:00,https://example.gov.cn/panel/331000,2026-07-07T18:00:00+08:00,2026-07-08T08:00:00+08:00
331000,2026-07-07,cross_region_spread,27.1,2026-07-08T08:00:00+08:00,https://example.gov.cn/panel/331000,2026-07-07T18:00:00+08:00,2026-07-08T08:00:00+08:00
331000,2026-07-07,risk_pressure,26,2026-07-08T08:00:00+08:00,https://example.gov.cn/panel/331000,2026-07-07T18:00:00+08:00,2026-07-08T08:00:00+08:00
331000,2026-07-08,content_growth,32.4,2026-07-09T08:00:00+08:00,https://example.gov.cn/panel/331000,2026-07-08T18:00:00+08:00,2026-07-09T08:00:00+08:00
331000,2026-07-08,search_growth,31.1,2026-07-09T08:00:00+08:00,https://example.gov.cn/panel/331000,2026-07-08T18:00:00+08:00,2026-07-09T08:00:00+08:00
331000,2026-07-08,event_trigger,29.2,2026-07-09T08:00:00+08:00,https://example.gov.cn/panel/331000,2026-07-08T18:00:00+08:00,2026-07-09T08:00:00+08:00
331000,2026-07-08,accessibility,24.3,2026-07-09T08:00:00+08:00,https://example.gov.cn/panel/331000,2026-07-08T18:00:00+08:00,2026-07-09T08:00:00+08:00
331000,2026-07-08,supply_capacity,22.0,2026-07-09T08:00:00+08:00,https://example.gov.cn/panel/331000,2026-07-08T18:00:00+08:00,2026-07-09T08:00:00+08:00
331000,2026-07-08,weather_fit,25.3,2026-07-09T08:00:00+08:00,https://example.gov.cn/panel/331000,2026-07-08T18:00:00+08:00,2026-07-09T08:00:00+08:00
331000,2026-07-08,novelty,29.8,2026-07-09T08:00:00+08:00,https://example.gov.cn/panel/331000,2026-07-08T18:00:00+08:00,2026-07-09T08:00:00+08:00
331000,2026-07-08,cross_region_spread,27.9,2026-07-09T08:00:00+08:00,https://example.gov.cn/panel/331000,2026-07-08T18:00:00+08:00,2026-07-09T08:00:00+08:00
331000,2026-07-08,risk_pressure,26,2026-07-09T08:00:00+08:00,https://example.gov.cn/panel/331000,2026-07-08T18:00:00+08:00,2026-07-09T08:00:00+08:00
331000,2026-07-09,content_growth,33.3,2026-07-10T08:00:00+08:00,https://example.gov.cn/panel/331000,2026-07-09T18:00:00+08:00,2026-07-10T08:00:00+08:00
331000,2026-07-09,search_growth,31.9,2026-07-10T08:00:00+08:00,https://example.gov.cn/panel/331000,2026-07-09T18:00:00+08:00,2026-07-10T08:00:00+08:00
331000,2026-07-09,event_trigger,29.9,2026-07-10T08:00:00+08:00,https://example.gov.cn/panel/331000,2026-07-09T18:00:00+08:00,2026-07-10T08:00:00+08:00
331000,2026-07-09,accessibility,24.9,2026-07-10T08:00:00+08:00,https://example.gov.cn/panel/331000,2026-07-09T18:00:00+08:00,2026-07-10T08:00:00+08:00
331000,2026-07-09,supply_capacity,22.6,2026-07-10T08:00:00+08:00,https://example.gov.cn/panel/331000,2026-07-09T18:00:00+08:00,2026-07-10T08:00:00+08:00
331000,2026-07-09,weather_fit,25.9,2026-07-10T08:00:00+08:00,https://example.gov.cn/panel/331000,2026-07-09T18:00:00+08:00,2026-07-10T08:00:00+08:00
331000,2026-07-09,novelty,30.6,2026-07-10T08:00:00+08:00,https://example.gov.cn/panel/331000,2026-07-09T18:00:00+08:00,2026-07-10T08:00:00+08:00
331000,2026-07-09,cross_region_spread,28.6,2026-07-10T08:00:00+08:00,https://example.gov.cn/panel/331000,2026-07-09T18:00:00+08:00,2026-07-10T08:00:00+08:00
331000,2026-07-09,risk_pressure,26,2026-07-10T08:00:00+08:00,https://example.gov.cn/panel/331000,2026-07-09T18:00:00+08:00,2026-07-10T08:00:00+08:00
331000,2026-07-10,content_growth,34.1,2026-07-11T08:00:00+08:00,https://example.gov.cn/panel/331000,2026-07-10T18:00:00+08:00,2026-07-11T08:00:00+08:00
331000,2026-07-10,search_growth,32.7,2026-07-11T08:00:00+08:00,https://example.gov.cn/panel/331000,2026-07-10T18:00:00+08:00,2026-07-11T08:00:00+08:00
331000,2026-07-10,event_trigger,30.7,2026-07-11T08:00:00+08:00,https://example.gov.cn/panel/331000,2026-07-10T18:00:00+08:00,2026-07-11T08:00:00+08:00
331000,2026-07-10,accessibility,25.6,2026-07-11T08:00:00+08:00,https://example.gov.cn/panel/331000,2026-07-10T18:00:00+08:00,2026-07-11T08:00:00+08:00
331000,2026-07-10,supply_capacity,23.2,2026-07-11T08:00:00+08:00,https://example.gov.cn/panel/331000,2026-07-10T18:00:00+08:00,2026-07-11T08:00:00+08:00
331000,2026-07-10,weather_fit,26.6,2026-07-11T08:00:00+08:00,https://example.gov.cn/panel/331000,2026-07-10T18:00:00+08:00,2026-07-11T08:00:00+08:00
331000,2026-07-10,novelty,31.4,2026-07-11T08:00:00+08:00,https://example.gov.cn/panel/331000,2026-07-10T18:00:00+08:00,2026-07-11T08:00:00+08:00
331000,2026-07-10,cross_region_spread,29.3,2026-07-11T08:00:00+08:00,https://example.gov.cn/panel/331000,2026-07-10T18:00:00+08:00,2026-07-11T08:00:00+08:00
331000,2026-07-10,risk_pressure,26,2026-07-11T08:00:00+08:00,https://example.gov.cn/panel/331000,2026-07-10T18:00:00+08:00,2026-07-11T08:00:00+08:00
331000,2026-07-11,content_growth,35.0,2026-07-12T08:00:00+08:00,https://example.gov.cn/panel/331000,2026-07-11T18:00:00+08:00,2026-07-12T08:00:00+08:00
331000,2026-07-11,search_growth,33.6,2026-07-12T08:00:00+08:00,https://example.gov.cn/panel/331000,2026-07-11T18:00:00+08:00,2026-07-12T08:00:00+08:00
331000,2026-07-11,event_trigger,31.5,2026-07-12T08:00:00+08:00,https://example.gov.cn/panel/331000,2026-07-11T18:00:00+08:00,2026-07-12T08:00:00+08:00
331000,2026-07-11,accessibility,26.2,2026-07-12T08:00:00+08:00,https://example.gov.cn/panel/331000,2026-07-11T18:00:00+08:00,2026-07-12T08:00:00+08:00
331000,2026-07-11,supply_capacity,23.8,2026-07-12T08:00:00+08:00,https://example.gov.cn/panel/331000,2026-07-11T18:00:00+08:00,2026-07-12T08:00:00+08:00
331000,2026-07-11,weather_fit,27.3,2026-07-12T08:00:00+08:00,https://example.gov.cn/panel/331000,2026-07-11T18:00:00+08:00,2026-07-12T08:00:00+08:00
331000,2026-07-11,novelty,32.2,2026-07-12T08:00:00+08:00,https://example.gov.cn/panel/331000,2026-07-11T18:00:00+08:00,2026-07-12T08:00:00+08:00
331000,2026-07-11,cross_region_spread,30.1,2026-07-12T08:00:00+08:00,https://example.gov.cn/panel/331000,2026-07-11T18:00:00+08:00,2026-07-12T08:00:00+08:00
331000,2026-07-11,risk_pressure,26,2026-07-12T08:00:00+08:00,https://example.gov.cn/panel/331000,2026-07-11T18:00:00+08:00,2026-07-12T08:00:00+08:00
331000,2026-07-12,content_growth,35.8,2026-07-13T08:00:00+08:00,https://example.gov.cn/panel/331000,2026-07-12T18:00:00+08:00,2026-07-13T08:00:00+08:00
331000,2026-07-12,search_growth,34.4,2026-07-13T08:00:00+08:00,https://example.gov.cn/panel/331000,2026-07-12T18:00:00+08:00,2026-07-13T08:00:00+08:00
331000,2026-07-12,event_trigger,32.2,2026-07-13T08:00:00+08:00,https://example.gov.cn/panel/331000,2026-07-12T18:00:00+08:00,2026-07-13T08:00:00+08:00
331000,2026-07-12,accessibility,26.9,2026-07-13T08:00:00+08:00,https://example.gov.cn/panel/331000,2026-07-12T18:00:00+08:00,2026-07-13T08:00:00+08:00
331000,2026-07-12,supply_capacity,24.4,2026-07-13T08:00:00+08:00,https://example.gov.cn/panel/331000,2026-07-12T18:00:00+08:00,2026-07-13T08:00:00+08:00
331000,2026-07-12,weather_fit,27.9,2026-07-13T08:00:00+08:00,https://example.gov.cn/panel/331000,2026-07-12T18:00:00+08:00,2026-07-13T08:00:00+08:00
331000,2026-07-12,novelty,33.0,2026-07-13T08:00:00+08:00,https://example.gov.cn/panel/331000,2026-07-12T18:00:00+08:00,2026-07-13T08:00:00+08:00
331000,2026-07-12,cross_region_spread,30.8,2026-07-13T08:00:00+08:00,https://example.gov.cn/panel/331000,2026-07-12T18:00:00+08:00,2026-07-13T08:00:00+08:00
331000,2026-07-12,risk_pressure,26,2026-07-13T08:00:00+08:00,https://example.gov.cn/panel/331000,2026-07-12T18:00:00+08:00,2026-07-13T08:00:00+08:00
331000,2026-07-13,content_growth,36.7,2026-07-14T08:00:00+08:00,https://example.gov.cn/panel/331000,2026-07-13T18:00:00+08:00,2026-07-14T08:00:00+08:00
331000,2026-07-13,search_growth,35.2,2026-07-14T08:00:00+08:00,https://example.gov.cn/panel/331000,2026-07-13T18:00:00+08:00,2026-07-14T08:00:00+08:00
331000,2026-07-13,event_trigger,33.0,2026-07-14T08:00:00+08:00,https://example.gov.cn/panel/331000,2026-07-13T18:00:00+08:00,2026-07-14T08:00:00+08:00
331000,2026-07-13,accessibility,27.5,2026-07-14T08:00:00+08:00,https://example.gov.cn/panel/331000,2026-07-13T18:00:00+08:00,2026-07-14T08:00:00+08:00
331000,2026-07-13,supply_capacity,24.9,2026-07-14T08:00:00+08:00,https://example.gov.cn/panel/331000,2026-07-13T18:00:00+08:00,2026-07-14T08:00:00+08:00
331000,2026-07-13,weather_fit,28.6,2026-07-14T08:00:00+08:00,https://example.gov.cn/panel/331000,2026-07-13T18:00:00+08:00,2026-07-14T08:00:00+08:00
331000,2026-07-13,novelty,33.8,2026-07-14T08:00:00+08:00,https://example.gov.cn/panel/331000,2026-07-13T18:00:00+08:00,2026-07-14T08:00:00+08:00
331000,2026-07-13,cross_region_spread,31.5,2026-07-14T08:00:00+08:00,https://example.gov.cn/panel/331000,2026-07-13T18:00:00+08:00,2026-07-14T08:00:00+08:00
331000,2026-07-13,risk_pressure,26,2026-07-14T08:00:00+08:00,https://example.gov.cn/panel/331000,2026-07-13T18:00:00+08:00,2026-07-14T08:00:00+08:00
331000,2026-07-14,content_growth,37.5,2026-07-15T08:00:00+08:00,https://example.gov.cn/panel/331000,2026-07-14T18:00:00+08:00,2026-07-15T08:00:00+08:00
331000,2026-07-14,search_growth,36.0,2026-07-15T08:00:00+08:00,https://example.gov.cn/panel/331000,2026-07-14T18:00:00+08:00,2026-07-15T08:00:00+08:00
331000,2026-07-14,event_trigger,33.8,2026-07-15T08:00:00+08:00,https://example.gov.cn/panel/331000,2026-07-14T18:00:00+08:00,2026-07-15T08:00:00+08:00
331000,2026-07-14,accessibility,28.2,2026-07-15T08:00:00+08:00,https://example.gov.cn/panel/331000,2026-07-14T18:00:00+08:00,2026-07-15T08:00:00+08:00
331000,2026-07-14,supply_capacity,25.5,2026-07-15T08:00:00+08:00,https://example.gov.cn/panel/331000,2026-07-14T18:00:00+08:00,2026-07-15T08:00:00+08:00
331000,2026-07-14,weather_fit,29.3,2026-07-15T08:00:00+08:00,https://example.gov.cn/panel/331000,2026-07-14T18:00:00+08:00,2026-07-15T08:00:00+08:00
331000,2026-07-14,novelty,34.5,2026-07-15T08:00:00+08:00,https://example.gov.cn/panel/331000,2026-07-14T18:00:00+08:00,2026-07-15T08:00:00+08:00
331000,2026-07-14,cross_region_spread,32.3,2026-07-15T08:00:00+08:00,https://example.gov.cn/panel/331000,2026-07-14T18:00:00+08:00,2026-07-15T08:00:00+08:00
331000,2026-07-14,risk_pressure,26,2026-07-15T08:00:00+08:00,https://example.gov.cn/panel/331000,2026-07-14T18:00:00+08:00,2026-07-15T08:00:00+08:00
331000,2026-07-15,content_growth,38.4,2026-07-16T08:00:00+08:00,https://example.gov.cn/panel/331000,2026-07-15T18:00:00+08:00,2026-07-16T08:00:00+08:00
331000,2026-07-15,search_growth,36.9,2026-07-16T08:00:00+08:00,https://example.gov.cn/panel/331000,2026-07-15T18:00:00+08:00,2026-07-16T08:00:00+08:00
331000,2026-07-15,event_trigger,34.6,2026-07-16T08:00:00+08:00,https://example.gov.cn/panel/331000,2026-07-15T18:00:00+08:00,2026-07-16T08:00:00+08:00
331000,2026-07-15,accessibility,28.8,2026-07-16T08:00:00+08:00,https://example.gov.cn/panel/331000,2026-07-15T18:00:00+08:00,2026-07-16T08:00:00+08:00
331000,2026-07-15,supply_capacity,26.1,2026-07-16T08:00:00+08:00,https://example.gov.cn/panel/331000,2026-07-15T18:00:00+08:00,2026-07-16T08:00:00+08:00
331000,2026-07-15,weather_fit,30.0,2026-07-16T08:00:00+08:00,https://example.gov.cn/panel/331000,2026-07-15T18:00:00+08:00,2026-07-16T08:00:00+08:00
331000,2026-07-15,novelty,35.3,2026-07-16T08:00:00+08:00,https://example.gov.cn/panel/331000,2026-07-15T18:00:00+08:00,2026-07-16T08:00:00+08:00
331000,2026-07-15,cross_region_spread,33.0,2026-07-16T08:00:00+08:00,https://example.gov.cn/panel/331000,2026-07-15T18:00:00+08:00,2026-07-16T08:00:00+08:00
331000,2026-07-15,risk_pressure,26,2026-07-16T08:00:00+08:00,https://example.gov.cn/panel/331000,2026-07-15T18:00:00+08:00,2026-07-16T08:00:00+08:00
331000,2026-07-16,content_growth,39.3,2026-07-17T08:00:00+08:00,https://example.gov.cn/panel/331000,2026-07-16T18:00:00+08:00,2026-07-17T08:00:00+08:00
331000,2026-07-16,search_growth,37.7,2026-07-17T08:00:00+08:00,https://example.gov.cn/panel/331000,2026-07-16T18:00:00+08:00,2026-07-17T08:00:00+08:00
331000,2026-07-16,event_trigger,35.3,2026-07-17T08:00:00+08:00,https://example.gov.cn/panel/331000,2026-07-16T18:00:00+08:00,2026-07-17T08:00:00+08:00
331000,2026-07-16,accessibility,29.4,2026-07-17T08:00:00+08:00,https://example.gov.cn/panel/331000,2026-07-16T18:00:00+08:00,2026-07-17T08:00:00+08:00
331000,2026-07-16,supply_capacity,26.7,2026-07-17T08:00:00+08:00,https://example.gov.cn/panel/331000,2026-07-16T18:00:00+08:00,2026-07-17T08:00:00+08:00
331000,2026-07-16,weather_fit,30.6,2026-07-17T08:00:00+08:00,https://example.gov.cn/panel/331000,2026-07-16T18:00:00+08:00,2026-07-17T08:00:00+08:00
331000,2026-07-16,novelty,36.1,2026-07-17T08:00:00+08:00,https://example.gov.cn/panel/331000,2026-07-16T18:00:00+08:00,2026-07-17T08:00:00+08:00
331000,2026-07-16,cross_region_spread,33.8,2026-07-17T08:00:00+08:00,https://example.gov.cn/panel/331000,2026-07-16T18:00:00+08:00,2026-07-17T08:00:00+08:00
331000,2026-07-16,risk_pressure,26,2026-07-17T08:00:00+08:00,https://example.gov.cn/panel/331000,2026-07-16T18:00:00+08:00,2026-07-17T08:00:00+08:00
331000,2026-07-17,content_growth,40.1,2026-07-18T08:00:00+08:00,https://example.gov.cn/panel/331000,2026-07-17T18:00:00+08:00,2026-07-18T08:00:00+08:00
331000,2026-07-17,search_growth,38.5,2026-07-18T08:00:00+08:00,https://example.gov.cn/panel/331000,2026-07-17T18:00:00+08:00,2026-07-18T08:00:00+08:00
331000,2026-07-17,event_trigger,36.1,2026-07-18T08:00:00+08:00,https://example.gov.cn/panel/331000,2026-07-17T18:00:00+08:00,2026-07-18T08:00:00+08:00
331000,2026-07-17,accessibility,30.1,2026-07-18T08:00:00+08:00,https://example.gov.cn/panel/331000,2026-07-17T18:00:00+08:00,2026-07-18T08:00:00+08:00
331000,2026-07-17,supply_capacity,27.3,2026-07-18T08:00:00+08:00,https://example.gov.cn/panel/331000,2026-07-17T18:00:00+08:00,2026-07-18T08:00:00+08:00
331000,2026-07-17,weather_fit,31.3,2026-07-18T08:00:00+08:00,https://example.gov.cn/panel/331000,2026-07-17T18:00:00+08:00,2026-07-18T08:00:00+08:00
331000,2026-07-17,novelty,36.9,2026-07-18T08:00:00+08:00,https://example.gov.cn/panel/331000,2026-07-17T18:00:00+08:00,2026-07-18T08:00:00+08:00
331000,2026-07-17,cross_region_spread,34.5,2026-07-18T08:00:00+08:00,https://example.gov.cn/panel/331000,2026-07-17T18:00:00+08:00,2026-07-18T08:00:00+08:00
331000,2026-07-17,risk_pressure,26,2026-07-18T08:00:00+08:00,https://example.gov.cn/panel/331000,2026-07-17T18:00:00+08:00,2026-07-18T08:00:00+08:00
331000,2026-07-18,content_growth,41.0,2026-07-19T08:00:00+08:00,https://example.gov.cn/panel/331000,2026-07-18T18:00:00+08:00,2026-07-19T08:00:00+08:00
331000,2026-07-18,search_growth,39.3,2026-07-19T08:00:00+08:00,https://example.gov.cn/panel/331000,2026-07-18T18:00:00+08:00,2026-07-19T08:00:00+08:00
331000,2026-07-18,event_trigger,36.9,2026-07-19T08:00:00+08:00,https://example.gov.cn/panel/331000,2026-07-18T18:00:00+08:00,2026-07-19T08:00:00+08:00
331000,2026-07-18,accessibility,30.7,2026-07-19T08:00:00+08:00,https://example.gov.cn/panel/331000,2026-07-18T18:00:00+08:00,2026-07-19T08:00:00+08:00
331000,2026-07-18,supply_capacity,27.9,2026-07-19T08:00:00+08:00,https://example.gov.cn/panel/331000,2026-07-18T18:00:00+08:00,2026-07-19T08:00:00+08:00
331000,2026-07-18,weather_fit,32.0,2026-07-19T08:00:00+08:00,https://example.gov.cn/panel/331000,2026-07-18T18:00:00+08:00,2026-07-19T08:00:00+08:00
331000,2026-07-18,novelty,37.7,2026-07-19T08:00:00+08:00,https://example.gov.cn/panel/331000,2026-07-18T18:00:00+08:00,2026-07-19T08:00:00+08:00
331000,2026-07-18,cross_region_spread,35.2,2026-07-19T08:00:00+08:00,https://example.gov.cn/panel/331000,2026-07-18T18:00:00+08:00,2026-07-19T08:00:00+08:00
331000,2026-07-18,risk_pressure,26,2026-07-19T08:00:00+08:00,https://example.gov.cn/panel/331000,2026-07-18T18:00:00+08:00,2026-07-19T08:00:00+08:00
331000,2026-07-19,content_growth,41.8,2026-07-20T08:00:00+08:00,https://example.gov.cn/panel/331000,2026-07-19T18:00:00+08:00,2026-07-20T08:00:00+08:00
331000,2026-07-19,search_growth,40.2,2026-07-20T08:00:00+08:00,https://example.gov.cn/panel/331000,2026-07-19T18:00:00+08:00,2026-07-20T08:00:00+08:00
331000,2026-07-19,event_trigger,37.7,2026-07-20T08:00:00+08:00,https://example.gov.cn/panel/331000,2026-07-19T18:00:00+08:00,2026-07-20T08:00:00+08:00
331000,2026-07-19,accessibility,31.4,2026-07-20T08:00:00+08:00,https://example.gov.cn/panel/331000,2026-07-19T18:00:00+08:00,2026-07-20T08:00:00+08:00
331000,2026-07-19,supply_capacity,28.4,2026-07-20T08:00:00+08:00,https://example.gov.cn/panel/331000,2026-07-19T18:00:00+08:00,2026-07-20T08:00:00+08:00
331000,2026-07-19,weather_fit,32.6,2026-07-20T08:00:00+08:00,https://example.gov.cn/panel/331000,2026-07-19T18:00:00+08:00,2026-07-20T08:00:00+08:00
331000,2026-07-19,novelty,38.5,2026-07-20T08:00:00+08:00,https://example.gov.cn/panel/331000,2026-07-19T18:00:00+08:00,2026-07-20T08:00:00+08:00
331000,2026-07-19,cross_region_spread,36.0,2026-07-20T08:00:00+08:00,https://example.gov.cn/panel/331000,2026-07-19T18:00:00+08:00,2026-07-20T08:00:00+08:00
331000,2026-07-19,risk_pressure,26,2026-07-20T08:00:00+08:00,https://example.gov.cn/panel/331000,2026-07-19T18:00:00+08:00,2026-07-20T08:00:00+08:00
331000,2026-07-20,content_growth,42.7,2026-07-21T08:00:00+08:00,https://example.gov.cn/panel/331000,2026-07-20T18:00:00+08:00,2026-07-21T08:00:00+08:00
331000,2026-07-20,search_growth,41.0,2026-07-21T08:00:00+08:00,https://example.gov.cn/panel/331000,2026-07-20T18:00:00+08:00,2026-07-21T08:00:00+08:00
331000,2026-07-20,event_trigger,38.4,2026-07-21T08:00:00+08:00,https://example.gov.cn/panel/331000,2026-07-20T18:00:00+08:00,2026-07-21T08:00:00+08:00
331000,2026-07-20,accessibility,32.0,2026-07-21T08:00:00+08:00,https://example.gov.cn/panel/331000,2026-07-20T18:00:00+08:00,2026-07-21T08:00:00+08:00
331000,2026-07-20,supply_capacity,29.0,2026-07-21T08:00:00+08:00,https://example.gov.cn/panel/331000,2026-07-20T18:00:00+08:00,2026-07-21T08:00:00+08:00
331000,2026-07-20,weather_fit,33.3,2026-07-21T08:00:00+08:00,https://example.gov.cn/panel/331000,2026-07-20T18:00:00+08:00,2026-07-21T08:00:00+08:00
331000,2026-07-20,novelty,39.3,2026-07-21T08:00:00+08:00,https://example.gov.cn/panel/331000,2026-07-20T18:00:00+08:00,2026-07-21T08:00:00+08:00
331000,2026-07-20,cross_region_spread,36.7,2026-07-21T08:00:00+08:00,https://example.gov.cn/panel/331000,2026-07-20T18:00:00+08:00,2026-07-21T08:00:00+08:00
331000,2026-07-20,risk_pressure,26,2026-07-21T08:00:00+08:00,https://example.gov.cn/panel/331000,2026-07-20T18:00:00+08:00,2026-07-21T08:00:00+08:00
331000,2026-07-21,content_growth,43.6,2026-07-22T08:00:00+08:00,https://example.gov.cn/panel/331000,2026-07-21T18:00:00+08:00,2026-07-22T08:00:00+08:00
331000,2026-07-21,search_growth,41.8,2026-07-22T08:00:00+08:00,https://example.gov.cn/panel/331000,2026-07-21T18:00:00+08:00,2026-07-22T08:00:00+08:00
331000,2026-07-21,event_trigger,39.2,2026-07-22T08:00:00+08:00,https://example.gov.cn/panel/331000,2026-07-21T18:00:00+08:00,2026-07-22T08:00:00+08:00
331000,2026-07-21,accessibility,32.7,2026-07-22T08:00:00+08:00,https://example.gov.cn/panel/331000,2026-07-21T18:00:00+08:00,2026-07-22T08:00:00+08:00
331000,2026-07-21,supply_capacity,29.6,2026-07-22T08:00:00+08:00,https://example.gov.cn/panel/331000,2026-07-21T18:00:00+08:00,2026-07-22T08:00:00+08:00
331000,2026-07-21,weather_fit,34.0,2026-07-22T08:00:00+08:00,https://example.gov.cn/panel/331000,2026-07-21T18:00:00+08:00,2026-07-22T08:00:00+08:00
331000,2026-07-21,novelty,40.1,2026-07-22T08:00:00+08:00,https://example.gov.cn/panel/331000,2026-07-21T18:00:00+08:00,2026-07-22T08:00:00+08:00
331000,2026-07-21,cross_region_spread,37.5,2026-07-22T08:00:00+08:00,https://example.gov.cn/panel/331000,2026-07-21T18:00:00+08:00,2026-07-22T08:00:00+08:00
331000,2026-07-21,risk_pressure,26,2026-07-22T08:00:00+08:00,https://example.gov.cn/panel/331000,2026-07-21T18:00:00+08:00,2026-07-22T08:00:00+08:00
331000,2026-07-22,content_growth,44.4,2026-07-23T08:00:00+08:00,https://example.gov.cn/panel/331000,2026-07-22T18:00:00+08:00,2026-07-23T08:00:00+08:00
331000,2026-07-22,search_growth,42.6,2026-07-23T08:00:00+08:00,https://example.gov.cn/panel/331000,2026-07-22T18:00:00+08:00,2026-07-23T08:00:00+08:00
331000,2026-07-22,event_trigger,40.0,2026-07-23T08:00:00+08:00,https://example.gov.cn/panel/331000,2026-07-22T18:00:00+08:00,2026-07-23T08:00:00+08:00
331000,2026-07-22,accessibility,33.3,2026-07-23T08:00:00+08:00,https://example.gov.cn/panel/331000,2026-07-22T18:00:00+08:00,2026-07-23T08:00:00+08:00
331000,2026-07-22,supply_capacity,30.2,2026-07-23T08:00:00+08:00,https://example.gov.cn/panel/331000,2026-07-22T18:00:00+08:00,2026-07-23T08:00:00+08:00
331000,2026-07-22,weather_fit,34.6,2026-07-23T08:00:00+08:00,https://example.gov.cn/panel/331000,2026-07-22T18:00:00+08:00,2026-07-23T08:00:00+08:00
331000,2026-07-22,novelty,40.9,2026-07-23T08:00:00+08:00,https://example.gov.cn/panel/331000,2026-07-22T18:00:00+08:00,2026-07-23T08:00:00+08:00
331000,2026-07-22,cross_region_spread,38.2,2026-07-23T08:00:00+08:00,https://example.gov.cn/panel/331000,2026-07-22T18:00:00+08:00,2026-07-23T08:00:00+08:00
331000,2026-07-22,risk_pressure,26,2026-07-23T08:00:00+08:00,https://example.gov.cn/panel/331000,2026-07-22T18:00:00+08:00,2026-07-23T08:00:00+08:00
331000,2026-07-23,content_growth,45.3,2026-07-24T08:00:00+08:00,https://example.gov.cn/panel/331000,2026-07-23T18:00:00+08:00,2026-07-24T08:00:00+08:00
331000,2026-07-23,search_growth,43.5,2026-07-24T08:00:00+08:00,https://example.gov.cn/panel/331000,2026-07-23T18:00:00+08:00,2026-07-24T08:00:00+08:00
331000,2026-07-23,event_trigger,40.7,2026-07-24T08:00:00+08:00,https://example.gov.cn/panel/331000,2026-07-23T18:00:00+08:00,2026-07-24T08:00:00+08:00
331000,2026-07-23,accessibility,34.0,2026-07-24T08:00:00+08:00,https://example.gov.cn/panel/331000,2026-07-23T18:00:00+08:00,2026-07-24T08:00:00+08:00
331000,2026-07-23,supply_capacity,30.8,2026-07-24T08:00:00+08:00,https://example.gov.cn/panel/331000,2026-07-23T18:00:00+08:00,2026-07-24T08:00:00+08:00
331000,2026-07-23,weather_fit,35.3,2026-07-24T08:00:00+08:00,https://example.gov.cn/panel/331000,2026-07-23T18:00:00+08:00,2026-07-24T08:00:00+08:00
331000,2026-07-23,novelty,41.6,2026-07-24T08:00:00+08:00,https://example.gov.cn/panel/331000,2026-07-23T18:00:00+08:00,2026-07-24T08:00:00+08:00
331000,2026-07-23,cross_region_spread,38.9,2026-07-24T08:00:00+08:00,https://example.gov.cn/panel/331000,2026-07-23T18:00:00+08:00,2026-07-24T08:00:00+08:00
331000,2026-07-23,risk_pressure,26,2026-07-24T08:00:00+08:00,https://example.gov.cn/panel/331000,2026-07-23T18:00:00+08:00,2026-07-24T08:00:00+08:00
331000,2026-07-24,content_growth,46.1,2026-07-25T08:00:00+08:00,https://example.gov.cn/panel/331000,2026-07-24T18:00:00+08:00,2026-07-25T08:00:00+08:00
331000,2026-07-24,search_growth,44.3,2026-07-25T08:00:00+08:00,https://example.gov.cn/panel/331000,2026-07-24T18:00:00+08:00,2026-07-25T08:00:00+08:00
331000,2026-07-24,event_trigger,41.5,2026-07-25T08:00:00+08:00,https://example.gov.cn/panel/331000,2026-07-24T18:00:00+08:00,2026-07-25T08:00:00+08:00
331000,2026-07-24,accessibility,34.6,2026-07-25T08:00:00+08:00,https://example.gov.cn/panel/331000,2026-07-24T18:00:00+08:00,2026-07-25T08:00:00+08:00
331000,2026-07-24,supply_capacity,31.4,2026-07-25T08:00:00+08:00,https://example.gov.cn/panel/331000,2026-07-24T18:00:00+08:00,2026-07-25T08:00:00+08:00
331000,2026-07-24,weather_fit,36.0,2026-07-25T08:00:00+08:00,https://example.gov.cn/panel/331000,2026-07-24T18:00:00+08:00,2026-07-25T08:00:00+08:00
331000,2026-07-24,novelty,42.4,2026-07-25T08:00:00+08:00,https://example.gov.cn/panel/331000,2026-07-24T18:00:00+08:00,2026-07-25T08:00:00+08:00
331000,2026-07-24,cross_region_spread,39.7,2026-07-25T08:00:00+08:00,https://example.gov.cn/panel/331000,2026-07-24T18:00:00+08:00,2026-07-25T08:00:00+08:00
331000,2026-07-24,risk_pressure,26,2026-07-25T08:00:00+08:00,https://example.gov.cn/panel/331000,2026-07-24T18:00:00+08:00,2026-07-25T08:00:00+08:00
331000,2026-07-25,content_growth,47.0,2026-07-26T08:00:00+08:00,https://example.gov.cn/panel/331000,2026-07-25T18:00:00+08:00,2026-07-26T08:00:00+08:00
331000,2026-07-25,search_growth,45.1,2026-07-26T08:00:00+08:00,https://example.gov.cn/panel/331000,2026-07-25T18:00:00+08:00,2026-07-26T08:00:00+08:00
331000,2026-07-25,event_trigger,42.3,2026-07-26T08:00:00+08:00,https://example.gov.cn/panel/331000,2026-07-25T18:00:00+08:00,2026-07-26T08:00:00+08:00
331000,2026-07-25,accessibility,35.2,2026-07-26T08:00:00+08:00,https://example.gov.cn/panel/331000,2026-07-25T18:00:00+08:00,2026-07-26T08:00:00+08:00
331000,2026-07-25,supply_capacity,32.0,2026-07-26T08:00:00+08:00,https://example.gov.cn/panel/331000,2026-07-25T18:00:00+08:00,2026-07-26T08:00:00+08:00
331000,2026-07-25,weather_fit,36.7,2026-07-26T08:00:00+08:00,https://example.gov.cn/panel/331000,2026-07-25T18:00:00+08:00,2026-07-26T08:00:00+08:00
331000,2026-07-25,novelty,43.2,2026-07-26T08:00:00+08:00,https://example.gov.cn/panel/331000,2026-07-25T18:00:00+08:00,2026-07-26T08:00:00+08:00
331000,2026-07-25,cross_region_spread,40.4,2026-07-26T08:00:00+08:00,https://example.gov.cn/panel/331000,2026-07-25T18:00:00+08:00,2026-07-26T08:00:00+08:00
331000,2026-07-25,risk_pressure,26,2026-07-26T08:00:00+08:00,https://example.gov.cn/panel/331000,2026-07-25T18:00:00+08:00,2026-07-26T08:00:00+08:00
331000,2026-07-26,content_growth,47.8,2026-07-27T08:00:00+08:00,https://example.gov.cn/panel/331000,2026-07-26T18:00:00+08:00,2026-07-27T08:00:00+08:00
331000,2026-07-26,search_growth,45.9,2026-07-27T08:00:00+08:00,https://example.gov.cn/panel/331000,2026-07-26T18:00:00+08:00,2026-07-27T08:00:00+08:00
331000,2026-07-26,event_trigger,43.1,2026-07-27T08:00:00+08:00,https://example.gov.cn/panel/331000,2026-07-26T18:00:00+08:00,2026-07-27T08:00:00+08:00
331000,2026-07-26,accessibility,35.9,2026-07-27T08:00:00+08:00,https://example.gov.cn/panel/331000,2026-07-26T18:00:00+08:00,2026-07-27T08:00:00+08:00
331000,2026-07-26,supply_capacity,32.5,2026-07-27T08:00:00+08:00,https://example.gov.cn/panel/331000,2026-07-26T18:00:00+08:00,2026-07-27T08:00:00+08:00
331000,2026-07-26,weather_fit,37.3,2026-07-27T08:00:00+08:00,https://example.gov.cn/panel/331000,2026-07-26T18:00:00+08:00,2026-07-27T08:00:00+08:00
331000,2026-07-26,novelty,44.0,2026-07-27T08:00:00+08:00,https://example.gov.cn/panel/331000,2026-07-26T18:00:00+08:00,2026-07-27T08:00:00+08:00
331000,2026-07-26,cross_region_spread,41.1,2026-07-27T08:00:00+08:00,https://example.gov.cn/panel/331000,2026-07-26T18:00:00+08:00,2026-07-27T08:00:00+08:00
331000,2026-07-26,risk_pressure,26,2026-07-27T08:00:00+08:00,https://example.gov.cn/panel/331000,2026-07-26T18:00:00+08:00,2026-07-27T08:00:00+08:00
331000,2026-07-27,content_growth,48.7,2026-07-28T08:00:00+08:00,https://example.gov.cn/panel/331000,2026-07-27T18:00:00+08:00,2026-07-28T08:00:00+08:00
331000,2026-07-27,search_growth,46.8,2026-07-28T08:00:00+08:00,https://example.gov.cn/panel/331000,2026-07-27T18:00:00+08:00,2026-07-28T08:00:00+08:00
331000,2026-07-27,event_trigger,43.8,2026-07-28T08:00:00+08:00,https://example.gov.cn/panel/331000,2026-07-27T18:00:00+08:00,2026-07-28T08:00:00+08:00
331000,2026-07-27,accessibility,36.5,2026-07-28T08:00:00+08:00,https://example.gov.cn/panel/331000,2026-07-27T18:00:00+08:00,2026-07-28T08:00:00+08:00
331000,2026-07-27,supply_capacity,33.1,2026-07-28T08:00:00+08:00,https://example.gov.cn/panel/331000,2026-07-27T18:00:00+08:00,2026-07-28T08:00:00+08:00
331000,2026-07-27,weather_fit,38.0,2026-07-28T08:00:00+08:00,https://example.gov.cn/panel/331000,2026-07-27T18:00:00+08:00,2026-07-28T08:00:00+08:00
331000,2026-07-27,novelty,44.8,2026-07-28T08:00:00+08:00,https://example.gov.cn/panel/331000,2026-07-27T18:00:00+08:00,2026-07-28T08:00:00+08:00
331000,2026-07-27,cross_region_spread,41.9,2026-07-28T08:00:00+08:00,https://example.gov.cn/panel/331000,2026-07-27T18:00:00+08:00,2026-07-28T08:00:00+08:00
331000,2026-07-27,risk_pressure,26,2026-07-28T08:00:00+08:00,https://example.gov.cn/panel/331000,2026-07-27T18:00:00+08:00,2026-07-28T08:00:00+08:00
331000,2026-07-28,content_growth,49.6,2026-07-29T08:00:00+08:00,https://example.gov.cn/panel/331000,2026-07-28T18:00:00+08:00,2026-07-29T08:00:00+08:00
331000,2026-07-28,search_growth,47.6,2026-07-29T08:00:00+08:00,https://example.gov.cn/panel/331000,2026-07-28T18:00:00+08:00,2026-07-29T08:00:00+08:00
331000,2026-07-28,event_trigger,44.6,2026-07-29T08:00:00+08:00,https://example.gov.cn/panel/331000,2026-07-28T18:00:00+08:00,2026-07-29T08:00:00+08:00
331000,2026-07-28,accessibility,37.2,2026-07-29T08:00:00+08:00,https://example.gov.cn/panel/331000,2026-07-28T18:00:00+08:00,2026-07-29T08:00:00+08:00
331000,2026-07-28,supply_capacity,33.7,2026-07-29T08:00:00+08:00,https://example.gov.cn/panel/331000,2026-07-28T18:00:00+08:00,2026-07-29T08:00:00+08:00
331000,2026-07-28,weather_fit,38.7,2026-07-29T08:00:00+08:00,https://example.gov.cn/panel/331000,2026-07-28T18:00:00+08:00,2026-07-29T08:00:00+08:00
331000,2026-07-28,novelty,45.6,2026-07-29T08:00:00+08:00,https://example.gov.cn/panel/331000,2026-07-28T18:00:00+08:00,2026-07-29T08:00:00+08:00
331000,2026-07-28,cross_region_spread,42.6,2026-07-29T08:00:00+08:00,https://example.gov.cn/panel/331000,2026-07-28T18:00:00+08:00,2026-07-29T08:00:00+08:00
331000,2026-07-28,risk_pressure,26,2026-07-29T08:00:00+08:00,https://example.gov.cn/panel/331000,2026-07-28T18:00:00+08:00,2026-07-29T08:00:00+08:00
331000,2026-07-29,content_growth,50.4,2026-07-30T08:00:00+08:00,https://example.gov.cn/panel/331000,2026-07-29T18:00:00+08:00,2026-07-30T08:00:00+08:00
331000,2026-07-29,search_growth,48.4,2026-07-30T08:00:00+08:00,https://example.gov.cn/panel/331000,2026-07-29T18:00:00+08:00,2026-07-30T08:00:00+08:00
331000,2026-07-29,event_trigger,45.4,2026-07-30T08:00:00+08:00,https://example.gov.cn/panel/331000,2026-07-29T18:00:00+08:00,2026-07-30T08:00:00+08:00
331000,2026-07-29,accessibility,37.8,2026-07-30T08:00:00+08:00,https://example.gov.cn/panel/331000,2026-07-29T18:00:00+08:00,2026-07-30T08:00:00+08:00
331000,2026-07-29,supply_capacity,34.3,2026-07-30T08:00:00+08:00,https://example.gov.cn/panel/331000,2026-07-29T18:00:00+08:00,2026-07-30T08:00:00+08:00
331000,2026-07-29,weather_fit,39.3,2026-07-30T08:00:00+08:00,https://example.gov.cn/panel/331000,2026-07-29T18:00:00+08:00,2026-07-30T08:00:00+08:00
331000,2026-07-29,novelty,46.4,2026-07-30T08:00:00+08:00,https://example.gov.cn/panel/331000,2026-07-29T18:00:00+08:00,2026-07-30T08:00:00+08:00
331000,2026-07-29,cross_region_spread,43.4,2026-07-30T08:00:00+08:00,https://example.gov.cn/panel/331000,2026-07-29T18:00:00+08:00,2026-07-30T08:00:00+08:00
331000,2026-07-29,risk_pressure,26,2026-07-30T08:00:00+08:00,https://example.gov.cn/panel/331000,2026-07-29T18:00:00+08:00,2026-07-30T08:00:00+08:00
331000,2026-07-30,content_growth,51.3,2026-07-31T08:00:00+08:00,https://example.gov.cn/panel/331000,2026-07-30T18:00:00+08:00,2026-07-31T08:00:00+08:00
331000,2026-07-30,search_growth,49.2,2026-07-31T08:00:00+08:00,https://example.gov.cn/panel/331000,2026-07-30T18:00:00+08:00,2026-07-31T08:00:00+08:00
331000,2026-07-30,event_trigger,46.2,2026-07-31T08:00:00+08:00,https://example.gov.cn/panel/331000,2026-07-30T18:00:00+08:00,2026-07-31T08:00:00+08:00
331000,2026-07-30,accessibility,38.5,2026-07-31T08:00:00+08:00,https://example.gov.cn/panel/331000,2026-07-30T18:00:00+08:00,2026-07-31T08:00:00+08:00
331000,2026-07-30,supply_capacity,34.9,2026-07-31T08:00:00+08:00,https://example.gov.cn/panel/331000,2026-07-30T18:00:00+08:00,2026-07-31T08:00:00+08:00
331000,2026-07-30,weather_fit,40.0,2026-07-31T08:00:00+08:00,https://example.gov.cn/panel/331000,2026-07-30T18:00:00+08:00,2026-07-31T08:00:00+08:00
331000,2026-07-30,novelty,47.2,2026-07-31T08:00:00+08:00,https://example.gov.cn/panel/331000,2026-07-30T18:00:00+08:00,2026-07-31T08:00:00+08:00
331000,2026-07-30,cross_region_spread,44.1,2026-07-31T08:00:00+08:00,https://example.gov.cn/panel/331000,2026-07-30T18:00:00+08:00,2026-07-31T08:00:00+08:00
331000,2026-07-30,risk_pressure,26,2026-07-31T08:00:00+08:00,https://example.gov.cn/panel/331000,2026-07-30T18:00:00+08:00,2026-07-31T08:00:00+08:00
331000,2026-07-31,content_growth,52.1,2026-08-01T08:00:00+08:00,https://example.gov.cn/panel/331000,2026-07-31T18:00:00+08:00,2026-08-01T08:00:00+08:00
331000,2026-07-31,search_growth,50.1,2026-08-01T08:00:00+08:00,https://example.gov.cn/panel/331000,2026-07-31T18:00:00+08:00,2026-08-01T08:00:00+08:00
331000,2026-07-31,event_trigger,46.9,2026-08-01T08:00:00+08:00,https://example.gov.cn/panel/331000,2026-07-31T18:00:00+08:00,2026-08-01T08:00:00+08:00
331000,2026-07-31,accessibility,39.1,2026-08-01T08:00:00+08:00,https://example.gov.cn/panel/331000,2026-07-31T18:00:00+08:00,2026-08-01T08:00:00+08:00
331000,2026-07-31,supply_capacity,35.5,2026-08-01T08:00:00+08:00,https://example.gov.cn/panel/331000,2026-07-31T18:00:00+08:00,2026-08-01T08:00:00+08:00
331000,2026-07-31,weather_fit,40.7,2026-08-01T08:00:00+08:00,https://example.gov.cn/panel/331000,2026-07-31T18:00:00+08:00,2026-08-01T08:00:00+08:00
331000,2026-07-31,novelty,48.0,2026-08-01T08:00:00+08:00,https://example.gov.cn/panel/331000,2026-07-31T18:00:00+08:00,2026-08-01T08:00:00+08:00
331000,2026-07-31,cross_region_spread,44.8,2026-08-01T08:00:00+08:00,https://example.gov.cn/panel/331000,2026-07-31T18:00:00+08:00,2026-08-01T08:00:00+08:00
331000,2026-07-31,risk_pressure,26,2026-08-01T08:00:00+08:00,https://example.gov.cn/panel/331000,2026-07-31T18:00:00+08:00,2026-08-01T08:00:00+08:00
331000,2026-08-01,content_growth,53.0,2026-08-02T08:00:00+08:00,https://example.gov.cn/panel/331000,2026-08-01T18:00:00+08:00,2026-08-02T08:00:00+08:00
331000,2026-08-01,search_growth,50.9,2026-08-02T08:00:00+08:00,https://example.gov.cn/panel/331000,2026-08-01T18:00:00+08:00,2026-08-02T08:00:00+08:00
331000,2026-08-01,event_trigger,47.7,2026-08-02T08:00:00+08:00,https://example.gov.cn/panel/331000,2026-08-01T18:00:00+08:00,2026-08-02T08:00:00+08:00
331000,2026-08-01,accessibility,39.7,2026-08-02T08:00:00+08:00,https://example.gov.cn/panel/331000,2026-08-01T18:00:00+08:00,2026-08-02T08:00:00+08:00
331000,2026-08-01,supply_capacity,36.0,2026-08-02T08:00:00+08:00,https://example.gov.cn/panel/331000,2026-08-01T18:00:00+08:00,2026-08-02T08:00:00+08:00
331000,2026-08-01,weather_fit,41.3,2026-08-02T08:00:00+08:00,https://example.gov.cn/panel/331000,2026-08-01T18:00:00+08:00,2026-08-02T08:00:00+08:00
331000,2026-08-01,novelty,48.8,2026-08-02T08:00:00+08:00,https://example.gov.cn/panel/331000,2026-08-01T18:00:00+08:00,2026-08-02T08:00:00+08:00
331000,2026-08-01,cross_region_spread,45.6,2026-08-02T08:00:00+08:00,https://example.gov.cn/panel/331000,2026-08-01T18:00:00+08:00,2026-08-02T08:00:00+08:00
331000,2026-08-01,risk_pressure,26,2026-08-02T08:00:00+08:00,https://example.gov.cn/panel/331000,2026-08-01T18:00:00+08:00,2026-08-02T08:00:00+08:00
331000,2026-08-02,content_growth,53.9,2026-08-03T08:00:00+08:00,https://example.gov.cn/panel/331000,2026-08-02T18:00:00+08:00,2026-08-03T08:00:00+08:00
331000,2026-08-02,search_growth,51.7,2026-08-03T08:00:00+08:00,https://example.gov.cn/panel/331000,2026-08-02T18:00:00+08:00,2026-08-03T08:00:00+08:00
331000,2026-08-02,event_trigger,48.5,2026-08-03T08:00:00+08:00,https://example.gov.cn/panel/331000,2026-08-02T18:00:00+08:00,2026-08-03T08:00:00+08:00
331000,2026-08-02,accessibility,40.4,2026-08-03T08:00:00+08:00,https://example.gov.cn/panel/331000,2026-08-02T18:00:00+08:00,2026-08-03T08:00:00+08:00
331000,2026-08-02,supply_capacity,36.6,2026-08-03T08:00:00+08:00,https://example.gov.cn/panel/331000,2026-08-02T18:00:00+08:00,2026-08-03T08:00:00+08:00
331000,2026-08-02,weather_fit,42.0,2026-08-03T08:00:00+08:00,https://example.gov.cn/panel/331000,2026-08-02T18:00:00+08:00,2026-08-03T08:00:00+08:00
331000,2026-08-02,novelty,49.5,2026-08-03T08:00:00+08:00,https://example.gov.cn/panel/331000,2026-08-02T18:00:00+08:00,2026-08-03T08:00:00+08:00
331000,2026-08-02,cross_region_spread,46.3,2026-08-03T08:00:00+08:00,https://example.gov.cn/panel/331000,2026-08-02T18:00:00+08:00,2026-08-03T08:00:00+08:00
331000,2026-08-02,risk_pressure,26,2026-08-03T08:00:00+08:00,https://example.gov.cn/panel/331000,2026-08-02T18:00:00+08:00,2026-08-03T08:00:00+08:00
331000,2026-08-03,content_growth,54.7,2026-08-04T08:00:00+08:00,https://example.gov.cn/panel/331000,2026-08-03T18:00:00+08:00,2026-08-04T08:00:00+08:00
331000,2026-08-03,search_growth,52.5,2026-08-04T08:00:00+08:00,https://example.gov.cn/panel/331000,2026-08-03T18:00:00+08:00,2026-08-04T08:00:00+08:00
331000,2026-08-03,event_trigger,49.2,2026-08-04T08:00:00+08:00,https://example.gov.cn/panel/331000,2026-08-03T18:00:00+08:00,2026-08-04T08:00:00+08:00
331000,2026-08-03,accessibility,41.0,2026-08-04T08:00:00+08:00,https://example.gov.cn/panel/331000,2026-08-03T18:00:00+08:00,2026-08-04T08:00:00+08:00
331000,2026-08-03,supply_capacity,37.2,2026-08-04T08:00:00+08:00,https://example.gov.cn/panel/331000,2026-08-03T18:00:00+08:00,2026-08-04T08:00:00+08:00
331000,2026-08-03,weather_fit,42.7,2026-08-04T08:00:00+08:00,https://example.gov.cn/panel/331000,2026-08-03T18:00:00+08:00,2026-08-04T08:00:00+08:00
331000,2026-08-03,novelty,50.3,2026-08-04T08:00:00+08:00,https://example.gov.cn/panel/331000,2026-08-03T18:00:00+08:00,2026-08-04T08:00:00+08:00
331000,2026-08-03,cross_region_spread,47.1,2026-08-04T08:00:00+08:00,https://example.gov.cn/panel/331000,2026-08-03T18:00:00+08:00,2026-08-04T08:00:00+08:00
331000,2026-08-03,risk_pressure,26,2026-08-04T08:00:00+08:00,https://example.gov.cn/panel/331000,2026-08-03T18:00:00+08:00,2026-08-04T08:00:00+08:00
331000,2026-08-04,content_growth,55.6,2026-08-05T08:00:00+08:00,https://example.gov.cn/panel/331000,2026-08-04T18:00:00+08:00,2026-08-05T08:00:00+08:00
331000,2026-08-04,search_growth,53.4,2026-08-05T08:00:00+08:00,https://example.gov.cn/panel/331000,2026-08-04T18:00:00+08:00,2026-08-05T08:00:00+08:00
331000,2026-08-04,event_trigger,50.0,2026-08-05T08:00:00+08:00,https://example.gov.cn/panel/331000,2026-08-04T18:00:00+08:00,2026-08-05T08:00:00+08:00
331000,2026-08-04,accessibility,41.7,2026-08-05T08:00:00+08:00,https://example.gov.cn/panel/331000,2026-08-04T18:00:00+08:00,2026-08-05T08:00:00+08:00
331000,2026-08-04,supply_capacity,37.8,2026-08-05T08:00:00+08:00,https://example.gov.cn/panel/331000,2026-08-04T18:00:00+08:00,2026-08-05T08:00:00+08:00
331000,2026-08-04,weather_fit,43.3,2026-08-05T08:00:00+08:00,https://example.gov.cn/panel/331000,2026-08-04T18:00:00+08:00,2026-08-05T08:00:00+08:00
331000,2026-08-04,novelty,51.1,2026-08-05T08:00:00+08:00,https://example.gov.cn/panel/331000,2026-08-04T18:00:00+08:00,2026-08-05T08:00:00+08:00
331000,2026-08-04,cross_region_spread,47.8,2026-08-05T08:00:00+08:00,https://example.gov.cn/panel/331000,2026-08-04T18:00:00+08:00,2026-08-05T08:00:00+08:00
331000,2026-08-04,risk_pressure,26,2026-08-05T08:00:00+08:00,https://example.gov.cn/panel/331000,2026-08-04T18:00:00+08:00,2026-08-05T08:00:00+08:00
331000,2026-08-05,content_growth,56.4,2026-08-06T08:00:00+08:00,https://example.gov.cn/panel/331000,2026-08-05T18:00:00+08:00,2026-08-06T08:00:00+08:00
331000,2026-08-05,search_growth,54.2,2026-08-06T08:00:00+08:00,https://example.gov.cn/panel/331000,2026-08-05T18:00:00+08:00,2026-08-06T08:00:00+08:00
331000,2026-08-05,event_trigger,50.8,2026-08-06T08:00:00+08:00,https://example.gov.cn/panel/331000,2026-08-05T18:00:00+08:00,2026-08-06T08:00:00+08:00
331000,2026-08-05,accessibility,42.3,2026-08-06T08:00:00+08:00,https://example.gov.cn/panel/331000,2026-08-05T18:00:00+08:00,2026-08-06T08:00:00+08:00
331000,2026-08-05,supply_capacity,38.4,2026-08-06T08:00:00+08:00,https://example.gov.cn/panel/331000,2026-08-05T18:00:00+08:00,2026-08-06T08:00:00+08:00
331000,2026-08-05,weather_fit,44.0,2026-08-06T08:00:00+08:00,https://example.gov.cn/panel/331000,2026-08-05T18:00:00+08:00,2026-08-06T08:00:00+08:00
331000,2026-08-05,novelty,51.9,2026-08-06T08:00:00+08:00,https://example.gov.cn/panel/331000,2026-08-05T18:00:00+08:00,2026-08-06T08:00:00+08:00
331000,2026-08-05,cross_region_spread,48.5,2026-08-06T08:00:00+08:00,https://example.gov.cn/panel/331000,2026-08-05T18:00:00+08:00,2026-08-06T08:00:00+08:00
331000,2026-08-05,risk_pressure,26,2026-08-06T08:00:00+08:00,https://example.gov.cn/panel/331000,2026-08-05T18:00:00+08:00,2026-08-06T08:00:00+08:00
331000,2026-08-06,content_growth,57.3,2026-08-07T08:00:00+08:00,https://example.gov.cn/panel/331000,2026-08-06T18:00:00+08:00,2026-08-07T08:00:00+08:00
331000,2026-08-06,search_growth,55.0,2026-08-07T08:00:00+08:00,https://example.gov.cn/panel/331000,2026-08-06T18:00:00+08:00,2026-08-07T08:00:00+08:00
331000,2026-08-06,event_trigger,51.6,2026-08-07T08:00:00+08:00,https://example.gov.cn/panel/331000,2026-08-06T18:00:00+08:00,2026-08-07T08:00:00+08:00
331000,2026-08-06,accessibility,43.0,2026-08-07T08:00:00+08:00,https://example.gov.cn/panel/331000,2026-08-06T18:00:00+08:00,2026-08-07T08:00:00+08:00
331000,2026-08-06,supply_capacity,39.0,2026-08-07T08:00:00+08:00,https://example.gov.cn/panel/331000,2026-08-06T18:00:00+08:00,2026-08-07T08:00:00+08:00
331000,2026-08-06,weather_fit,44.7,2026-08-07T08:00:00+08:00,https://example.gov.cn/panel/331000,2026-08-06T18:00:00+08:00,2026-08-07T08:00:00+08:00
331000,2026-08-06,novelty,52.7,2026-08-07T08:00:00+08:00,https://example.gov.cn/panel/331000,2026-08-06T18:00:00+08:00,2026-08-07T08:00:00+08:00
331000,2026-08-06,cross_region_spread,49.3,2026-08-07T08:00:00+08:00,https://example.gov.cn/panel/331000,2026-08-06T18:00:00+08:00,2026-08-07T08:00:00+08:00
331000,2026-08-06,risk_pressure,26,2026-08-07T08:00:00+08:00,https://example.gov.cn/panel/331000,2026-08-06T18:00:00+08:00,2026-08-07T08:00:00+08:00
331000,2026-08-07,content_growth,58.2,2026-08-08T08:00:00+08:00,https://example.gov.cn/panel/331000,2026-08-07T18:00:00+08:00,2026-08-08T08:00:00+08:00
331000,2026-08-07,search_growth,55.8,2026-08-08T08:00:00+08:00,https://example.gov.cn/panel/331000,2026-08-07T18:00:00+08:00,2026-08-08T08:00:00+08:00
331000,2026-08-07,event_trigger,52.3,2026-08-08T08:00:00+08:00,https://example.gov.cn/panel/331000,2026-08-07T18:00:00+08:00,2026-08-08T08:00:00+08:00
331000,2026-08-07,accessibility,43.6,2026-08-08T08:00:00+08:00,https://example.gov.cn/panel/331000,2026-08-07T18:00:00+08:00,2026-08-08T08:00:00+08:00
331000,2026-08-07,supply_capacity,39.5,2026-08-08T08:00:00+08:00,https://example.gov.cn/panel/331000,2026-08-07T18:00:00+08:00,2026-08-08T08:00:00+08:00
331000,2026-08-07,weather_fit,45.4,2026-08-08T08:00:00+08:00,https://example.gov.cn/panel/331000,2026-08-07T18:00:00+08:00,2026-08-08T08:00:00+08:00
331000,2026-08-07,novelty,53.5,2026-08-08T08:00:00+08:00,https://example.gov.cn/panel/331000,2026-08-07T18:00:00+08:00,2026-08-08T08:00:00+08:00
331000,2026-08-07,cross_region_spread,50.0,2026-08-08T08:00:00+08:00,https://example.gov.cn/panel/331000,2026-08-07T18:00:00+08:00,2026-08-08T08:00:00+08:00
331000,2026-08-07,risk_pressure,26,2026-08-08T08:00:00+08:00,https://example.gov.cn/panel/331000,2026-08-07T18:00:00+08:00,2026-08-08T08:00:00+08:00
331000,2026-08-08,content_growth,59.0,2026-08-09T08:00:00+08:00,https://example.gov.cn/panel/331000,2026-08-08T18:00:00+08:00,2026-08-09T08:00:00+08:00
331000,2026-08-08,search_growth,56.6,2026-08-09T08:00:00+08:00,https://example.gov.cn/panel/331000,2026-08-08T18:00:00+08:00,2026-08-09T08:00:00+08:00
331000,2026-08-08,event_trigger,53.1,2026-08-09T08:00:00+08:00,https://example.gov.cn/panel/331000,2026-08-08T18:00:00+08:00,2026-08-09T08:00:00+08:00
331000,2026-08-08,accessibility,44.3,2026-08-09T08:00:00+08:00,https://example.gov.cn/panel/331000,2026-08-08T18:00:00+08:00,2026-08-09T08:00:00+08:00
331000,2026-08-08,supply_capacity,40.1,2026-08-09T08:00:00+08:00,https://example.gov.cn/panel/331000,2026-08-08T18:00:00+08:00,2026-08-09T08:00:00+08:00
331000,2026-08-08,weather_fit,46.0,2026-08-09T08:00:00+08:00,https://example.gov.cn/panel/331000,2026-08-08T18:00:00+08:00,2026-08-09T08:00:00+08:00
331000,2026-08-08,novelty,54.3,2026-08-09T08:00:00+08:00,https://example.gov.cn/panel/331000,2026-08-08T18:00:00+08:00,2026-08-09T08:00:00+08:00
331000,2026-08-08,cross_region_spread,50.7,2026-08-09T08:00:00+08:00,https://example.gov.cn/panel/331000,2026-08-08T18:00:00+08:00,2026-08-09T08:00:00+08:00
331000,2026-08-08,risk_pressure,26,2026-08-09T08:00:00+08:00,https://example.gov.cn/panel/331000,2026-08-08T18:00:00+08:00,2026-08-09T08:00:00+08:00
331000,2026-08-09,content_growth,59.9,2026-08-10T08:00:00+08:00,https://example.gov.cn/panel/331000,2026-08-09T18:00:00+08:00,2026-08-10T08:00:00+08:00
331000,2026-08-09,search_growth,57.5,2026-08-10T08:00:00+08:00,https://example.gov.cn/panel/331000,2026-08-09T18:00:00+08:00,2026-08-10T08:00:00+08:00
331000,2026-08-09,event_trigger,53.9,2026-08-10T08:00:00+08:00,https://example.gov.cn/panel/331000,2026-08-09T18:00:00+08:00,2026-08-10T08:00:00+08:00
331000,2026-08-09,accessibility,44.9,2026-08-10T08:00:00+08:00,https://example.gov.cn/panel/331000,2026-08-09T18:00:00+08:00,2026-08-10T08:00:00+08:00
331000,2026-08-09,supply_capacity,40.7,2026-08-10T08:00:00+08:00,https://example.gov.cn/panel/331000,2026-08-09T18:00:00+08:00,2026-08-10T08:00:00+08:00
331000,2026-08-09,weather_fit,46.7,2026-08-10T08:00:00+08:00,https://example.gov.cn/panel/331000,2026-08-09T18:00:00+08:00,2026-08-10T08:00:00+08:00
331000,2026-08-09,novelty,55.1,2026-08-10T08:00:00+08:00,https://example.gov.cn/panel/331000,2026-08-09T18:00:00+08:00,2026-08-10T08:00:00+08:00
331000,2026-08-09,cross_region_spread,51.5,2026-08-10T08:00:00+08:00,https://example.gov.cn/panel/331000,2026-08-09T18:00:00+08:00,2026-08-10T08:00:00+08:00
331000,2026-08-09,risk_pressure,26,2026-08-10T08:00:00+08:00,https://example.gov.cn/panel/331000,2026-08-09T18:00:00+08:00,2026-08-10T08:00:00+08:00
331000,2026-08-10,content_growth,60.7,2026-08-11T08:00:00+08:00,https://example.gov.cn/panel/331000,2026-08-10T18:00:00+08:00,2026-08-11T08:00:00+08:00
331000,2026-08-10,search_growth,58.3,2026-08-11T08:00:00+08:00,https://example.gov.cn/panel/331000,2026-08-10T18:00:00+08:00,2026-08-11T08:00:00+08:00
331000,2026-08-10,event_trigger,54.7,2026-08-11T08:00:00+08:00,https://example.gov.cn/panel/331000,2026-08-10T18:00:00+08:00,2026-08-11T08:00:00+08:00
331000,2026-08-10,accessibility,45.5,2026-08-11T08:00:00+08:00,https://example.gov.cn/panel/331000,2026-08-10T18:00:00+08:00,2026-08-11T08:00:00+08:00
331000,2026-08-10,supply_capacity,41.3,2026-08-11T08:00:00+08:00,https://example.gov.cn/panel/331000,2026-08-10T18:00:00+08:00,2026-08-11T08:00:00+08:00
331000,2026-08-10,weather_fit,47.4,2026-08-11T08:00:00+08:00,https://example.gov.cn/panel/331000,2026-08-10T18:00:00+08:00,2026-08-11T08:00:00+08:00
331000,2026-08-10,novelty,55.9,2026-08-11T08:00:00+08:00,https://example.gov.cn/panel/331000,2026-08-10T18:00:00+08:00,2026-08-11T08:00:00+08:00
331000,2026-08-10,cross_region_spread,52.2,2026-08-11T08:00:00+08:00,https://example.gov.cn/panel/331000,2026-08-10T18:00:00+08:00,2026-08-11T08:00:00+08:00
331000,2026-08-10,risk_pressure,26,2026-08-11T08:00:00+08:00,https://example.gov.cn/panel/331000,2026-08-10T18:00:00+08:00,2026-08-11T08:00:00+08:00
331000,2026-08-11,content_growth,61.6,2026-08-12T08:00:00+08:00,https://example.gov.cn/panel/331000,2026-08-11T18:00:00+08:00,2026-08-12T08:00:00+08:00
331000,2026-08-11,search_growth,59.1,2026-08-12T08:00:00+08:00,https://example.gov.cn/panel/331000,2026-08-11T18:00:00+08:00,2026-08-12T08:00:00+08:00
331000,2026-08-11,event_trigger,55.4,2026-08-12T08:00:00+08:00,https://example.gov.cn/panel/331000,2026-08-11T18:00:00+08:00,2026-08-12T08:00:00+08:00
331000,2026-08-11,accessibility,46.2,2026-08-12T08:00:00+08:00,https://example.gov.cn/panel/331000,2026-08-11T18:00:00+08:00,2026-08-12T08:00:00+08:00
331000,2026-08-11,supply_capacity,41.9,2026-08-12T08:00:00+08:00,https://example.gov.cn/panel/331000,2026-08-11T18:00:00+08:00,2026-08-12T08:00:00+08:00
331000,2026-08-11,weather_fit,48.0,2026-08-12T08:00:00+08:00,https://example.gov.cn/panel/331000,2026-08-11T18:00:00+08:00,2026-08-12T08:00:00+08:00
331000,2026-08-11,novelty,56.7,2026-08-12T08:00:00+08:00,https://example.gov.cn/panel/331000,2026-08-11T18:00:00+08:00,2026-08-12T08:00:00+08:00
331000,2026-08-11,cross_region_spread,53.0,2026-08-12T08:00:00+08:00,https://example.gov.cn/panel/331000,2026-08-11T18:00:00+08:00,2026-08-12T08:00:00+08:00
331000,2026-08-11,risk_pressure,26,2026-08-12T08:00:00+08:00,https://example.gov.cn/panel/331000,2026-08-11T18:00:00+08:00,2026-08-12T08:00:00+08:00
331000,2026-08-12,content_growth,62.4,2026-08-13T08:00:00+08:00,https://example.gov.cn/panel/331000,2026-08-12T18:00:00+08:00,2026-08-13T08:00:00+08:00
331000,2026-08-12,search_growth,59.9,2026-08-13T08:00:00+08:00,https://example.gov.cn/panel/331000,2026-08-12T18:00:00+08:00,2026-08-13T08:00:00+08:00
331000,2026-08-12,event_trigger,56.2,2026-08-13T08:00:00+08:00,https://example.gov.cn/panel/331000,2026-08-12T18:00:00+08:00,2026-08-13T08:00:00+08:00
331000,2026-08-12,accessibility,46.8,2026-08-13T08:00:00+08:00,https://example.gov.cn/panel/331000,2026-08-12T18:00:00+08:00,2026-08-13T08:00:00+08:00
331000,2026-08-12,supply_capacity,42.5,2026-08-13T08:00:00+08:00,https://example.gov.cn/panel/331000,2026-08-12T18:00:00+08:00,2026-08-13T08:00:00+08:00
331000,2026-08-12,weather_fit,48.7,2026-08-13T08:00:00+08:00,https://example.gov.cn/panel/331000,2026-08-12T18:00:00+08:00,2026-08-13T08:00:00+08:00
331000,2026-08-12,novelty,57.4,2026-08-13T08:00:00+08:00,https://example.gov.cn/panel/331000,2026-08-12T18:00:00+08:00,2026-08-13T08:00:00+08:00
331000,2026-08-12,cross_region_spread,53.7,2026-08-13T08:00:00+08:00,https://example.gov.cn/panel/331000,2026-08-12T18:00:00+08:00,2026-08-13T08:00:00+08:00
331000,2026-08-12,risk_pressure,26,2026-08-13T08:00:00+08:00,https://example.gov.cn/panel/331000,2026-08-12T18:00:00+08:00,2026-08-13T08:00:00+08:00
331000,2026-08-13,content_growth,62.4,2026-08-14T08:00:00+08:00,https://example.gov.cn/panel/331000,2026-08-13T18:00:00+08:00,2026-08-14T08:00:00+08:00
331000,2026-08-13,search_growth,59.9,2026-08-14T08:00:00+08:00,https://example.gov.cn/panel/331000,2026-08-13T18:00:00+08:00,2026-08-14T08:00:00+08:00
331000,2026-08-13,event_trigger,56.2,2026-08-14T08:00:00+08:00,https://example.gov.cn/panel/331000,2026-08-13T18:00:00+08:00,2026-08-14T08:00:00+08:00
331000,2026-08-13,accessibility,46.8,2026-08-14T08:00:00+08:00,https://example.gov.cn/panel/331000,2026-08-13T18:00:00+08:00,2026-08-14T08:00:00+08:00
331000,2026-08-13,supply_capacity,42.5,2026-08-14T08:00:00+08:00,https://example.gov.cn/panel/331000,2026-08-13T18:00:00+08:00,2026-08-14T08:00:00+08:00
331000,2026-08-13,weather_fit,48.7,2026-08-14T08:00:00+08:00,https://example.gov.cn/panel/331000,2026-08-13T18:00:00+08:00,2026-08-14T08:00:00+08:00
331000,2026-08-13,novelty,57.4,2026-08-14T08:00:00+08:00,https://example.gov.cn/panel/331000,2026-08-13T18:00:00+08:00,2026-08-14T08:00:00+08:00
331000,2026-08-13,cross_region_spread,53.7,2026-08-14T08:00:00+08:00,https://example.gov.cn/panel/331000,2026-08-13T18:00:00+08:00,2026-08-14T08:00:00+08:00
331000,2026-08-13,risk_pressure,26,2026-08-14T08:00:00+08:00,https://example.gov.cn/panel/331000,2026-08-13T18:00:00+08:00,2026-08-14T08:00:00+08:00
331000,2026-08-14,content_growth,62.4,2026-08-15T08:00:00+08:00,https://example.gov.cn/panel/331000,2026-08-14T18:00:00+08:00,2026-08-15T08:00:00+08:00
331000,2026-08-14,search_growth,59.9,2026-08-15T08:00:00+08:00,https://example.gov.cn/panel/331000,2026-08-14T18:00:00+08:00,2026-08-15T08:00:00+08:00
331000,2026-08-14,event_trigger,56.2,2026-08-15T08:00:00+08:00,https://example.gov.cn/panel/331000,2026-08-14T18:00:00+08:00,2026-08-15T08:00:00+08:00
331000,2026-08-14,accessibility,46.8,2026-08-15T08:00:00+08:00,https://example.gov.cn/panel/331000,2026-08-14T18:00:00+08:00,2026-08-15T08:00:00+08:00
331000,2026-08-14,supply_capacity,42.5,2026-08-15T08:00:00+08:00,https://example.gov.cn/panel/331000,2026-08-14T18:00:00+08:00,2026-08-15T08:00:00+08:00
331000,2026-08-14,weather_fit,48.7,2026-08-15T08:00:00+08:00,https://example.gov.cn/panel/331000,2026-08-14T18:00:00+08:00,2026-08-15T08:00:00+08:00
331000,2026-08-14,novelty,57.4,2026-08-15T08:00:00+08:00,https://example.gov.cn/panel/331000,2026-08-14T18:00:00+08:00,2026-08-15T08:00:00+08:00
331000,2026-08-14,cross_region_spread,53.7,2026-08-15T08:00:00+08:00,https://example.gov.cn/panel/331000,2026-08-14T18:00:00+08:00,2026-08-15T08:00:00+08:00
331000,2026-08-14,risk_pressure,26,2026-08-15T08:00:00+08:00,https://example.gov.cn/panel/331000,2026-08-14T18:00:00+08:00,2026-08-15T08:00:00+08:00
230100,2026-07-03,content_growth,25.5,2026-07-04T08:00:00+08:00,https://example.gov.cn/panel/230100,2026-07-03T18:00:00+08:00,2026-07-04T08:00:00+08:00
230100,2026-07-03,search_growth,24.5,2026-07-04T08:00:00+08:00,https://example.gov.cn/panel/230100,2026-07-03T18:00:00+08:00,2026-07-04T08:00:00+08:00
230100,2026-07-03,event_trigger,23.0,2026-07-04T08:00:00+08:00,https://example.gov.cn/panel/230100,2026-07-03T18:00:00+08:00,2026-07-04T08:00:00+08:00
230100,2026-07-03,accessibility,19.2,2026-07-04T08:00:00+08:00,https://example.gov.cn/panel/230100,2026-07-03T18:00:00+08:00,2026-07-04T08:00:00+08:00
230100,2026-07-03,supply_capacity,17.4,2026-07-04T08:00:00+08:00,https://example.gov.cn/panel/230100,2026-07-03T18:00:00+08:00,2026-07-04T08:00:00+08:00
230100,2026-07-03,weather_fit,19.9,2026-07-04T08:00:00+08:00,https://example.gov.cn/panel/230100,2026-07-03T18:00:00+08:00,2026-07-04T08:00:00+08:00
230100,2026-07-03,novelty,23.5,2026-07-04T08:00:00+08:00,https://example.gov.cn/panel/230100,2026-07-03T18:00:00+08:00,2026-07-04T08:00:00+08:00
230100,2026-07-03,cross_region_spread,22.0,2026-07-04T08:00:00+08:00,https://example.gov.cn/panel/230100,2026-07-03T18:00:00+08:00,2026-07-04T08:00:00+08:00
230100,2026-07-03,risk_pressure,26,2026-07-04T08:00:00+08:00,https://example.gov.cn/panel/230100,2026-07-03T18:00:00+08:00,2026-07-04T08:00:00+08:00
230100,2026-07-04,content_growth,26.3,2026-07-05T08:00:00+08:00,https://example.gov.cn/panel/230100,2026-07-04T18:00:00+08:00,2026-07-05T08:00:00+08:00
230100,2026-07-04,search_growth,25.3,2026-07-05T08:00:00+08:00,https://example.gov.cn/panel/230100,2026-07-04T18:00:00+08:00,2026-07-05T08:00:00+08:00
230100,2026-07-04,event_trigger,23.7,2026-07-05T08:00:00+08:00,https://example.gov.cn/panel/230100,2026-07-04T18:00:00+08:00,2026-07-05T08:00:00+08:00
230100,2026-07-04,accessibility,19.7,2026-07-05T08:00:00+08:00,https://example.gov.cn/panel/230100,2026-07-04T18:00:00+08:00,2026-07-05T08:00:00+08:00
230100,2026-07-04,supply_capacity,17.9,2026-07-05T08:00:00+08:00,https://example.gov.cn/panel/230100,2026-07-04T18:00:00+08:00,2026-07-05T08:00:00+08:00
230100,2026-07-04,weather_fit,20.5,2026-07-05T08:00:00+08:00,https://example.gov.cn/panel/230100,2026-07-04T18:00:00+08:00,2026-07-05T08:00:00+08:00
230100,2026-07-04,novelty,24.2,2026-07-05T08:00:00+08:00,https://example.gov.cn/panel/230100,2026-07-04T18:00:00+08:00,2026-07-05T08:00:00+08:00
230100,2026-07-04,cross_region_spread,22.6,2026-07-05T08:00:00+08:00,https://example.gov.cn/panel/230100,2026-07-04T18:00:00+08:00,2026-07-05T08:00:00+08:00
230100,2026-07-04,risk_pressure,26,2026-07-05T08:00:00+08:00,https://example.gov.cn/panel/230100,2026-07-04T18:00:00+08:00,2026-07-05T08:00:00+08:00
230100,2026-07-05,content_growth,27.1,2026-07-06T08:00:00+08:00,https://example.gov.cn/panel/230100,2026-07-05T18:00:00+08:00,2026-07-06T08:00:00+08:00
230100,2026-07-05,search_growth,26.0,2026-07-06T08:00:00+08:00,https://example.gov.cn/panel/230100,2026-07-05T18:00:00+08:00,2026-07-06T08:00:00+08:00
230100,2026-07-05,event_trigger,24.4,2026-07-06T08:00:00+08:00,https://example.gov.cn/panel/230100,2026-07-05T18:00:00+08:00,2026-07-06T08:00:00+08:00
230100,2026-07-05,accessibility,20.3,2026-07-06T08:00:00+08:00,https://example.gov.cn/panel/230100,2026-07-05T18:00:00+08:00,2026-07-06T08:00:00+08:00
230100,2026-07-05,supply_capacity,18.4,2026-07-06T08:00:00+08:00,https://example.gov.cn/panel/230100,2026-07-05T18:00:00+08:00,2026-07-06T08:00:00+08:00
230100,2026-07-05,weather_fit,21.1,2026-07-06T08:00:00+08:00,https://example.gov.cn/panel/230100,2026-07-05T18:00:00+08:00,2026-07-06T08:00:00+08:00
230100,2026-07-05,novelty,24.9,2026-07-06T08:00:00+08:00,https://example.gov.cn/panel/230100,2026-07-05T18:00:00+08:00,2026-07-06T08:00:00+08:00
230100,2026-07-05,cross_region_spread,23.3,2026-07-06T08:00:00+08:00,https://example.gov.cn/panel/230100,2026-07-05T18:00:00+08:00,2026-07-06T08:00:00+08:00
230100,2026-07-05,risk_pressure,26,2026-07-06T08:00:00+08:00,https://example.gov.cn/panel/230100,2026-07-05T18:00:00+08:00,2026-07-06T08:00:00+08:00
230100,2026-07-06,content_growth,27.9,2026-07-07T08:00:00+08:00,https://example.gov.cn/panel/230100,2026-07-06T18:00:00+08:00,2026-07-07T08:00:00+08:00
230100,2026-07-06,search_growth,26.8,2026-07-07T08:00:00+08:00,https://example.gov.cn/panel/230100,2026-07-06T18:00:00+08:00,2026-07-07T08:00:00+08:00
230100,2026-07-06,event_trigger,25.1,2026-07-07T08:00:00+08:00,https://example.gov.cn/panel/230100,2026-07-06T18:00:00+08:00,2026-07-07T08:00:00+08:00
230100,2026-07-06,accessibility,20.9,2026-07-07T08:00:00+08:00,https://example.gov.cn/panel/230100,2026-07-06T18:00:00+08:00,2026-07-07T08:00:00+08:00
230100,2026-07-06,supply_capacity,19.0,2026-07-07T08:00:00+08:00,https://example.gov.cn/panel/230100,2026-07-06T18:00:00+08:00,2026-07-07T08:00:00+08:00
230100,2026-07-06,weather_fit,21.8,2026-07-07T08:00:00+08:00,https://example.gov.cn/panel/230100,2026-07-06T18:00:00+08:00,2026-07-07T08:00:00+08:00
230100,2026-07-06,novelty,25.7,2026-07-07T08:00:00+08:00,https://example.gov.cn/panel/230100,2026-07-06T18:00:00+08:00,2026-07-07T08:00:00+08:00
230100,2026-07-06,cross_region_spread,24.0,2026-07-07T08:00:00+08:00,https://example.gov.cn/panel/230100,2026-07-06T18:00:00+08:00,2026-07-07T08:00:00+08:00
230100,2026-07-06,risk_pressure,26,2026-07-07T08:00:00+08:00,https://example.gov.cn/panel/230100,2026-07-06T18:00:00+08:00,2026-07-07T08:00:00+08:00
230100,2026-07-07,content_growth,28.7,2026-07-08T08:00:00+08:00,https://example.gov.cn/panel/230100,2026-07-07T18:00:00+08:00,2026-07-08T08:00:00+08:00
230100,2026-07-07,search_growth,27.5,2026-07-08T08:00:00+08:00,https://example.gov.cn/panel/230100,2026-07-07T18:00:00+08:00,2026-07-08T08:00:00+08:00
230100,2026-07-07,event_trigger,25.8,2026-07-08T08:00:00+08:00,https://example.gov.cn/panel/230100,2026-07-07T18:00:00+08:00,2026-07-08T08:00:00+08:00
230100,2026-07-07,accessibility,21.5,2026-07-08T08:00:00+08:00,https://example.gov.cn/panel/230100,2026-07-07T18:00:00+08:00,2026-07-08T08:00:00+08:00
230100,2026-07-07,supply_capacity,19.5,2026-07-08T08:00:00+08:00,https://example.gov.cn/panel/230100,2026-07-07T18:00:00+08:00,2026-07-08T08:00:00+08:00
230100,2026-07-07,weather_fit,22.4,2026-07-08T08:00:00+08:00,https://example.gov.cn/panel/230100,2026-07-07T18:00:00+08:00,2026-07-08T08:00:00+08:00
230100,2026-07-07,novelty,26.4,2026-07-08T08:00:00+08:00,https://example.gov.cn/panel/230100,2026-07-07T18:00:00+08:00,2026-07-08T08:00:00+08:00
230100,2026-07-07,cross_region_spread,24.7,2026-07-08T08:00:00+08:00,https://example.gov.cn/panel/230100,2026-07-07T18:00:00+08:00,2026-07-08T08:00:00+08:00
230100,2026-07-07,risk_pressure,26,2026-07-08T08:00:00+08:00,https://example.gov.cn/panel/230100,2026-07-07T18:00:00+08:00,2026-07-08T08:00:00+08:00
230100,2026-07-08,content_growth,29.4,2026-07-09T08:00:00+08:00,https://example.gov.cn/panel/230100,2026-07-08T18:00:00+08:00,2026-07-09T08:00:00+08:00
230100,2026-07-08,search_growth,28.3,2026-07-09T08:00:00+08:00,https://example.gov.cn/panel/230100,2026-07-08T18:00:00+08:00,2026-07-09T08:00:00+08:00
230100,2026-07-08,event_trigger,26.5,2026-07-09T08:00:00+08:00,https://example.gov.cn/panel/230100,2026-07-08T18:00:00+08:00,2026-07-09T08:00:00+08:00
230100,2026-07-08,accessibility,22.1,2026-07-09T08:00:00+08:00,https://example.gov.cn/panel/230100,2026-07-08T18:00:00+08:00,2026-07-09T08:00:00+08:00
230100,2026-07-08,supply_capacity,20.0,2026-07-09T08:00:00+08:00,https://example.gov.cn/panel/230100,2026-07-08T18:00:00+08:00,2026-07-09T08:00:00+08:00
230100,2026-07-08,weather_fit,23.0,2026-07-09T08:00:00+08:00,https://example.gov.cn/panel/230100,2026-07-08T18:00:00+08:00,2026-07-09T08:00:00+08:00
230100,2026-07-08,novelty,27.1,2026-07-09T08:00:00+08:00,https://example.gov.cn/panel/230100,2026-07-08T18:00:00+08:00,2026-07-09T08:00:00+08:00
230100,2026-07-08,cross_region_spread,25.3,2026-07-09T08:00:00+08:00,https://example.gov.cn/panel/230100,2026-07-08T18:00:00+08:00,2026-07-09T08:00:00+08:00
230100,2026-07-08,risk_pressure,26,2026-07-09T08:00:00+08:00,https://example.gov.cn/panel/230100,2026-07-08T18:00:00+08:00,2026-07-09T08:00:00+08:00
230100,2026-07-09,content_growth,30.2,2026-07-10T08:00:00+08:00,https://example.gov.cn/panel/230100,2026-07-09T18:00:00+08:00,2026-07-10T08:00:00+08:00
230100,2026-07-09,search_growth,29.0,2026-07-10T08:00:00+08:00,https://example.gov.cn/panel/230100,2026-07-09T18:00:00+08:00,2026-07-10T08:00:00+08:00
230100,2026-07-09,event_trigger,27.2,2026-07-10T08:00:00+08:00,https://example.gov.cn/panel/230100,2026-07-09T18:00:00+08:00,2026-07-10T08:00:00+08:00
230100,2026-07-09,accessibility,22.7,2026-07-10T08:00:00+08:00,https://example.gov.cn/panel/230100,2026-07-09T18:00:00+08:00,2026-07-10T08:00:00+08:00
230100,2026-07-09,supply_capacity,20.6,2026-07-10T08:00:00+08:00,https://example.gov.cn/panel/230100,2026-07-09T18:00:00+08:00,2026-07-10T08:00:00+08:00
230100,2026-07-09,weather_fit,23.6,2026-07-10T08:00:00+08:00,https://example.gov.cn/panel/230100,2026-07-09T18:00:00+08:00,2026-07-10T08:00:00+08:00
230100,2026-07-09,novelty,27.8,2026-07-10T08:00:00+08:00,https://example.gov.cn/panel/230100,2026-07-09T18:00:00+08:00,2026-07-10T08:00:00+08:00
230100,2026-07-09,cross_region_spread,26.0,2026-07-10T08:00:00+08:00,https://example.gov.cn/panel/230100,2026-07-09T18:00:00+08:00,2026-07-10T08:00:00+08:00
230100,2026-07-09,risk_pressure,26,2026-07-10T08:00:00+08:00,https://example.gov.cn/panel/230100,2026-07-09T18:00:00+08:00,2026-07-10T08:00:00+08:00
230100,2026-07-10,content_growth,31.0,2026-07-11T08:00:00+08:00,https://example.gov.cn/panel/230100,2026-07-10T18:00:00+08:00,2026-07-11T08:00:00+08:00
230100,2026-07-10,search_growth,29.8,2026-07-11T08:00:00+08:00,https://example.gov.cn/panel/230100,2026-07-10T18:00:00+08:00,2026-07-11T08:00:00+08:00
230100,2026-07-10,event_trigger,27.9,2026-07-11T08:00:00+08:00,https://example.gov.cn/panel/230100,2026-07-10T18:00:00+08:00,2026-07-11T08:00:00+08:00
230100,2026-07-10,accessibility,23.3,2026-07-11T08:00:00+08:00,https://example.gov.cn/panel/230100,2026-07-10T18:00:00+08:00,2026-07-11T08:00:00+08:00
230100,2026-07-10,supply_capacity,21.1,2026-07-11T08:00:00+08:00,https://example.gov.cn/panel/230100,2026-07-10T18:00:00+08:00,2026-07-11T08:00:00+08:00
230100,2026-07-10,weather_fit,24.2,2026-07-11T08:00:00+08:00,https://example.gov.cn/panel/230100,2026-07-10T18:00:00+08:00,2026-07-11T08:00:00+08:00
230100,2026-07-10,novelty,28.5,2026-07-11T08:00:00+08:00,https://example.gov.cn/panel/230100,2026-07-10T18:00:00+08:00,2026-07-11T08:00:00+08:00
230100,2026-07-10,cross_region_spread,26.7,2026-07-11T08:00:00+08:00,https://example.gov.cn/panel/230100,2026-07-10T18:00:00+08:00,2026-07-11T08:00:00+08:00
230100,2026-07-10,risk_pressure,26,2026-07-11T08:00:00+08:00,https://example.gov.cn/panel/230100,2026-07-10T18:00:00+08:00,2026-07-11T08:00:00+08:00
230100,2026-07-11,content_growth,31.8,2026-07-12T08:00:00+08:00,https://example.gov.cn/panel/230100,2026-07-11T18:00:00+08:00,2026-07-12T08:00:00+08:00
230100,2026-07-11,search_growth,30.5,2026-07-12T08:00:00+08:00,https://example.gov.cn/panel/230100,2026-07-11T18:00:00+08:00,2026-07-12T08:00:00+08:00
230100,2026-07-11,event_trigger,28.6,2026-07-12T08:00:00+08:00,https://example.gov.cn/panel/230100,2026-07-11T18:00:00+08:00,2026-07-12T08:00:00+08:00
230100,2026-07-11,accessibility,23.8,2026-07-12T08:00:00+08:00,https://example.gov.cn/panel/230100,2026-07-11T18:00:00+08:00,2026-07-12T08:00:00+08:00
230100,2026-07-11,supply_capacity,21.6,2026-07-12T08:00:00+08:00,https://example.gov.cn/panel/230100,2026-07-11T18:00:00+08:00,2026-07-12T08:00:00+08:00
230100,2026-07-11,weather_fit,24.8,2026-07-12T08:00:00+08:00,https://example.gov.cn/panel/230100,2026-07-11T18:00:00+08:00,2026-07-12T08:00:00+08:00
230100,2026-07-11,novelty,29.2,2026-07-12T08:00:00+08:00,https://example.gov.cn/panel/230100,2026-07-11T18:00:00+08:00,2026-07-12T08:00:00+08:00
230100,2026-07-11,cross_region_spread,27.3,2026-07-12T08:00:00+08:00,https://example.gov.cn/panel/230100,2026-07-11T18:00:00+08:00,2026-07-12T08:00:00+08:00
230100,2026-07-11,risk_pressure,26,2026-07-12T08:00:00+08:00,https://example.gov.cn/panel/230100,2026-07-11T18:00:00+08:00,2026-07-12T08:00:00+08:00
230100,2026-07-12,content_growth,32.6,2026-07-13T08:00:00+08:00,https://example.gov.cn/panel/230100,2026-07-12T18:00:00+08:00,2026-07-13T08:00:00+08:00
230100,2026-07-12,search_growth,31.3,2026-07-13T08:00:00+08:00,https://example.gov.cn/panel/230100,2026-07-12T18:00:00+08:00,2026-07-13T08:00:00+08:00
230100,2026-07-12,event_trigger,29.3,2026-07-13T08:00:00+08:00,https://example.gov.cn/panel/230100,2026-07-12T18:00:00+08:00,2026-07-13T08:00:00+08:00
230100,2026-07-12,accessibility,24.4,2026-07-13T08:00:00+08:00,https://example.gov.cn/panel/230100,2026-07-12T18:00:00+08:00,2026-07-13T08:00:00+08:00
230100,2026-07-12,supply_capacity,22.1,2026-07-13T08:00:00+08:00,https://example.gov.cn/panel/230100,2026-07-12T18:00:00+08:00,2026-07-13T08:00:00+08:00
230100,2026-07-12,weather_fit,25.4,2026-07-13T08:00:00+08:00,https://example.gov.cn/panel/230100,2026-07-12T18:00:00+08:00,2026-07-13T08:00:00+08:00
230100,2026-07-12,novelty,30.0,2026-07-13T08:00:00+08:00,https://example.gov.cn/panel/230100,2026-07-12T18:00:00+08:00,2026-07-13T08:00:00+08:00
230100,2026-07-12,cross_region_spread,28.0,2026-07-13T08:00:00+08:00,https://example.gov.cn/panel/230100,2026-07-12T18:00:00+08:00,2026-07-13T08:00:00+08:00
230100,2026-07-12,risk_pressure,26,2026-07-13T08:00:00+08:00,https://example.gov.cn/panel/230100,2026-07-12T18:00:00+08:00,2026-07-13T08:00:00+08:00
230100,2026-07-13,content_growth,33.4,2026-07-14T08:00:00+08:00,https://example.gov.cn/panel/230100,2026-07-13T18:00:00+08:00,2026-07-14T08:00:00+08:00
230100,2026-07-13,search_growth,32.0,2026-07-14T08:00:00+08:00,https://example.gov.cn/panel/230100,2026-07-13T18:00:00+08:00,2026-07-14T08:00:00+08:00
230100,2026-07-13,event_trigger,30.0,2026-07-14T08:00:00+08:00,https://example.gov.cn/panel/230100,2026-07-13T18:00:00+08:00,2026-07-14T08:00:00+08:00
230100,2026-07-13,accessibility,25.0,2026-07-14T08:00:00+08:00,https://example.gov.cn/panel/230100,2026-07-13T18:00:00+08:00,2026-07-14T08:00:00+08:00
230100,2026-07-13,supply_capacity,22.7,2026-07-14T08:00:00+08:00,https://example.gov.cn/panel/230100,2026-07-13T18:00:00+08:00,2026-07-14T08:00:00+08:00
230100,2026-07-13,weather_fit,26.0,2026-07-14T08:00:00+08:00,https://example.gov.cn/panel/230100,2026-07-13T18:00:00+08:00,2026-07-14T08:00:00+08:00
230100,2026-07-13,novelty,30.7,2026-07-14T08:00:00+08:00,https://example.gov.cn/panel/230100,2026-07-13T18:00:00+08:00,2026-07-14T08:00:00+08:00
230100,2026-07-13,cross_region_spread,28.7,2026-07-14T08:00:00+08:00,https://example.gov.cn/panel/230100,2026-07-13T18:00:00+08:00,2026-07-14T08:00:00+08:00
230100,2026-07-13,risk_pressure,26,2026-07-14T08:00:00+08:00,https://example.gov.cn/panel/230100,2026-07-13T18:00:00+08:00,2026-07-14T08:00:00+08:00
230100,2026-07-14,content_growth,34.1,2026-07-15T08:00:00+08:00,https://example.gov.cn/panel/230100,2026-07-14T18:00:00+08:00,2026-07-15T08:00:00+08:00
230100,2026-07-14,search_growth,32.8,2026-07-15T08:00:00+08:00,https://example.gov.cn/panel/230100,2026-07-14T18:00:00+08:00,2026-07-15T08:00:00+08:00
230100,2026-07-14,event_trigger,30.7,2026-07-15T08:00:00+08:00,https://example.gov.cn/panel/230100,2026-07-14T18:00:00+08:00,2026-07-15T08:00:00+08:00
230100,2026-07-14,accessibility,25.6,2026-07-15T08:00:00+08:00,https://example.gov.cn/panel/230100,2026-07-14T18:00:00+08:00,2026-07-15T08:00:00+08:00
230100,2026-07-14,supply_capacity,23.2,2026-07-15T08:00:00+08:00,https://example.gov.cn/panel/230100,2026-07-14T18:00:00+08:00,2026-07-15T08:00:00+08:00
230100,2026-07-14,weather_fit,26.6,2026-07-15T08:00:00+08:00,https://example.gov.cn/panel/230100,2026-07-14T18:00:00+08:00,2026-07-15T08:00:00+08:00
230100,2026-07-14,novelty,31.4,2026-07-15T08:00:00+08:00,https://example.gov.cn/panel/230100,2026-07-14T18:00:00+08:00,2026-07-15T08:00:00+08:00
230100,2026-07-14,cross_region_spread,29.4,2026-07-15T08:00:00+08:00,https://example.gov.cn/panel/230100,2026-07-14T18:00:00+08:00,2026-07-15T08:00:00+08:00
230100,2026-07-14,risk_pressure,26,2026-07-15T08:00:00+08:00,https://example.gov.cn/panel/230100,2026-07-14T18:00:00+08:00,2026-07-15T08:00:00+08:00
230100,2026-07-15,content_growth,34.9,2026-07-16T08:00:00+08:00,https://example.gov.cn/panel/230100,2026-07-15T18:00:00+08:00,2026-07-16T08:00:00+08:00
230100,2026-07-15,search_growth,33.5,2026-07-16T08:00:00+08:00,https://example.gov.cn/panel/230100,2026-07-15T18:00:00+08:00,2026-07-16T08:00:00+08:00
230100,2026-07-15,event_trigger,31.4,2026-07-16T08:00:00+08:00,https://example.gov.cn/panel/230100,2026-07-15T18:00:00+08:00,2026-07-16T08:00:00+08:00
230100,2026-07-15,accessibility,26.2,2026-07-16T08:00:00+08:00,https://example.gov.cn/panel/230100,2026-07-15T18:00:00+08:00,2026-07-16T08:00:00+08:00
230100,2026-07-15,supply_capacity,23.7,2026-07-16T08:00:00+08:00,https://example.gov.cn/panel/230100,2026-07-15T18:00:00+08:00,2026-07-16T08:00:00+08:00
230100,2026-07-15,weather_fit,27.2,2026-07-16T08:00:00+08:00,https://example.gov.cn/panel/230100,2026-07-15T18:00:00+08:00,2026-07-16T08:00:00+08:00
230100,2026-07-15,novelty,32.1,2026-07-16T08:00:00+08:00,https://example.gov.cn/panel/230100,2026-07-15T18:00:00+08:00,2026-07-16T08:00:00+08:00
230100,2026-07-15,cross_region_spread,30.0,2026-07-16T08:00:00+08:00,https://example.gov.cn/panel/230100,2026-07-15T18:00:00+08:00,2026-07-16T08:00:00+08:00
230100,2026-07-15,risk_pressure,26,2026-07-16T08:00:00+08:00,https://example.gov.cn/panel/230100,2026-07-15T18:00:00+08:00,2026-07-16T08:00:00+08:00
230100,2026-07-16,content_growth,35.7,2026-07-17T08:00:00+08:00,https://example.gov.cn/panel/230100,2026-07-16T18:00:00+08:00,2026-07-17T08:00:00+08:00
230100,2026-07-16,search_growth,34.3,2026-07-17T08:00:00+08:00,https://example.gov.cn/panel/230100,2026-07-16T18:00:00+08:00,2026-07-17T08:00:00+08:00
230100,2026-07-16,event_trigger,32.1,2026-07-17T08:00:00+08:00,https://example.gov.cn/panel/230100,2026-07-16T18:00:00+08:00,2026-07-17T08:00:00+08:00
230100,2026-07-16,accessibility,26.8,2026-07-17T08:00:00+08:00,https://example.gov.cn/panel/230100,2026-07-16T18:00:00+08:00,2026-07-17T08:00:00+08:00
230100,2026-07-16,supply_capacity,24.3,2026-07-17T08:00:00+08:00,https://example.gov.cn/panel/230100,2026-07-16T18:00:00+08:00,2026-07-17T08:00:00+08:00
230100,2026-07-16,weather_fit,27.8,2026-07-17T08:00:00+08:00,https://example.gov.cn/panel/230100,2026-07-16T18:00:00+08:00,2026-07-17T08:00:00+08:00
230100,2026-07-16,novelty,32.8,2026-07-17T08:00:00+08:00,https://example.gov.cn/panel/230100,2026-07-16T18:00:00+08:00,2026-07-17T08:00:00+08:00
230100,2026-07-16,cross_region_spread,30.7,2026-07-17T08:00:00+08:00,https://example.gov.cn/panel/230100,2026-07-16T18:00:00+08:00,2026-07-17T08:00:00+08:00
230100,2026-07-16,risk_pressure,26,2026-07-17T08:00:00+08:00,https://example.gov.cn/panel/230100,2026-07-16T18:00:00+08:00,2026-07-17T08:00:00+08:00
230100,2026-07-17,content_growth,36.5,2026-07-18T08:00:00+08:00,https://example.gov.cn/panel/230100,2026-07-17T18:00:00+08:00,2026-07-18T08:00:00+08:00
230100,2026-07-17,search_growth,35.0,2026-07-18T08:00:00+08:00,https://example.gov.cn/panel/230100,2026-07-17T18:00:00+08:00,2026-07-18T08:00:00+08:00
230100,2026-07-17,event_trigger,32.8,2026-07-18T08:00:00+08:00,https://example.gov.cn/panel/230100,2026-07-17T18:00:00+08:00,2026-07-18T08:00:00+08:00
230100,2026-07-17,accessibility,27.4,2026-07-18T08:00:00+08:00,https://example.gov.cn/panel/230100,2026-07-17T18:00:00+08:00,2026-07-18T08:00:00+08:00
230100,2026-07-17,supply_capacity,24.8,2026-07-18T08:00:00+08:00,https://example.gov.cn/panel/230100,2026-07-17T18:00:00+08:00,2026-07-18T08:00:00+08:00
230100,2026-07-17,weather_fit,28.4,2026-07-18T08:00:00+08:00,https://example.gov.cn/panel/230100,2026-07-17T18:00:00+08:00,2026-07-18T08:00:00+08:00
230100,2026-07-17,novelty,33.6,2026-07-18T08:00:00+08:00,https://example.gov.cn/panel/230100,2026-07-17T18:00:00+08:00,2026-07-18T08:00:00+08:00
230100,2026-07-17,cross_region_spread,31.4,2026-07-18T08:00:00+08:00,https://example.gov.cn/panel/230100,2026-07-17T18:00:00+08:00,2026-07-18T08:00:00+08:00
230100,2026-07-17,risk_pressure,26,2026-07-18T08:00:00+08:00,https://example.gov.cn/panel/230100,2026-07-17T18:00:00+08:00,2026-07-18T08:00:00+08:00
230100,2026-07-18,content_growth,37.3,2026-07-19T08:00:00+08:00,https://example.gov.cn/panel/230100,2026-07-18T18:00:00+08:00,2026-07-19T08:00:00+08:00
230100,2026-07-18,search_growth,35.8,2026-07-19T08:00:00+08:00,https://example.gov.cn/panel/230100,2026-07-18T18:00:00+08:00,2026-07-19T08:00:00+08:00
230100,2026-07-18,event_trigger,33.5,2026-07-19T08:00:00+08:00,https://example.gov.cn/panel/230100,2026-07-18T18:00:00+08:00,2026-07-19T08:00:00+08:00
230100,2026-07-18,accessibility,27.9,2026-07-19T08:00:00+08:00,https://example.gov.cn/panel/230100,2026-07-18T18:00:00+08:00,2026-07-19T08:00:00+08:00
230100,2026-07-18,supply_capacity,25.3,2026-07-19T08:00:00+08:00,https://example.gov.cn/panel/230100,2026-07-18T18:00:00+08:00,2026-07-19T08:00:00+08:00
230100,2026-07-18,weather_fit,29.1,2026-07-19T08:00:00+08:00,https://example.gov.cn/panel/230100,2026-07-18T18:00:00+08:00,2026-07-19T08:00:00+08:00
230100,2026-07-18,novelty,34.3,2026-07-19T08:00:00+08:00,https://example.gov.cn/panel/230100,2026-07-18T18:00:00+08:00,2026-07-19T08:00:00+08:00
230100,2026-07-18,cross_region_spread,32.0,2026-07-19T08:00:00+08:00,https://example.gov.cn/panel/230100,2026-07-18T18:00:00+08:00,2026-07-19T08:00:00+08:00
230100,2026-07-18,risk_pressure,26,2026-07-19T08:00:00+08:00,https://example.gov.cn/panel/230100,2026-07-18T18:00:00+08:00,2026-07-19T08:00:00+08:00
230100,2026-07-19,content_growth,38.0,2026-07-20T08:00:00+08:00,https://example.gov.cn/panel/230100,2026-07-19T18:00:00+08:00,2026-07-20T08:00:00+08:00
230100,2026-07-19,search_growth,36.5,2026-07-20T08:00:00+08:00,https://example.gov.cn/panel/230100,2026-07-19T18:00:00+08:00,2026-07-20T08:00:00+08:00
230100,2026-07-19,event_trigger,34.2,2026-07-20T08:00:00+08:00,https://example.gov.cn/panel/230100,2026-07-19T18:00:00+08:00,2026-07-20T08:00:00+08:00
230100,2026-07-19,accessibility,28.5,2026-07-20T08:00:00+08:00,https://example.gov.cn/panel/230100,2026-07-19T18:00:00+08:00,2026-07-20T08:00:00+08:00
230100,2026-07-19,supply_capacity,25.9,2026-07-20T08:00:00+08:00,https://example.gov.cn/panel/230100,2026-07-19T18:00:00+08:00,2026-07-20T08:00:00+08:00
230100,2026-07-19,weather_fit,29.7,2026-07-20T08:00:00+08:00,https://example.gov.cn/panel/230100,2026-07-19T18:00:00+08:00,2026-07-20T08:00:00+08:00
230100,2026-07-19,novelty,35.0,2026-07-20T08:00:00+08:00,https://example.gov.cn/panel/230100,2026-07-19T18:00:00+08:00,2026-07-20T08:00:00+08:00
230100,2026-07-19,cross_region_spread,32.7,2026-07-20T08:00:00+08:00,https://example.gov.cn/panel/230100,2026-07-19T18:00:00+08:00,2026-07-20T08:00:00+08:00
230100,2026-07-19,risk_pressure,26,2026-07-20T08:00:00+08:00,https://example.gov.cn/panel/230100,2026-07-19T18:00:00+08:00,2026-07-20T08:00:00+08:00
230100,2026-07-20,content_growth,38.8,2026-07-21T08:00:00+08:00,https://example.gov.cn/panel/230100,2026-07-20T18:00:00+08:00,2026-07-21T08:00:00+08:00
230100,2026-07-20,search_growth,37.3,2026-07-21T08:00:00+08:00,https://example.gov.cn/panel/230100,2026-07-20T18:00:00+08:00,2026-07-21T08:00:00+08:00
230100,2026-07-20,event_trigger,34.9,2026-07-21T08:00:00+08:00,https://example.gov.cn/panel/230100,2026-07-20T18:00:00+08:00,2026-07-21T08:00:00+08:00
230100,2026-07-20,accessibility,29.1,2026-07-21T08:00:00+08:00,https://example.gov.cn/panel/230100,2026-07-20T18:00:00+08:00,2026-07-21T08:00:00+08:00
230100,2026-07-20,supply_capacity,26.4,2026-07-21T08:00:00+08:00,https://example.gov.cn/panel/230100,2026-07-20T18:00:00+08:00,2026-07-21T08:00:00+08:00
230100,2026-07-20,weather_fit,30.3,2026-07-21T08:00:00+08:00,https://example.gov.cn/panel/230100,2026-07-20T18:00:00+08:00,2026-07-21T08:00:00+08:00
230100,2026-07-20,novelty,35.7,2026-07-21T08:00:00+08:00,https://example.gov.cn/panel/230100,2026-07-20T18:00:00+08:00,2026-07-21T08:00:00+08:00
230100,2026-07-20,cross_region_spread,33.4,2026-07-21T08:00:00+08:00,https://example.gov.cn/panel/230100,2026-07-20T18:00:00+08:00,2026-07-21T08:00:00+08:00
230100,2026-07-20,risk_pressure,26,2026-07-21T08:00:00+08:00,https://example.gov.cn/panel/230100,2026-07-20T18:00:00+08:00,2026-07-21T08:00:00+08:00
230100,2026-07-21,content_growth,39.6,2026-07-22T08:00:00+08:00,https://example.gov.cn/panel/230100,2026-07-21T18:00:00+08:00,2026-07-22T08:00:00+08:00
230100,2026-07-21,search_growth,38.0,2026-07-22T08:00:00+08:00,https://example.gov.cn/panel/230100,2026-07-21T18:00:00+08:00,2026-07-22T08:00:00+08:00
230100,2026-07-21,event_trigger,35.6,2026-07-22T08:00:00+08:00,https://example.gov.cn/panel/230100,2026-07-21T18:00:00+08:00,2026-07-22T08:00:00+08:00
230100,2026-07-21,accessibility,29.7,2026-07-22T08:00:00+08:00,https://example.gov.cn/panel/230100,2026-07-21T18:00:00+08:00,2026-07-22T08:00:00+08:00
230100,2026-07-21,supply_capacity,26.9,2026-07-22T08:00:00+08:00,https://example.gov.cn/panel/230100,2026-07-21T18:00:00+08:00,2026-07-22T08:00:00+08:00
230100,2026-07-21,weather_fit,30.9,2026-07-22T08:00:00+08:00,https://example.gov.cn/panel/230100,2026-07-21T18:00:00+08:00,2026-07-22T08:00:00+08:00
230100,2026-07-21,novelty,36.4,2026-07-22T08:00:00+08:00,https://example.gov.cn/panel/230100,2026-07-21T18:00:00+08:00,2026-07-22T08:00:00+08:00
230100,2026-07-21,cross_region_spread,34.1,2026-07-22T08:00:00+08:00,https://example.gov.cn/panel/230100,2026-07-21T18:00:00+08:00,2026-07-22T08:00:00+08:00
230100,2026-07-21,risk_pressure,26,2026-07-22T08:00:00+08:00,https://example.gov.cn/panel/230100,2026-07-21T18:00:00+08:00,2026-07-22T08:00:00+08:00
230100,2026-07-22,content_growth,40.4,2026-07-23T08:00:00+08:00,https://example.gov.cn/panel/230100,2026-07-22T18:00:00+08:00,2026-07-23T08:00:00+08:00
230100,2026-07-22,search_growth,38.8,2026-07-23T08:00:00+08:00,https://example.gov.cn/panel/230100,2026-07-22T18:00:00+08:00,2026-07-23T08:00:00+08:00
230100,2026-07-22,event_trigger,36.3,2026-07-23T08:00:00+08:00,https://example.gov.cn/panel/230100,2026-07-22T18:00:00+08:00,2026-07-23T08:00:00+08:00
230100,2026-07-22,accessibility,30.3,2026-07-23T08:00:00+08:00,https://example.gov.cn/panel/230100,2026-07-22T18:00:00+08:00,2026-07-23T08:00:00+08:00
230100,2026-07-22,supply_capacity,27.5,2026-07-23T08:00:00+08:00,https://example.gov.cn/panel/230100,2026-07-22T18:00:00+08:00,2026-07-23T08:00:00+08:00
230100,2026-07-22,weather_fit,31.5,2026-07-23T08:00:00+08:00,https://example.gov.cn/panel/230100,2026-07-22T18:00:00+08:00,2026-07-23T08:00:00+08:00
230100,2026-07-22,novelty,37.1,2026-07-23T08:00:00+08:00,https://example.gov.cn/panel/230100,2026-07-22T18:00:00+08:00,2026-07-23T08:00:00+08:00
230100,2026-07-22,cross_region_spread,34.7,2026-07-23T08:00:00+08:00,https://example.gov.cn/panel/230100,2026-07-22T18:00:00+08:00,2026-07-23T08:00:00+08:00
230100,2026-07-22,risk_pressure,26,2026-07-23T08:00:00+08:00,https://example.gov.cn/panel/230100,2026-07-22T18:00:00+08:00,2026-07-23T08:00:00+08:00
230100,2026-07-23,content_growth,41.2,2026-07-24T08:00:00+08:00,https://example.gov.cn/panel/230100,2026-07-23T18:00:00+08:00,2026-07-24T08:00:00+08:00
230100,2026-07-23,search_growth,39.5,2026-07-24T08:00:00+08:00,https://example.gov.cn/panel/230100,2026-07-23T18:00:00+08:00,2026-07-24T08:00:00+08:00
230100,2026-07-23,event_trigger,37.0,2026-07-24T08:00:00+08:00,https://example.gov.cn/panel/230100,2026-07-23T18:00:00+08:00,2026-07-24T08:00:00+08:00
230100,2026-07-23,accessibility,30.9,2026-07-24T08:00:00+08:00,https://example.gov.cn/panel/230100,2026-07-23T18:00:00+08:00,2026-07-24T08:00:00+08:00
230100,2026-07-23,supply_capacity,28.0,2026-07-24T08:00:00+08:00,https://example.gov.cn/panel/230100,2026-07-23T18:00:00+08:00,2026-07-24T08:00:00+08:00
230100,2026-07-23,weather_fit,32.1,2026-07-24T08:00:00+08:00,https://example.gov.cn/panel/230100,2026-07-23T18:00:00+08:00,2026-07-24T08:00:00+08:00
230100,2026-07-23,novelty,37.9,2026-07-24T08:00:00+08:00,https://example.gov.cn/panel/230100,2026-07-23T18:00:00+08:00,2026-07-24T08:00:00+08:00
230100,2026-07-23,cross_region_spread,35.4,2026-07-24T08:00:00+08:00,https://example.gov.cn/panel/230100,2026-07-23T18:00:00+08:00,2026-07-24T08:00:00+08:00
230100,2026-07-23,risk_pressure,26,2026-07-24T08:00:00+08:00,https://example.gov.cn/panel/230100,2026-07-23T18:00:00+08:00,2026-07-24T08:00:00+08:00
230100,2026-07-24,content_growth,41.9,2026-07-25T08:00:00+08:00,https://example.gov.cn/panel/230100,2026-07-24T18:00:00+08:00,2026-07-25T08:00:00+08:00
230100,2026-07-24,search_growth,40.3,2026-07-25T08:00:00+08:00,https://example.gov.cn/panel/230100,2026-07-24T18:00:00+08:00,2026-07-25T08:00:00+08:00
230100,2026-07-24,event_trigger,37.7,2026-07-25T08:00:00+08:00,https://example.gov.cn/panel/230100,2026-07-24T18:00:00+08:00,2026-07-25T08:00:00+08:00
230100,2026-07-24,accessibility,31.5,2026-07-25T08:00:00+08:00,https://example.gov.cn/panel/230100,2026-07-24T18:00:00+08:00,2026-07-25T08:00:00+08:00
230100,2026-07-24,supply_capacity,28.5,2026-07-25T08:00:00+08:00,https://example.gov.cn/panel/230100,2026-07-24T18:00:00+08:00,2026-07-25T08:00:00+08:00
230100,2026-07-24,weather_fit,32.7,2026-07-25T08:00:00+08:00,https://example.gov.cn/panel/230100,2026-07-24T18:00:00+08:00,2026-07-25T08:00:00+08:00
230100,2026-07-24,novelty,38.6,2026-07-25T08:00:00+08:00,https://example.gov.cn/panel/230100,2026-07-24T18:00:00+08:00,2026-07-25T08:00:00+08:00
230100,2026-07-24,cross_region_spread,36.1,2026-07-25T08:00:00+08:00,https://example.gov.cn/panel/230100,2026-07-24T18:00:00+08:00,2026-07-25T08:00:00+08:00
230100,2026-07-24,risk_pressure,26,2026-07-25T08:00:00+08:00,https://example.gov.cn/panel/230100,2026-07-24T18:00:00+08:00,2026-07-25T08:00:00+08:00
230100,2026-07-25,content_growth,42.7,2026-07-26T08:00:00+08:00,https://example.gov.cn/panel/230100,2026-07-25T18:00:00+08:00,2026-07-26T08:00:00+08:00
230100,2026-07-25,search_growth,41.0,2026-07-26T08:00:00+08:00,https://example.gov.cn/panel/230100,2026-07-25T18:00:00+08:00,2026-07-26T08:00:00+08:00
230100,2026-07-25,event_trigger,38.4,2026-07-26T08:00:00+08:00,https://example.gov.cn/panel/230100,2026-07-25T18:00:00+08:00,2026-07-26T08:00:00+08:00
230100,2026-07-25,accessibility,32.0,2026-07-26T08:00:00+08:00,https://example.gov.cn/panel/230100,2026-07-25T18:00:00+08:00,2026-07-26T08:00:00+08:00
230100,2026-07-25,supply_capacity,29.0,2026-07-26T08:00:00+08:00,https://example.gov.cn/panel/230100,2026-07-25T18:00:00+08:00,2026-07-26T08:00:00+08:00
230100,2026-07-25,weather_fit,33.3,2026-07-26T08:00:00+08:00,https://example.gov.cn/panel/230100,2026-07-25T18:00:00+08:00,2026-07-26T08:00:00+08:00
230100,2026-07-25,novelty,39.3,2026-07-26T08:00:00+08:00,https://example.gov.cn/panel/230100,2026-07-25T18:00:00+08:00,2026-07-26T08:00:00+08:00
230100,2026-07-25,cross_region_spread,36.7,2026-07-26T08:00:00+08:00,https://example.gov.cn/panel/230100,2026-07-25T18:00:00+08:00,2026-07-26T08:00:00+08:00
230100,2026-07-25,risk_pressure,26,2026-07-26T08:00:00+08:00,https://example.gov.cn/panel/230100,2026-07-25T18:00:00+08:00,2026-07-26T08:00:00+08:00
230100,2026-07-26,content_growth,43.5,2026-07-27T08:00:00+08:00,https://example.gov.cn/panel/230100,2026-07-26T18:00:00+08:00,2026-07-27T08:00:00+08:00
230100,2026-07-26,search_growth,41.8,2026-07-27T08:00:00+08:00,https://example.gov.cn/panel/230100,2026-07-26T18:00:00+08:00,2026-07-27T08:00:00+08:00
230100,2026-07-26,event_trigger,39.1,2026-07-27T08:00:00+08:00,https://example.gov.cn/panel/230100,2026-07-26T18:00:00+08:00,2026-07-27T08:00:00+08:00
230100,2026-07-26,accessibility,32.6,2026-07-27T08:00:00+08:00,https://example.gov.cn/panel/230100,2026-07-26T18:00:00+08:00,2026-07-27T08:00:00+08:00
230100,2026-07-26,supply_capacity,29.6,2026-07-27T08:00:00+08:00,https://example.gov.cn/panel/230100,2026-07-26T18:00:00+08:00,2026-07-27T08:00:00+08:00
230100,2026-07-26,weather_fit,33.9,2026-07-27T08:00:00+08:00,https://example.gov.cn/panel/230100,2026-07-26T18:00:00+08:00,2026-07-27T08:00:00+08:00
230100,2026-07-26,novelty,40.0,2026-07-27T08:00:00+08:00,https://example.gov.cn/panel/230100,2026-07-26T18:00:00+08:00,2026-07-27T08:00:00+08:00
230100,2026-07-26,cross_region_spread,37.4,2026-07-27T08:00:00+08:00,https://example.gov.cn/panel/230100,2026-07-26T18:00:00+08:00,2026-07-27T08:00:00+08:00
230100,2026-07-26,risk_pressure,26,2026-07-27T08:00:00+08:00,https://example.gov.cn/panel/230100,2026-07-26T18:00:00+08:00,2026-07-27T08:00:00+08:00
230100,2026-07-27,content_growth,44.3,2026-07-28T08:00:00+08:00,https://example.gov.cn/panel/230100,2026-07-27T18:00:00+08:00,2026-07-28T08:00:00+08:00
230100,2026-07-27,search_growth,42.5,2026-07-28T08:00:00+08:00,https://example.gov.cn/panel/230100,2026-07-27T18:00:00+08:00,2026-07-28T08:00:00+08:00
230100,2026-07-27,event_trigger,39.9,2026-07-28T08:00:00+08:00,https://example.gov.cn/panel/230100,2026-07-27T18:00:00+08:00,2026-07-28T08:00:00+08:00
230100,2026-07-27,accessibility,33.2,2026-07-28T08:00:00+08:00,https://example.gov.cn/panel/230100,2026-07-27T18:00:00+08:00,2026-07-28T08:00:00+08:00
230100,2026-07-27,supply_capacity,30.1,2026-07-28T08:00:00+08:00,https://example.gov.cn/panel/230100,2026-07-27T18:00:00+08:00,2026-07-28T08:00:00+08:00
230100,2026-07-27,weather_fit,34.5,2026-07-28T08:00:00+08:00,https://example.gov.cn/panel/230100,2026-07-27T18:00:00+08:00,2026-07-28T08:00:00+08:00
230100,2026-07-27,novelty,40.7,2026-07-28T08:00:00+08:00,https://example.gov.cn/panel/230100,2026-07-27T18:00:00+08:00,2026-07-28T08:00:00+08:00
230100,2026-07-27,cross_region_spread,38.1,2026-07-28T08:00:00+08:00,https://example.gov.cn/panel/230100,2026-07-27T18:00:00+08:00,2026-07-28T08:00:00+08:00
230100,2026-07-27,risk_pressure,26,2026-07-28T08:00:00+08:00,https://example.gov.cn/panel/230100,2026-07-27T18:00:00+08:00,2026-07-28T08:00:00+08:00
230100,2026-07-28,content_growth,45.1,2026-07-29T08:00:00+08:00,https://example.gov.cn/panel/230100,2026-07-28T18:00:00+08:00,2026-07-29T08:00:00+08:00
230100,2026-07-28,search_growth,43.3,2026-07-29T08:00:00+08:00,https://example.gov.cn/panel/230100,2026-07-28T18:00:00+08:00,2026-07-29T08:00:00+08:00
230100,2026-07-28,event_trigger,40.6,2026-07-29T08:00:00+08:00,https://example.gov.cn/panel/230100,2026-07-28T18:00:00+08:00,2026-07-29T08:00:00+08:00
230100,2026-07-28,accessibility,33.8,2026-07-29T08:00:00+08:00,https://example.gov.cn/panel/230100,2026-07-28T18:00:00+08:00,2026-07-29T08:00:00+08:00
230100,2026-07-28,supply_capacity,30.6,2026-07-29T08:00:00+08:00,https://example.gov.cn/panel/230100,2026-07-28T18:00:00+08:00,2026-07-29T08:00:00+08:00
230100,2026-07-28,weather_fit,35.1,2026-07-29T08:00:00+08:00,https://example.gov.cn/panel/230100,2026-07-28T18:00:00+08:00,2026-07-29T08:00:00+08:00
230100,2026-07-28,novelty,41.5,2026-07-29T08:00:00+08:00,https://example.gov.cn/panel/230100,2026-07-28T18:00:00+08:00,2026-07-29T08:00:00+08:00
230100,2026-07-28,cross_region_spread,38.8,2026-07-29T08:00:00+08:00,https://example.gov.cn/panel/230100,2026-07-28T18:00:00+08:00,2026-07-29T08:00:00+08:00
230100,2026-07-28,risk_pressure,26,2026-07-29T08:00:00+08:00,https://example.gov.cn/panel/230100,2026-07-28T18:00:00+08:00,2026-07-29T08:00:00+08:00
230100,2026-07-29,content_growth,45.8,2026-07-30T08:00:00+08:00,https://example.gov.cn/panel/230100,2026-07-29T18:00:00+08:00,2026-07-30T08:00:00+08:00
230100,2026-07-29,search_growth,44.0,2026-07-30T08:00:00+08:00,https://example.gov.cn/panel/230100,2026-07-29T18:00:00+08:00,2026-07-30T08:00:00+08:00
230100,2026-07-29,event_trigger,41.3,2026-07-30T08:00:00+08:00,https://example.gov.cn/panel/230100,2026-07-29T18:00:00+08:00,2026-07-30T08:00:00+08:00
230100,2026-07-29,accessibility,34.4,2026-07-30T08:00:00+08:00,https://example.gov.cn/panel/230100,2026-07-29T18:00:00+08:00,2026-07-30T08:00:00+08:00
230100,2026-07-29,supply_capacity,31.2,2026-07-30T08:00:00+08:00,https://example.gov.cn/panel/230100,2026-07-29T18:00:00+08:00,2026-07-30T08:00:00+08:00
230100,2026-07-29,weather_fit,35.8,2026-07-30T08:00:00+08:00,https://example.gov.cn/panel/230100,2026-07-29T18:00:00+08:00,2026-07-30T08:00:00+08:00
230100,2026-07-29,novelty,42.2,2026-07-30T08:00:00+08:00,https://example.gov.cn/panel/230100,2026-07-29T18:00:00+08:00,2026-07-30T08:00:00+08:00
230100,2026-07-29,cross_region_spread,39.4,2026-07-30T08:00:00+08:00,https://example.gov.cn/panel/230100,2026-07-29T18:00:00+08:00,2026-07-30T08:00:00+08:00
230100,2026-07-29,risk_pressure,26,2026-07-30T08:00:00+08:00,https://example.gov.cn/panel/230100,2026-07-29T18:00:00+08:00,2026-07-30T08:00:00+08:00
230100,2026-07-30,content_growth,46.6,2026-07-31T08:00:00+08:00,https://example.gov.cn/panel/230100,2026-07-30T18:00:00+08:00,2026-07-31T08:00:00+08:00
230100,2026-07-30,search_growth,44.8,2026-07-31T08:00:00+08:00,https://example.gov.cn/panel/230100,2026-07-30T18:00:00+08:00,2026-07-31T08:00:00+08:00
230100,2026-07-30,event_trigger,42.0,2026-07-31T08:00:00+08:00,https://example.gov.cn/panel/230100,2026-07-30T18:00:00+08:00,2026-07-31T08:00:00+08:00
230100,2026-07-30,accessibility,35.0,2026-07-31T08:00:00+08:00,https://example.gov.cn/panel/230100,2026-07-30T18:00:00+08:00,2026-07-31T08:00:00+08:00
230100,2026-07-30,supply_capacity,31.7,2026-07-31T08:00:00+08:00,https://example.gov.cn/panel/230100,2026-07-30T18:00:00+08:00,2026-07-31T08:00:00+08:00
230100,2026-07-30,weather_fit,36.4,2026-07-31T08:00:00+08:00,https://example.gov.cn/panel/230100,2026-07-30T18:00:00+08:00,2026-07-31T08:00:00+08:00
230100,2026-07-30,novelty,42.9,2026-07-31T08:00:00+08:00,https://example.gov.cn/panel/230100,2026-07-30T18:00:00+08:00,2026-07-31T08:00:00+08:00
230100,2026-07-30,cross_region_spread,40.1,2026-07-31T08:00:00+08:00,https://example.gov.cn/panel/230100,2026-07-30T18:00:00+08:00,2026-07-31T08:00:00+08:00
230100,2026-07-30,risk_pressure,26,2026-07-31T08:00:00+08:00,https://example.gov.cn/panel/230100,2026-07-30T18:00:00+08:00,2026-07-31T08:00:00+08:00
230100,2026-07-31,content_growth,47.4,2026-08-01T08:00:00+08:00,https://example.gov.cn/panel/230100,2026-07-31T18:00:00+08:00,2026-08-01T08:00:00+08:00
230100,2026-07-31,search_growth,45.5,2026-08-01T08:00:00+08:00,https://example.gov.cn/panel/230100,2026-07-31T18:00:00+08:00,2026-08-01T08:00:00+08:00
230100,2026-07-31,event_trigger,42.7,2026-08-01T08:00:00+08:00,https://example.gov.cn/panel/230100,2026-07-31T18:00:00+08:00,2026-08-01T08:00:00+08:00
230100,2026-07-31,accessibility,35.6,2026-08-01T08:00:00+08:00,https://example.gov.cn/panel/230100,2026-07-31T18:00:00+08:00,2026-08-01T08:00:00+08:00
230100,2026-07-31,supply_capacity,32.2,2026-08-01T08:00:00+08:00,https://example.gov.cn/panel/230100,2026-07-31T18:00:00+08:00,2026-08-01T08:00:00+08:00
230100,2026-07-31,weather_fit,37.0,2026-08-01T08:00:00+08:00,https://example.gov.cn/panel/230100,2026-07-31T18:00:00+08:00,2026-08-01T08:00:00+08:00
230100,2026-07-31,novelty,43.6,2026-08-01T08:00:00+08:00,https://example.gov.cn/panel/230100,2026-07-31T18:00:00+08:00,2026-08-01T08:00:00+08:00
230100,2026-07-31,cross_region_spread,40.8,2026-08-01T08:00:00+08:00,https://example.gov.cn/panel/230100,2026-07-31T18:00:00+08:00,2026-08-01T08:00:00+08:00
230100,2026-07-31,risk_pressure,26,2026-08-01T08:00:00+08:00,https://example.gov.cn/panel/230100,2026-07-31T18:00:00+08:00,2026-08-01T08:00:00+08:00
230100,2026-08-01,content_growth,48.2,2026-08-02T08:00:00+08:00,https://example.gov.cn/panel/230100,2026-08-01T18:00:00+08:00,2026-08-02T08:00:00+08:00
230100,2026-08-01,search_growth,46.3,2026-08-02T08:00:00+08:00,https://example.gov.cn/panel/230100,2026-08-01T18:00:00+08:00,2026-08-02T08:00:00+08:00
230100,2026-08-01,event_trigger,43.4,2026-08-02T08:00:00+08:00,https://example.gov.cn/panel/230100,2026-08-01T18:00:00+08:00,2026-08-02T08:00:00+08:00
230100,2026-08-01,accessibility,36.1,2026-08-02T08:00:00+08:00,https://example.gov.cn/panel/230100,2026-08-01T18:00:00+08:00,2026-08-02T08:00:00+08:00
230100,2026-08-01,supply_capacity,32.8,2026-08-02T08:00:00+08:00,https://example.gov.cn/panel/230100,2026-08-01T18:00:00+08:00,2026-08-02T08:00:00+08:00
230100,2026-08-01,weather_fit,37.6,2026-08-02T08:00:00+08:00,https://example.gov.cn/panel/230100,2026-08-01T18:00:00+08:00,2026-08-02T08:00:00+08:00
230100,2026-08-01,novelty,44.3,2026-08-02T08:00:00+08:00,https://example.gov.cn/panel/230100,2026-08-01T18:00:00+08:00,2026-08-02T08:00:00+08:00
230100,2026-08-01,cross_region_spread,41.4,2026-08-02T08:00:00+08:00,https://example.gov.cn/panel/230100,2026-08-01T18:00:00+08:00,2026-08-02T08:00:00+08:00
230100,2026-08-01,risk_pressure,26,2026-08-02T08:00:00+08:00,https://example.gov.cn/panel/230100,2026-08-01T18:00:00+08:00,2026-08-02T08:00:00+08:00
230100,2026-08-02,content_growth,49.0,2026-08-03T08:00:00+08:00,https://example.gov.cn/panel/230100,2026-08-02T18:00:00+08:00,2026-08-03T08:00:00+08:00
230100,2026-08-02,search_growth,47.0,2026-08-03T08:00:00+08:00,https://example.gov.cn/panel/230100,2026-08-02T18:00:00+08:00,2026-08-03T08:00:00+08:00
230100,2026-08-02,event_trigger,44.1,2026-08-03T08:00:00+08:00,https://example.gov.cn/panel/230100,2026-08-02T18:00:00+08:00,2026-08-03T08:00:00+08:00
230100,2026-08-02,accessibility,36.7,2026-08-03T08:00:00+08:00,https://example.gov.cn/panel/230100,2026-08-02T18:00:00+08:00,2026-08-03T08:00:00+08:00
230100,2026-08-02,supply_capacity,33.3,2026-08-03T08:00:00+08:00,https://example.gov.cn/panel/230100,2026-08-02T18:00:00+08:00,2026-08-03T08:00:00+08:00
230100,2026-08-02,weather_fit,38.2,2026-08-03T08:00:00+08:00,https://example.gov.cn/panel/230100,2026-08-02T18:00:00+08:00,2026-08-03T08:00:00+08:00
230100,2026-08-02,novelty,45.0,2026-08-03T08:00:00+08:00,https://example.gov.cn/panel/230100,2026-08-02T18:00:00+08:00,2026-08-03T08:00:00+08:00
230100,2026-08-02,cross_region_spread,42.1,2026-08-03T08:00:00+08:00,https://example.gov.cn/panel/230100,2026-08-02T18:00:00+08:00,2026-08-03T08:00:00+08:00
230100,2026-08-02,risk_pressure,26,2026-08-03T08:00:00+08:00,https://example.gov.cn/panel/230100,2026-08-02T18:00:00+08:00,2026-08-03T08:00:00+08:00
230100,2026-08-03,content_growth,49.7,2026-08-04T08:00:00+08:00,https://example.gov.cn/panel/230100,2026-08-03T18:00:00+08:00,2026-08-04T08:00:00+08:00
230100,2026-08-03,search_growth,47.8,2026-08-04T08:00:00+08:00,https://example.gov.cn/panel/230100,2026-08-03T18:00:00+08:00,2026-08-04T08:00:00+08:00
230100,2026-08-03,event_trigger,44.8,2026-08-04T08:00:00+08:00,https://example.gov.cn/panel/230100,2026-08-03T18:00:00+08:00,2026-08-04T08:00:00+08:00
230100,2026-08-03,accessibility,37.3,2026-08-04T08:00:00+08:00,https://example.gov.cn/panel/230100,2026-08-03T18:00:00+08:00,2026-08-04T08:00:00+08:00
230100,2026-08-03,supply_capacity,33.8,2026-08-04T08:00:00+08:00,https://example.gov.cn/panel/230100,2026-08-03T18:00:00+08:00,2026-08-04T08:00:00+08:00
230100,2026-08-03,weather_fit,38.8,2026-08-04T08:00:00+08:00,https://example.gov.cn/panel/230100,2026-08-03T18:00:00+08:00,2026-08-04T08:00:00+08:00
230100,2026-08-03,novelty,45.8,2026-08-04T08:00:00+08:00,https://example.gov.cn/panel/230100,2026-08-03T18:00:00+08:00,2026-08-04T08:00:00+08:00
230100,2026-08-03,cross_region_spread,42.8,2026-08-04T08:00:00+08:00,https://example.gov.cn/panel/230100,2026-08-03T18:00:00+08:00,2026-08-04T08:00:00+08:00
230100,2026-08-03,risk_pressure,26,2026-08-04T08:00:00+08:00,https://example.gov.cn/panel/230100,2026-08-03T18:00:00+08:00,2026-08-04T08:00:00+08:00
230100,2026-08-04,content_growth,50.5,2026-08-05T08:00:00+08:00,https://example.gov.cn/panel/230100,2026-08-04T18:00:00+08:00,2026-08-05T08:00:00+08:00
230100,2026-08-04,search_growth,48.5,2026-08-05T08:00:00+08:00,https://example.gov.cn/panel/230100,2026-08-04T18:00:00+08:00,2026-08-05T08:00:00+08:00
230100,2026-08-04,event_trigger,45.5,2026-08-05T08:00:00+08:00,https://example.gov.cn/panel/230100,2026-08-04T18:00:00+08:00,2026-08-05T08:00:00+08:00
230100,2026-08-04,accessibility,37.9,2026-08-05T08:00:00+08:00,https://example.gov.cn/panel/230100,2026-08-04T18:00:00+08:00,2026-08-05T08:00:00+08:00
230100,2026-08-04,supply_capacity,34.4,2026-08-05T08:00:00+08:00,https://example.gov.cn/panel/230100,2026-08-04T18:00:00+08:00,2026-08-05T08:00:00+08:00
230100,2026-08-04,weather_fit,39.4,2026-08-05T08:00:00+08:00,https://example.gov.cn/panel/230100,2026-08-04T18:00:00+08:00,2026-08-05T08:00:00+08:00
230100,2026-08-04,novelty,46.5,2026-08-05T08:00:00+08:00,https://example.gov.cn/panel/230100,2026-08-04T18:00:00+08:00,2026-08-05T08:00:00+08:00
230100,2026-08-04,cross_region_spread,43.4,2026-08-05T08:00:00+08:00,https://example.gov.cn/panel/230100,2026-08-04T18:00:00+08:00,2026-08-05T08:00:00+08:00
230100,2026-08-04,risk_pressure,26,2026-08-05T08:00:00+08:00,https://example.gov.cn/panel/230100,2026-08-04T18:00:00+08:00,2026-08-05T08:00:00+08:00
230100,2026-08-05,content_growth,51.3,2026-08-06T08:00:00+08:00,https://example.gov.cn/panel/230100,2026-08-05T18:00:00+08:00,2026-08-06T08:00:00+08:00
230100,2026-08-05,search_growth,49.3,2026-08-06T08:00:00+08:00,https://example.gov.cn/panel/230100,2026-08-05T18:00:00+08:00,2026-08-06T08:00:00+08:00
230100,2026-08-05,event_trigger,46.2,2026-08-06T08:00:00+08:00,https://example.gov.cn/panel/230100,2026-08-05T18:00:00+08:00,2026-08-06T08:00:00+08:00
230100,2026-08-05,accessibility,38.5,2026-08-06T08:00:00+08:00,https://example.gov.cn/panel/230100,2026-08-05T18:00:00+08:00,2026-08-06T08:00:00+08:00
230100,2026-08-05,supply_capacity,34.9,2026-08-06T08:00:00+08:00,https://example.gov.cn/panel/230100,2026-08-05T18:00:00+08:00,2026-08-06T08:00:00+08:00
230100,2026-08-05,weather_fit,40.0,2026-08-06T08:00:00+08:00,https://example.gov.cn/panel/230100,2026-08-05T18:00:00+08:00,2026-08-06T08:00:00+08:00
230100,2026-08-05,novelty,47.2,2026-08-06T08:00:00+08:00,https://example.gov.cn/panel/230100,2026-08-05T18:00:00+08:00,2026-08-06T08:00:00+08:00
230100,2026-08-05,cross_region_spread,44.1,2026-08-06T08:00:00+08:00,https://example.gov.cn/panel/230100,2026-08-05T18:00:00+08:00,2026-08-06T08:00:00+08:00
230100,2026-08-05,risk_pressure,26,2026-08-06T08:00:00+08:00,https://example.gov.cn/panel/230100,2026-08-05T18:00:00+08:00,2026-08-06T08:00:00+08:00
230100,2026-08-06,content_growth,52.1,2026-08-07T08:00:00+08:00,https://example.gov.cn/panel/230100,2026-08-06T18:00:00+08:00,2026-08-07T08:00:00+08:00
230100,2026-08-06,search_growth,50.0,2026-08-07T08:00:00+08:00,https://example.gov.cn/panel/230100,2026-08-06T18:00:00+08:00,2026-08-07T08:00:00+08:00
230100,2026-08-06,event_trigger,46.9,2026-08-07T08:00:00+08:00,https://example.gov.cn/panel/230100,2026-08-06T18:00:00+08:00,2026-08-07T08:00:00+08:00
230100,2026-08-06,accessibility,39.1,2026-08-07T08:00:00+08:00,https://example.gov.cn/panel/230100,2026-08-06T18:00:00+08:00,2026-08-07T08:00:00+08:00
230100,2026-08-06,supply_capacity,35.4,2026-08-07T08:00:00+08:00,https://example.gov.cn/panel/230100,2026-08-06T18:00:00+08:00,2026-08-07T08:00:00+08:00
230100,2026-08-06,weather_fit,40.6,2026-08-07T08:00:00+08:00,https://example.gov.cn/panel/230100,2026-08-06T18:00:00+08:00,2026-08-07T08:00:00+08:00
230100,2026-08-06,novelty,47.9,2026-08-07T08:00:00+08:00,https://example.gov.cn/panel/230100,2026-08-06T18:00:00+08:00,2026-08-07T08:00:00+08:00
230100,2026-08-06,cross_region_spread,44.8,2026-08-07T08:00:00+08:00,https://example.gov.cn/panel/230100,2026-08-06T18:00:00+08:00,2026-08-07T08:00:00+08:00
230100,2026-08-06,risk_pressure,26,2026-08-07T08:00:00+08:00,https://example.gov.cn/panel/230100,2026-08-06T18:00:00+08:00,2026-08-07T08:00:00+08:00
230100,2026-08-07,content_growth,52.9,2026-08-08T08:00:00+08:00,https://example.gov.cn/panel/230100,2026-08-07T18:00:00+08:00,2026-08-08T08:00:00+08:00
230100,2026-08-07,search_growth,50.7,2026-08-08T08:00:00+08:00,https://example.gov.cn/panel/230100,2026-08-07T18:00:00+08:00,2026-08-08T08:00:00+08:00
230100,2026-08-07,event_trigger,47.6,2026-08-08T08:00:00+08:00,https://example.gov.cn/panel/230100,2026-08-07T18:00:00+08:00,2026-08-08T08:00:00+08:00
230100,2026-08-07,accessibility,39.6,2026-08-08T08:00:00+08:00,https://example.gov.cn/panel/230100,2026-08-07T18:00:00+08:00,2026-08-08T08:00:00+08:00
230100,2026-08-07,supply_capacity,35.9,2026-08-08T08:00:00+08:00,https://example.gov.cn/panel/230100,2026-08-07T18:00:00+08:00,2026-08-08T08:00:00+08:00
230100,2026-08-07,weather_fit,41.2,2026-08-08T08:00:00+08:00,https://example.gov.cn/panel/230100,2026-08-07T18:00:00+08:00,2026-08-08T08:00:00+08:00
230100,2026-08-07,novelty,48.6,2026-08-08T08:00:00+08:00,https://example.gov.cn/panel/230100,2026-08-07T18:00:00+08:00,2026-08-08T08:00:00+08:00
230100,2026-08-07,cross_region_spread,45.5,2026-08-08T08:00:00+08:00,https://example.gov.cn/panel/230100,2026-08-07T18:00:00+08:00,2026-08-08T08:00:00+08:00
230100,2026-08-07,risk_pressure,26,2026-08-08T08:00:00+08:00,https://example.gov.cn/panel/230100,2026-08-07T18:00:00+08:00,2026-08-08T08:00:00+08:00
230100,2026-08-08,content_growth,53.6,2026-08-09T08:00:00+08:00,https://example.gov.cn/panel/230100,2026-08-08T18:00:00+08:00,2026-08-09T08:00:00+08:00
230100,2026-08-08,search_growth,51.5,2026-08-09T08:00:00+08:00,https://example.gov.cn/panel/230100,2026-08-08T18:00:00+08:00,2026-08-09T08:00:00+08:00
230100,2026-08-08,event_trigger,48.3,2026-08-09T08:00:00+08:00,https://example.gov.cn/panel/230100,2026-08-08T18:00:00+08:00,2026-08-09T08:00:00+08:00
230100,2026-08-08,accessibility,40.2,2026-08-09T08:00:00+08:00,https://example.gov.cn/panel/230100,2026-08-08T18:00:00+08:00,2026-08-09T08:00:00+08:00
230100,2026-08-08,supply_capacity,36.5,2026-08-09T08:00:00+08:00,https://example.gov.cn/panel/230100,2026-08-08T18:00:00+08:00,2026-08-09T08:00:00+08:00
230100,2026-08-08,weather_fit,41.8,2026-08-09T08:00:00+08:00,https://example.gov.cn/panel/230100,2026-08-08T18:00:00+08:00,2026-08-09T08:00:00+08:00
230100,2026-08-08,novelty,49.4,2026-08-09T08:00:00+08:00,https://example.gov.cn/panel/230100,2026-08-08T18:00:00+08:00,2026-08-09T08:00:00+08:00
230100,2026-08-08,cross_region_spread,46.1,2026-08-09T08:00:00+08:00,https://example.gov.cn/panel/230100,2026-08-08T18:00:00+08:00,2026-08-09T08:00:00+08:00
230100,2026-08-08,risk_pressure,26,2026-08-09T08:00:00+08:00,https://example.gov.cn/panel/230100,2026-08-08T18:00:00+08:00,2026-08-09T08:00:00+08:00
230100,2026-08-09,content_growth,54.4,2026-08-10T08:00:00+08:00,https://example.gov.cn/panel/230100,2026-08-09T18:00:00+08:00,2026-08-10T08:00:00+08:00
230100,2026-08-09,search_growth,52.2,2026-08-10T08:00:00+08:00,https://example.gov.cn/panel/230100,2026-08-09T18:00:00+08:00,2026-08-10T08:00:00+08:00
230100,2026-08-09,event_trigger,49.0,2026-08-10T08:00:00+08:00,https://example.gov.cn/panel/230100,2026-08-09T18:00:00+08:00,2026-08-10T08:00:00+08:00
230100,2026-08-09,accessibility,40.8,2026-08-10T08:00:00+08:00,https://example.gov.cn/panel/230100,2026-08-09T18:00:00+08:00,2026-08-10T08:00:00+08:00
230100,2026-08-09,supply_capacity,37.0,2026-08-10T08:00:00+08:00,https://example.gov.cn/panel/230100,2026-08-09T18:00:00+08:00,2026-08-10T08:00:00+08:00
230100,2026-08-09,weather_fit,42.5,2026-08-10T08:00:00+08:00,https://example.gov.cn/panel/230100,2026-08-09T18:00:00+08:00,2026-08-10T08:00:00+08:00
230100,2026-08-09,novelty,50.1,2026-08-10T08:00:00+08:00,https://example.gov.cn/panel/230100,2026-08-09T18:00:00+08:00,2026-08-10T08:00:00+08:00
230100,2026-08-09,cross_region_spread,46.8,2026-08-10T08:00:00+08:00,https://example.gov.cn/panel/230100,2026-08-09T18:00:00+08:00,2026-08-10T08:00:00+08:00
230100,2026-08-09,risk_pressure,26,2026-08-10T08:00:00+08:00,https://example.gov.cn/panel/230100,2026-08-09T18:00:00+08:00,2026-08-10T08:00:00+08:00
230100,2026-08-10,content_growth,55.2,2026-08-11T08:00:00+08:00,https://example.gov.cn/panel/230100,2026-08-10T18:00:00+08:00,2026-08-11T08:00:00+08:00
230100,2026-08-10,search_growth,53.0,2026-08-11T08:00:00+08:00,https://example.gov.cn/panel/230100,2026-08-10T18:00:00+08:00,2026-08-11T08:00:00+08:00
230100,2026-08-10,event_trigger,49.7,2026-08-11T08:00:00+08:00,https://example.gov.cn/panel/230100,2026-08-10T18:00:00+08:00,2026-08-11T08:00:00+08:00
230100,2026-08-10,accessibility,41.4,2026-08-11T08:00:00+08:00,https://example.gov.cn/panel/230100,2026-08-10T18:00:00+08:00,2026-08-11T08:00:00+08:00
230100,2026-08-10,supply_capacity,37.5,2026-08-11T08:00:00+08:00,https://example.gov.cn/panel/230100,2026-08-10T18:00:00+08:00,2026-08-11T08:00:00+08:00
230100,2026-08-10,weather_fit,43.1,2026-08-11T08:00:00+08:00,https://example.gov.cn/panel/230100,2026-08-10T18:00:00+08:00,2026-08-11T08:00:00+08:00
230100,2026-08-10,novelty,50.8,2026-08-11T08:00:00+08:00,https://example.gov.cn/panel/230100,2026-08-10T18:00:00+08:00,2026-08-11T08:00:00+08:00
230100,2026-08-10,cross_region_spread,47.5,2026-08-11T08:00:00+08:00,https://example.gov.cn/panel/230100,2026-08-10T18:00:00+08:00,2026-08-11T08:00:00+08:00
230100,2026-08-10,risk_pressure,26,2026-08-11T08:00:00+08:00,https://example.gov.cn/panel/230100,2026-08-10T18:00:00+08:00,2026-08-11T08:00:00+08:00
230100,2026-08-11,content_growth,56.0,2026-08-12T08:00:00+08:00,https://example.gov.cn/panel/230100,2026-08-11T18:00:00+08:00,2026-08-12T08:00:00+08:00
230100,2026-08-11,search_growth,53.7,2026-08-12T08:00:00+08:00,https://example.gov.cn/panel/230100,2026-08-11T18:00:00+08:00,2026-08-12T08:00:00+08:00
230100,2026-08-11,event_trigger,50.4,2026-08-12T08:00:00+08:00,https://example.gov.cn/panel/230100,2026-08-11T18:00:00+08:00,2026-08-12T08:00:00+08:00
230100,2026-08-11,accessibility,42.0,2026-08-12T08:00:00+08:00,https://example.gov.cn/panel/230100,2026-08-11T18:00:00+08:00,2026-08-12T08:00:00+08:00
230100,2026-08-11,supply_capacity,38.1,2026-08-12T08:00:00+08:00,https://example.gov.cn/panel/230100,2026-08-11T18:00:00+08:00,2026-08-12T08:00:00+08:00
230100,2026-08-11,weather_fit,43.7,2026-08-12T08:00:00+08:00,https://example.gov.cn/panel/230100,2026-08-11T18:00:00+08:00,2026-08-12T08:00:00+08:00
230100,2026-08-11,novelty,51.5,2026-08-12T08:00:00+08:00,https://example.gov.cn/panel/230100,2026-08-11T18:00:00+08:00,2026-08-12T08:00:00+08:00
230100,2026-08-11,cross_region_spread,48.1,2026-08-12T08:00:00+08:00,https://example.gov.cn/panel/230100,2026-08-11T18:00:00+08:00,2026-08-12T08:00:00+08:00
230100,2026-08-11,risk_pressure,26,2026-08-12T08:00:00+08:00,https://example.gov.cn/panel/230100,2026-08-11T18:00:00+08:00,2026-08-12T08:00:00+08:00
230100,2026-08-12,content_growth,56.8,2026-08-13T08:00:00+08:00,https://example.gov.cn/panel/230100,2026-08-12T18:00:00+08:00,2026-08-13T08:00:00+08:00
230100,2026-08-12,search_growth,54.5,2026-08-13T08:00:00+08:00,https://example.gov.cn/panel/230100,2026-08-12T18:00:00+08:00,2026-08-13T08:00:00+08:00
230100,2026-08-12,event_trigger,51.1,2026-08-13T08:00:00+08:00,https://example.gov.cn/panel/230100,2026-08-12T18:00:00+08:00,2026-08-13T08:00:00+08:00
230100,2026-08-12,accessibility,42.6,2026-08-13T08:00:00+08:00,https://example.gov.cn/panel/230100,2026-08-12T18:00:00+08:00,2026-08-13T08:00:00+08:00
230100,2026-08-12,supply_capacity,38.6,2026-08-13T08:00:00+08:00,https://example.gov.cn/panel/230100,2026-08-12T18:00:00+08:00,2026-08-13T08:00:00+08:00
230100,2026-08-12,weather_fit,44.3,2026-08-13T08:00:00+08:00,https://example.gov.cn/panel/230100,2026-08-12T18:00:00+08:00,2026-08-13T08:00:00+08:00
230100,2026-08-12,novelty,52.2,2026-08-13T08:00:00+08:00,https://example.gov.cn/panel/230100,2026-08-12T18:00:00+08:00,2026-08-13T08:00:00+08:00
230100,2026-08-12,cross_region_spread,48.8,2026-08-13T08:00:00+08:00,https://example.gov.cn/panel/230100,2026-08-12T18:00:00+08:00,2026-08-13T08:00:00+08:00
230100,2026-08-12,risk_pressure,26,2026-08-13T08:00:00+08:00,https://example.gov.cn/panel/230100,2026-08-12T18:00:00+08:00,2026-08-13T08:00:00+08:00
230100,2026-08-13,content_growth,56.8,2026-08-14T08:00:00+08:00,https://example.gov.cn/panel/230100,2026-08-13T18:00:00+08:00,2026-08-14T08:00:00+08:00
230100,2026-08-13,search_growth,54.5,2026-08-14T08:00:00+08:00,https://example.gov.cn/panel/230100,2026-08-13T18:00:00+08:00,2026-08-14T08:00:00+08:00
230100,2026-08-13,event_trigger,51.1,2026-08-14T08:00:00+08:00,https://example.gov.cn/panel/230100,2026-08-13T18:00:00+08:00,2026-08-14T08:00:00+08:00
230100,2026-08-13,accessibility,42.6,2026-08-14T08:00:00+08:00,https://example.gov.cn/panel/230100,2026-08-13T18:00:00+08:00,2026-08-14T08:00:00+08:00
230100,2026-08-13,supply_capacity,38.6,2026-08-14T08:00:00+08:00,https://example.gov.cn/panel/230100,2026-08-13T18:00:00+08:00,2026-08-14T08:00:00+08:00
230100,2026-08-13,weather_fit,44.3,2026-08-14T08:00:00+08:00,https://example.gov.cn/panel/230100,2026-08-13T18:00:00+08:00,2026-08-14T08:00:00+08:00
230100,2026-08-13,novelty,52.2,2026-08-14T08:00:00+08:00,https://example.gov.cn/panel/230100,2026-08-13T18:00:00+08:00,2026-08-14T08:00:00+08:00
230100,2026-08-13,cross_region_spread,48.8,2026-08-14T08:00:00+08:00,https://example.gov.cn/panel/230100,2026-08-13T18:00:00+08:00,2026-08-14T08:00:00+08:00
230100,2026-08-13,risk_pressure,26,2026-08-14T08:00:00+08:00,https://example.gov.cn/panel/230100,2026-08-13T18:00:00+08:00,2026-08-14T08:00:00+08:00
230100,2026-08-14,content_growth,56.8,2026-08-15T08:00:00+08:00,https://example.gov.cn/panel/230100,2026-08-14T18:00:00+08:00,2026-08-15T08:00:00+08:00
230100,2026-08-14,search_growth,54.5,2026-08-15T08:00:00+08:00,https://example.gov.cn/panel/230100,2026-08-14T18:00:00+08:00,2026-08-15T08:00:00+08:00
230100,2026-08-14,event_trigger,51.1,2026-08-15T08:00:00+08:00,https://example.gov.cn/panel/230100,2026-08-14T18:00:00+08:00,2026-08-15T08:00:00+08:00
230100,2026-08-14,accessibility,42.6,2026-08-15T08:00:00+08:00,https://example.gov.cn/panel/230100,2026-08-14T18:00:00+08:00,2026-08-15T08:00:00+08:00
230100,2026-08-14,supply_capacity,38.6,2026-08-15T08:00:00+08:00,https://example.gov.cn/panel/230100,2026-08-14T18:00:00+08:00,2026-08-15T08:00:00+08:00
230100,2026-08-14,weather_fit,44.3,2026-08-15T08:00:00+08:00,https://example.gov.cn/panel/230100,2026-08-14T18:00:00+08:00,2026-08-15T08:00:00+08:00
230100,2026-08-14,novelty,52.2,2026-08-15T08:00:00+08:00,https://example.gov.cn/panel/230100,2026-08-14T18:00:00+08:00,2026-08-15T08:00:00+08:00
230100,2026-08-14,cross_region_spread,48.8,2026-08-15T08:00:00+08:00,https://example.gov.cn/panel/230100,2026-08-14T18:00:00+08:00,2026-08-15T08:00:00+08:00
230100,2026-08-14,risk_pressure,26,2026-08-15T08:00:00+08:00,https://example.gov.cn/panel/230100,2026-08-14T18:00:00+08:00,2026-08-15T08:00:00+08:00
410200,2026-07-03,content_growth,24.8,2026-07-04T08:00:00+08:00,https://example.gov.cn/panel/410200,2026-07-03T18:00:00+08:00,2026-07-04T08:00:00+08:00
410200,2026-07-03,search_growth,23.8,2026-07-04T08:00:00+08:00,https://example.gov.cn/panel/410200,2026-07-03T18:00:00+08:00,2026-07-04T08:00:00+08:00
410200,2026-07-03,event_trigger,22.3,2026-07-04T08:00:00+08:00,https://example.gov.cn/panel/410200,2026-07-03T18:00:00+08:00,2026-07-04T08:00:00+08:00
410200,2026-07-03,accessibility,18.6,2026-07-04T08:00:00+08:00,https://example.gov.cn/panel/410200,2026-07-03T18:00:00+08:00,2026-07-04T08:00:00+08:00
410200,2026-07-03,supply_capacity,16.8,2026-07-04T08:00:00+08:00,https://example.gov.cn/panel/410200,2026-07-03T18:00:00+08:00,2026-07-04T08:00:00+08:00
410200,2026-07-03,weather_fit,19.3,2026-07-04T08:00:00+08:00,https://example.gov.cn/panel/410200,2026-07-03T18:00:00+08:00,2026-07-04T08:00:00+08:00
410200,2026-07-03,novelty,22.8,2026-07-04T08:00:00+08:00,https://example.gov.cn/panel/410200,2026-07-03T18:00:00+08:00,2026-07-04T08:00:00+08:00
410200,2026-07-03,cross_region_spread,21.3,2026-07-04T08:00:00+08:00,https://example.gov.cn/panel/410200,2026-07-03T18:00:00+08:00,2026-07-04T08:00:00+08:00
410200,2026-07-03,risk_pressure,26,2026-07-04T08:00:00+08:00,https://example.gov.cn/panel/410200,2026-07-03T18:00:00+08:00,2026-07-04T08:00:00+08:00
410200,2026-07-04,content_growth,25.5,2026-07-05T08:00:00+08:00,https://example.gov.cn/panel/410200,2026-07-04T18:00:00+08:00,2026-07-05T08:00:00+08:00
410200,2026-07-04,search_growth,24.5,2026-07-05T08:00:00+08:00,https://example.gov.cn/panel/410200,2026-07-04T18:00:00+08:00,2026-07-05T08:00:00+08:00
410200,2026-07-04,event_trigger,23.0,2026-07-05T08:00:00+08:00,https://example.gov.cn/panel/410200,2026-07-04T18:00:00+08:00,2026-07-05T08:00:00+08:00
410200,2026-07-04,accessibility,19.2,2026-07-05T08:00:00+08:00,https://example.gov.cn/panel/410200,2026-07-04T18:00:00+08:00,2026-07-05T08:00:00+08:00
410200,2026-07-04,supply_capacity,17.4,2026-07-05T08:00:00+08:00,https://example.gov.cn/panel/410200,2026-07-04T18:00:00+08:00,2026-07-05T08:00:00+08:00
410200,2026-07-04,weather_fit,19.9,2026-07-05T08:00:00+08:00,https://example.gov.cn/panel/410200,2026-07-04T18:00:00+08:00,2026-07-05T08:00:00+08:00
410200,2026-07-04,novelty,23.5,2026-07-05T08:00:00+08:00,https://example.gov.cn/panel/410200,2026-07-04T18:00:00+08:00,2026-07-05T08:00:00+08:00
410200,2026-07-04,cross_region_spread,22.0,2026-07-05T08:00:00+08:00,https://example.gov.cn/panel/410200,2026-07-04T18:00:00+08:00,2026-07-05T08:00:00+08:00
410200,2026-07-04,risk_pressure,26,2026-07-05T08:00:00+08:00,https://example.gov.cn/panel/410200,2026-07-04T18:00:00+08:00,2026-07-05T08:00:00+08:00
410200,2026-07-05,content_growth,26.3,2026-07-06T08:00:00+08:00,https://example.gov.cn/panel/410200,2026-07-05T18:00:00+08:00,2026-07-06T08:00:00+08:00
410200,2026-07-05,search_growth,25.2,2026-07-06T08:00:00+08:00,https://example.gov.cn/panel/410200,2026-07-05T18:00:00+08:00,2026-07-06T08:00:00+08:00
410200,2026-07-05,event_trigger,23.7,2026-07-06T08:00:00+08:00,https://example.gov.cn/panel/410200,2026-07-05T18:00:00+08:00,2026-07-06T08:00:00+08:00
410200,2026-07-05,accessibility,19.7,2026-07-06T08:00:00+08:00,https://example.gov.cn/panel/410200,2026-07-05T18:00:00+08:00,2026-07-06T08:00:00+08:00
410200,2026-07-05,supply_capacity,17.9,2026-07-06T08:00:00+08:00,https://example.gov.cn/panel/410200,2026-07-05T18:00:00+08:00,2026-07-06T08:00:00+08:00
410200,2026-07-05,weather_fit,20.5,2026-07-06T08:00:00+08:00,https://example.gov.cn/panel/410200,2026-07-05T18:00:00+08:00,2026-07-06T08:00:00+08:00
410200,2026-07-05,novelty,24.2,2026-07-06T08:00:00+08:00,https://example.gov.cn/panel/410200,2026-07-05T18:00:00+08:00,2026-07-06T08:00:00+08:00
410200,2026-07-05,cross_region_spread,22.6,2026-07-06T08:00:00+08:00,https://example.gov.cn/panel/410200,2026-07-05T18:00:00+08:00,2026-07-06T08:00:00+08:00
410200,2026-07-05,risk_pressure,26,2026-07-06T08:00:00+08:00,https://example.gov.cn/panel/410200,2026-07-05T18:00:00+08:00,2026-07-06T08:00:00+08:00
410200,2026-07-06,content_growth,27.0,2026-07-07T08:00:00+08:00,https://example.gov.cn/panel/410200,2026-07-06T18:00:00+08:00,2026-07-07T08:00:00+08:00
410200,2026-07-06,search_growth,26.0,2026-07-07T08:00:00+08:00,https://example.gov.cn/panel/410200,2026-07-06T18:00:00+08:00,2026-07-07T08:00:00+08:00
410200,2026-07-06,event_trigger,24.3,2026-07-07T08:00:00+08:00,https://example.gov.cn/panel/410200,2026-07-06T18:00:00+08:00,2026-07-07T08:00:00+08:00
410200,2026-07-06,accessibility,20.3,2026-07-07T08:00:00+08:00,https://example.gov.cn/panel/410200,2026-07-06T18:00:00+08:00,2026-07-07T08:00:00+08:00
410200,2026-07-06,supply_capacity,18.4,2026-07-07T08:00:00+08:00,https://example.gov.cn/panel/410200,2026-07-06T18:00:00+08:00,2026-07-07T08:00:00+08:00
410200,2026-07-06,weather_fit,21.1,2026-07-07T08:00:00+08:00,https://example.gov.cn/panel/410200,2026-07-06T18:00:00+08:00,2026-07-07T08:00:00+08:00
410200,2026-07-06,novelty,24.9,2026-07-07T08:00:00+08:00,https://example.gov.cn/panel/410200,2026-07-06T18:00:00+08:00,2026-07-07T08:00:00+08:00
410200,2026-07-06,cross_region_spread,23.3,2026-07-07T08:00:00+08:00,https://example.gov.cn/panel/410200,2026-07-06T18:00:00+08:00,2026-07-07T08:00:00+08:00
410200,2026-07-06,risk_pressure,26,2026-07-07T08:00:00+08:00,https://example.gov.cn/panel/410200,2026-07-06T18:00:00+08:00,2026-07-07T08:00:00+08:00
410200,2026-07-07,content_growth,27.8,2026-07-08T08:00:00+08:00,https://example.gov.cn/panel/410200,2026-07-07T18:00:00+08:00,2026-07-08T08:00:00+08:00
410200,2026-07-07,search_growth,26.7,2026-07-08T08:00:00+08:00,https://example.gov.cn/panel/410200,2026-07-07T18:00:00+08:00,2026-07-08T08:00:00+08:00
410200,2026-07-07,event_trigger,25.0,2026-07-08T08:00:00+08:00,https://example.gov.cn/panel/410200,2026-07-07T18:00:00+08:00,2026-07-08T08:00:00+08:00
410200,2026-07-07,accessibility,20.9,2026-07-08T08:00:00+08:00,https://example.gov.cn/panel/410200,2026-07-07T18:00:00+08:00,2026-07-08T08:00:00+08:00
410200,2026-07-07,supply_capacity,18.9,2026-07-08T08:00:00+08:00,https://example.gov.cn/panel/410200,2026-07-07T18:00:00+08:00,2026-07-08T08:00:00+08:00
410200,2026-07-07,weather_fit,21.7,2026-07-08T08:00:00+08:00,https://example.gov.cn/panel/410200,2026-07-07T18:00:00+08:00,2026-07-08T08:00:00+08:00
410200,2026-07-07,novelty,25.6,2026-07-08T08:00:00+08:00,https://example.gov.cn/panel/410200,2026-07-07T18:00:00+08:00,2026-07-08T08:00:00+08:00
410200,2026-07-07,cross_region_spread,23.9,2026-07-08T08:00:00+08:00,https://example.gov.cn/panel/410200,2026-07-07T18:00:00+08:00,2026-07-08T08:00:00+08:00
410200,2026-07-07,risk_pressure,26,2026-07-08T08:00:00+08:00,https://example.gov.cn/panel/410200,2026-07-07T18:00:00+08:00,2026-07-08T08:00:00+08:00
410200,2026-07-08,content_growth,28.6,2026-07-09T08:00:00+08:00,https://example.gov.cn/panel/410200,2026-07-08T18:00:00+08:00,2026-07-09T08:00:00+08:00
410200,2026-07-08,search_growth,27.4,2026-07-09T08:00:00+08:00,https://example.gov.cn/panel/410200,2026-07-08T18:00:00+08:00,2026-07-09T08:00:00+08:00
410200,2026-07-08,event_trigger,25.7,2026-07-09T08:00:00+08:00,https://example.gov.cn/panel/410200,2026-07-08T18:00:00+08:00,2026-07-09T08:00:00+08:00
410200,2026-07-08,accessibility,21.4,2026-07-09T08:00:00+08:00,https://example.gov.cn/panel/410200,2026-07-08T18:00:00+08:00,2026-07-09T08:00:00+08:00
410200,2026-07-08,supply_capacity,19.4,2026-07-09T08:00:00+08:00,https://example.gov.cn/panel/410200,2026-07-08T18:00:00+08:00,2026-07-09T08:00:00+08:00
410200,2026-07-08,weather_fit,22.3,2026-07-09T08:00:00+08:00,https://example.gov.cn/panel/410200,2026-07-08T18:00:00+08:00,2026-07-09T08:00:00+08:00
410200,2026-07-08,novelty,26.3,2026-07-09T08:00:00+08:00,https://example.gov.cn/panel/410200,2026-07-08T18:00:00+08:00,2026-07-09T08:00:00+08:00
410200,2026-07-08,cross_region_spread,24.6,2026-07-09T08:00:00+08:00,https://example.gov.cn/panel/410200,2026-07-08T18:00:00+08:00,2026-07-09T08:00:00+08:00
410200,2026-07-08,risk_pressure,26,2026-07-09T08:00:00+08:00,https://example.gov.cn/panel/410200,2026-07-08T18:00:00+08:00,2026-07-09T08:00:00+08:00
410200,2026-07-09,content_growth,29.3,2026-07-10T08:00:00+08:00,https://example.gov.cn/panel/410200,2026-07-09T18:00:00+08:00,2026-07-10T08:00:00+08:00
410200,2026-07-09,search_growth,28.1,2026-07-10T08:00:00+08:00,https://example.gov.cn/panel/410200,2026-07-09T18:00:00+08:00,2026-07-10T08:00:00+08:00
410200,2026-07-09,event_trigger,26.4,2026-07-10T08:00:00+08:00,https://example.gov.cn/panel/410200,2026-07-09T18:00:00+08:00,2026-07-10T08:00:00+08:00
410200,2026-07-09,accessibility,22.0,2026-07-10T08:00:00+08:00,https://example.gov.cn/panel/410200,2026-07-09T18:00:00+08:00,2026-07-10T08:00:00+08:00
410200,2026-07-09,supply_capacity,19.9,2026-07-10T08:00:00+08:00,https://example.gov.cn/panel/410200,2026-07-09T18:00:00+08:00,2026-07-10T08:00:00+08:00
410200,2026-07-09,weather_fit,22.9,2026-07-10T08:00:00+08:00,https://example.gov.cn/panel/410200,2026-07-09T18:00:00+08:00,2026-07-10T08:00:00+08:00
410200,2026-07-09,novelty,27.0,2026-07-10T08:00:00+08:00,https://example.gov.cn/panel/410200,2026-07-09T18:00:00+08:00,2026-07-10T08:00:00+08:00
410200,2026-07-09,cross_region_spread,25.2,2026-07-10T08:00:00+08:00,https://example.gov.cn/panel/410200,2026-07-09T18:00:00+08:00,2026-07-10T08:00:00+08:00
410200,2026-07-09,risk_pressure,26,2026-07-10T08:00:00+08:00,https://example.gov.cn/panel/410200,2026-07-09T18:00:00+08:00,2026-07-10T08:00:00+08:00
410200,2026-07-10,content_growth,30.1,2026-07-11T08:00:00+08:00,https://example.gov.cn/panel/410200,2026-07-10T18:00:00+08:00,2026-07-11T08:00:00+08:00
410200,2026-07-10,search_growth,28.9,2026-07-11T08:00:00+08:00,https://example.gov.cn/panel/410200,2026-07-10T18:00:00+08:00,2026-07-11T08:00:00+08:00
410200,2026-07-10,event_trigger,27.1,2026-07-11T08:00:00+08:00,https://example.gov.cn/panel/410200,2026-07-10T18:00:00+08:00,2026-07-11T08:00:00+08:00
410200,2026-07-10,accessibility,22.6,2026-07-11T08:00:00+08:00,https://example.gov.cn/panel/410200,2026-07-10T18:00:00+08:00,2026-07-11T08:00:00+08:00
410200,2026-07-10,supply_capacity,20.5,2026-07-11T08:00:00+08:00,https://example.gov.cn/panel/410200,2026-07-10T18:00:00+08:00,2026-07-11T08:00:00+08:00
410200,2026-07-10,weather_fit,23.5,2026-07-11T08:00:00+08:00,https://example.gov.cn/panel/410200,2026-07-10T18:00:00+08:00,2026-07-11T08:00:00+08:00
410200,2026-07-10,novelty,27.7,2026-07-11T08:00:00+08:00,https://example.gov.cn/panel/410200,2026-07-10T18:00:00+08:00,2026-07-11T08:00:00+08:00
410200,2026-07-10,cross_region_spread,25.9,2026-07-11T08:00:00+08:00,https://example.gov.cn/panel/410200,2026-07-10T18:00:00+08:00,2026-07-11T08:00:00+08:00
410200,2026-07-10,risk_pressure,26,2026-07-11T08:00:00+08:00,https://example.gov.cn/panel/410200,2026-07-10T18:00:00+08:00,2026-07-11T08:00:00+08:00
410200,2026-07-11,content_growth,30.8,2026-07-12T08:00:00+08:00,https://example.gov.cn/panel/410200,2026-07-11T18:00:00+08:00,2026-07-12T08:00:00+08:00
410200,2026-07-11,search_growth,29.6,2026-07-12T08:00:00+08:00,https://example.gov.cn/panel/410200,2026-07-11T18:00:00+08:00,2026-07-12T08:00:00+08:00
410200,2026-07-11,event_trigger,27.8,2026-07-12T08:00:00+08:00,https://example.gov.cn/panel/410200,2026-07-11T18:00:00+08:00,2026-07-12T08:00:00+08:00
410200,2026-07-11,accessibility,23.1,2026-07-12T08:00:00+08:00,https://example.gov.cn/panel/410200,2026-07-11T18:00:00+08:00,2026-07-12T08:00:00+08:00
410200,2026-07-11,supply_capacity,21.0,2026-07-12T08:00:00+08:00,https://example.gov.cn/panel/410200,2026-07-11T18:00:00+08:00,2026-07-12T08:00:00+08:00
410200,2026-07-11,weather_fit,24.1,2026-07-12T08:00:00+08:00,https://example.gov.cn/panel/410200,2026-07-11T18:00:00+08:00,2026-07-12T08:00:00+08:00
410200,2026-07-11,novelty,28.4,2026-07-12T08:00:00+08:00,https://example.gov.cn/panel/410200,2026-07-11T18:00:00+08:00,2026-07-12T08:00:00+08:00
410200,2026-07-11,cross_region_spread,26.5,2026-07-12T08:00:00+08:00,https://example.gov.cn/panel/410200,2026-07-11T18:00:00+08:00,2026-07-12T08:00:00+08:00
410200,2026-07-11,risk_pressure,26,2026-07-12T08:00:00+08:00,https://example.gov.cn/panel/410200,2026-07-11T18:00:00+08:00,2026-07-12T08:00:00+08:00
410200,2026-07-12,content_growth,31.6,2026-07-13T08:00:00+08:00,https://example.gov.cn/panel/410200,2026-07-12T18:00:00+08:00,2026-07-13T08:00:00+08:00
410200,2026-07-12,search_growth,30.3,2026-07-13T08:00:00+08:00,https://example.gov.cn/panel/410200,2026-07-12T18:00:00+08:00,2026-07-13T08:00:00+08:00
410200,2026-07-12,event_trigger,28.4,2026-07-13T08:00:00+08:00,https://example.gov.cn/panel/410200,2026-07-12T18:00:00+08:00,2026-07-13T08:00:00+08:00
410200,2026-07-12,accessibility,23.7,2026-07-13T08:00:00+08:00,https://example.gov.cn/panel/410200,2026-07-12T18:00:00+08:00,2026-07-13T08:00:00+08:00
410200,2026-07-12,supply_capacity,21.5,2026-07-13T08:00:00+08:00,https://example.gov.cn/panel/410200,2026-07-12T18:00:00+08:00,2026-07-13T08:00:00+08:00
410200,2026-07-12,weather_fit,24.6,2026-07-13T08:00:00+08:00,https://example.gov.cn/panel/410200,2026-07-12T18:00:00+08:00,2026-07-13T08:00:00+08:00
410200,2026-07-12,novelty,29.1,2026-07-13T08:00:00+08:00,https://example.gov.cn/panel/410200,2026-07-12T18:00:00+08:00,2026-07-13T08:00:00+08:00
410200,2026-07-12,cross_region_spread,27.2,2026-07-13T08:00:00+08:00,https://example.gov.cn/panel/410200,2026-07-12T18:00:00+08:00,2026-07-13T08:00:00+08:00
410200,2026-07-12,risk_pressure,26,2026-07-13T08:00:00+08:00,https://example.gov.cn/panel/410200,2026-07-12T18:00:00+08:00,2026-07-13T08:00:00+08:00
410200,2026-07-13,content_growth,32.3,2026-07-14T08:00:00+08:00,https://example.gov.cn/panel/410200,2026-07-13T18:00:00+08:00,2026-07-14T08:00:00+08:00
410200,2026-07-13,search_growth,31.1,2026-07-14T08:00:00+08:00,https://example.gov.cn/panel/410200,2026-07-13T18:00:00+08:00,2026-07-14T08:00:00+08:00
410200,2026-07-13,event_trigger,29.1,2026-07-14T08:00:00+08:00,https://example.gov.cn/panel/410200,2026-07-13T18:00:00+08:00,2026-07-14T08:00:00+08:00
410200,2026-07-13,accessibility,24.3,2026-07-14T08:00:00+08:00,https://example.gov.cn/panel/410200,2026-07-13T18:00:00+08:00,2026-07-14T08:00:00+08:00
410200,2026-07-13,supply_capacity,22.0,2026-07-14T08:00:00+08:00,https://example.gov.cn/panel/410200,2026-07-13T18:00:00+08:00,2026-07-14T08:00:00+08:00
410200,2026-07-13,weather_fit,25.2,2026-07-14T08:00:00+08:00,https://example.gov.cn/panel/410200,2026-07-13T18:00:00+08:00,2026-07-14T08:00:00+08:00
410200,2026-07-13,novelty,29.8,2026-07-14T08:00:00+08:00,https://example.gov.cn/panel/410200,2026-07-13T18:00:00+08:00,2026-07-14T08:00:00+08:00
410200,2026-07-13,cross_region_spread,27.8,2026-07-14T08:00:00+08:00,https://example.gov.cn/panel/410200,2026-07-13T18:00:00+08:00,2026-07-14T08:00:00+08:00
410200,2026-07-13,risk_pressure,26,2026-07-14T08:00:00+08:00,https://example.gov.cn/panel/410200,2026-07-13T18:00:00+08:00,2026-07-14T08:00:00+08:00
410200,2026-07-14,content_growth,33.1,2026-07-15T08:00:00+08:00,https://example.gov.cn/panel/410200,2026-07-14T18:00:00+08:00,2026-07-15T08:00:00+08:00
410200,2026-07-14,search_growth,31.8,2026-07-15T08:00:00+08:00,https://example.gov.cn/panel/410200,2026-07-14T18:00:00+08:00,2026-07-15T08:00:00+08:00
410200,2026-07-14,event_trigger,29.8,2026-07-15T08:00:00+08:00,https://example.gov.cn/panel/410200,2026-07-14T18:00:00+08:00,2026-07-15T08:00:00+08:00
410200,2026-07-14,accessibility,24.8,2026-07-15T08:00:00+08:00,https://example.gov.cn/panel/410200,2026-07-14T18:00:00+08:00,2026-07-15T08:00:00+08:00
410200,2026-07-14,supply_capacity,22.5,2026-07-15T08:00:00+08:00,https://example.gov.cn/panel/410200,2026-07-14T18:00:00+08:00,2026-07-15T08:00:00+08:00
410200,2026-07-14,weather_fit,25.8,2026-07-15T08:00:00+08:00,https://example.gov.cn/panel/410200,2026-07-14T18:00:00+08:00,2026-07-15T08:00:00+08:00
410200,2026-07-14,novelty,30.5,2026-07-15T08:00:00+08:00,https://example.gov.cn/panel/410200,2026-07-14T18:00:00+08:00,2026-07-15T08:00:00+08:00
410200,2026-07-14,cross_region_spread,28.5,2026-07-15T08:00:00+08:00,https://example.gov.cn/panel/410200,2026-07-14T18:00:00+08:00,2026-07-15T08:00:00+08:00
410200,2026-07-14,risk_pressure,26,2026-07-15T08:00:00+08:00,https://example.gov.cn/panel/410200,2026-07-14T18:00:00+08:00,2026-07-15T08:00:00+08:00
410200,2026-07-15,content_growth,33.9,2026-07-16T08:00:00+08:00,https://example.gov.cn/panel/410200,2026-07-15T18:00:00+08:00,2026-07-16T08:00:00+08:00
410200,2026-07-15,search_growth,32.5,2026-07-16T08:00:00+08:00,https://example.gov.cn/panel/410200,2026-07-15T18:00:00+08:00,2026-07-16T08:00:00+08:00
410200,2026-07-15,event_trigger,30.5,2026-07-16T08:00:00+08:00,https://example.gov.cn/panel/410200,2026-07-15T18:00:00+08:00,2026-07-16T08:00:00+08:00
410200,2026-07-15,accessibility,25.4,2026-07-16T08:00:00+08:00,https://example.gov.cn/panel/410200,2026-07-15T18:00:00+08:00,2026-07-16T08:00:00+08:00
410200,2026-07-15,supply_capacity,23.0,2026-07-16T08:00:00+08:00,https://example.gov.cn/panel/410200,2026-07-15T18:00:00+08:00,2026-07-16T08:00:00+08:00
410200,2026-07-15,weather_fit,26.4,2026-07-16T08:00:00+08:00,https://example.gov.cn/panel/410200,2026-07-15T18:00:00+08:00,2026-07-16T08:00:00+08:00
410200,2026-07-15,novelty,31.2,2026-07-16T08:00:00+08:00,https://example.gov.cn/panel/410200,2026-07-15T18:00:00+08:00,2026-07-16T08:00:00+08:00
410200,2026-07-15,cross_region_spread,29.1,2026-07-16T08:00:00+08:00,https://example.gov.cn/panel/410200,2026-07-15T18:00:00+08:00,2026-07-16T08:00:00+08:00
410200,2026-07-15,risk_pressure,26,2026-07-16T08:00:00+08:00,https://example.gov.cn/panel/410200,2026-07-15T18:00:00+08:00,2026-07-16T08:00:00+08:00
410200,2026-07-16,content_growth,34.6,2026-07-17T08:00:00+08:00,https://example.gov.cn/panel/410200,2026-07-16T18:00:00+08:00,2026-07-17T08:00:00+08:00
410200,2026-07-16,search_growth,33.2,2026-07-17T08:00:00+08:00,https://example.gov.cn/panel/410200,2026-07-16T18:00:00+08:00,2026-07-17T08:00:00+08:00
410200,2026-07-16,event_trigger,31.2,2026-07-17T08:00:00+08:00,https://example.gov.cn/panel/410200,2026-07-16T18:00:00+08:00,2026-07-17T08:00:00+08:00
410200,2026-07-16,accessibility,26.0,2026-07-17T08:00:00+08:00,https://example.gov.cn/panel/410200,2026-07-16T18:00:00+08:00,2026-07-17T08:00:00+08:00
410200,2026-07-16,supply_capacity,23.5,2026-07-17T08:00:00+08:00,https://example.gov.cn/panel/410200,2026-07-16T18:00:00+08:00,2026-07-17T08:00:00+08:00
410200,2026-07-16,weather_fit,27.0,2026-07-17T08:00:00+08:00,https://example.gov.cn/panel/410200,2026-07-16T18:00:00+08:00,2026-07-17T08:00:00+08:00
410200,2026-07-16,novelty,31.9,2026-07-17T08:00:00+08:00,https://example.gov.cn/panel/410200,2026-07-16T18:00:00+08:00,2026-07-17T08:00:00+08:00
410200,2026-07-16,cross_region_spread,29.8,2026-07-17T08:00:00+08:00,https://example.gov.cn/panel/410200,2026-07-16T18:00:00+08:00,2026-07-17T08:00:00+08:00
410200,2026-07-16,risk_pressure,26,2026-07-17T08:00:00+08:00,https://example.gov.cn/panel/410200,2026-07-16T18:00:00+08:00,2026-07-17T08:00:00+08:00
410200,2026-07-17,content_growth,35.4,2026-07-18T08:00:00+08:00,https://example.gov.cn/panel/410200,2026-07-17T18:00:00+08:00,2026-07-18T08:00:00+08:00
410200,2026-07-17,search_growth,34.0,2026-07-18T08:00:00+08:00,https://example.gov.cn/panel/410200,2026-07-17T18:00:00+08:00,2026-07-18T08:00:00+08:00
410200,2026-07-17,event_trigger,31.8,2026-07-18T08:00:00+08:00,https://example.gov.cn/panel/410200,2026-07-17T18:00:00+08:00,2026-07-18T08:00:00+08:00
410200,2026-07-17,accessibility,26.5,2026-07-18T08:00:00+08:00,https://example.gov.cn/panel/410200,2026-07-17T18:00:00+08:00,2026-07-18T08:00:00+08:00
410200,2026-07-17,supply_capacity,24.1,2026-07-18T08:00:00+08:00,https://example.gov.cn/panel/410200,2026-07-17T18:00:00+08:00,2026-07-18T08:00:00+08:00
410200,2026-07-17,weather_fit,27.6,2026-07-18T08:00:00+08:00,https://example.gov.cn/panel/410200,2026-07-17T18:00:00+08:00,2026-07-18T08:00:00+08:00
410200,2026-07-17,novelty,32.5,2026-07-18T08:00:00+08:00,https://example.gov.cn/panel/410200,2026-07-17T18:00:00+08:00,2026-07-18T08:00:00+08:00
410200,2026-07-17,cross_region_spread,30.4,2026-07-18T08:00:00+08:00,https://example.gov.cn/panel/410200,2026-07-17T18:00:00+08:00,2026-07-18T08:00:00+08:00
410200,2026-07-17,risk_pressure,26,2026-07-18T08:00:00+08:00,https://example.gov.cn/panel/410200,2026-07-17T18:00:00+08:00,2026-07-18T08:00:00+08:00
410200,2026-07-18,content_growth,36.1,2026-07-19T08:00:00+08:00,https://example.gov.cn/panel/410200,2026-07-18T18:00:00+08:00,2026-07-19T08:00:00+08:00
410200,2026-07-18,search_growth,34.7,2026-07-19T08:00:00+08:00,https://example.gov.cn/panel/410200,2026-07-18T18:00:00+08:00,2026-07-19T08:00:00+08:00
410200,2026-07-18,event_trigger,32.5,2026-07-19T08:00:00+08:00,https://example.gov.cn/panel/410200,2026-07-18T18:00:00+08:00,2026-07-19T08:00:00+08:00
410200,2026-07-18,accessibility,27.1,2026-07-19T08:00:00+08:00,https://example.gov.cn/panel/410200,2026-07-18T18:00:00+08:00,2026-07-19T08:00:00+08:00
410200,2026-07-18,supply_capacity,24.6,2026-07-19T08:00:00+08:00,https://example.gov.cn/panel/410200,2026-07-18T18:00:00+08:00,2026-07-19T08:00:00+08:00
410200,2026-07-18,weather_fit,28.2,2026-07-19T08:00:00+08:00,https://example.gov.cn/panel/410200,2026-07-18T18:00:00+08:00,2026-07-19T08:00:00+08:00
410200,2026-07-18,novelty,33.2,2026-07-19T08:00:00+08:00,https://example.gov.cn/panel/410200,2026-07-18T18:00:00+08:00,2026-07-19T08:00:00+08:00
410200,2026-07-18,cross_region_spread,31.1,2026-07-19T08:00:00+08:00,https://example.gov.cn/panel/410200,2026-07-18T18:00:00+08:00,2026-07-19T08:00:00+08:00
410200,2026-07-18,risk_pressure,26,2026-07-19T08:00:00+08:00,https://example.gov.cn/panel/410200,2026-07-18T18:00:00+08:00,2026-07-19T08:00:00+08:00
410200,2026-07-19,content_growth,36.9,2026-07-20T08:00:00+08:00,https://example.gov.cn/panel/410200,2026-07-19T18:00:00+08:00,2026-07-20T08:00:00+08:00
410200,2026-07-19,search_growth,35.4,2026-07-20T08:00:00+08:00,https://example.gov.cn/panel/410200,2026-07-19T18:00:00+08:00,2026-07-20T08:00:00+08:00
410200,2026-07-19,event_trigger,33.2,2026-07-20T08:00:00+08:00,https://example.gov.cn/panel/410200,2026-07-19T18:00:00+08:00,2026-07-20T08:00:00+08:00
410200,2026-07-19,accessibility,27.7,2026-07-20T08:00:00+08:00,https://example.gov.cn/panel/410200,2026-07-19T18:00:00+08:00,2026-07-20T08:00:00+08:00
410200,2026-07-19,supply_capacity,25.1,2026-07-20T08:00:00+08:00,https://example.gov.cn/panel/410200,2026-07-19T18:00:00+08:00,2026-07-20T08:00:00+08:00
410200,2026-07-19,weather_fit,28.8,2026-07-20T08:00:00+08:00,https://example.gov.cn/panel/410200,2026-07-19T18:00:00+08:00,2026-07-20T08:00:00+08:00
410200,2026-07-19,novelty,33.9,2026-07-20T08:00:00+08:00,https://example.gov.cn/panel/410200,2026-07-19T18:00:00+08:00,2026-07-20T08:00:00+08:00
410200,2026-07-19,cross_region_spread,31.7,2026-07-20T08:00:00+08:00,https://example.gov.cn/panel/410200,2026-07-19T18:00:00+08:00,2026-07-20T08:00:00+08:00
410200,2026-07-19,risk_pressure,26,2026-07-20T08:00:00+08:00,https://example.gov.cn/panel/410200,2026-07-19T18:00:00+08:00,2026-07-20T08:00:00+08:00
410200,2026-07-20,content_growth,37.6,2026-07-21T08:00:00+08:00,https://example.gov.cn/panel/410200,2026-07-20T18:00:00+08:00,2026-07-21T08:00:00+08:00
410200,2026-07-20,search_growth,36.1,2026-07-21T08:00:00+08:00,https://example.gov.cn/panel/410200,2026-07-20T18:00:00+08:00,2026-07-21T08:00:00+08:00
410200,2026-07-20,event_trigger,33.9,2026-07-21T08:00:00+08:00,https://example.gov.cn/panel/410200,2026-07-20T18:00:00+08:00,2026-07-21T08:00:00+08:00
410200,2026-07-20,accessibility,28.2,2026-07-21T08:00:00+08:00,https://example.gov.cn/panel/410200,2026-07-20T18:00:00+08:00,2026-07-21T08:00:00+08:00
410200,2026-07-20,supply_capacity,25.6,2026-07-21T08:00:00+08:00,https://example.gov.cn/panel/410200,2026-07-20T18:00:00+08:00,2026-07-21T08:00:00+08:00
410200,2026-07-20,weather_fit,29.4,2026-07-21T08:00:00+08:00,https://example.gov.cn/panel/410200,2026-07-20T18:00:00+08:00,2026-07-21T08:00:00+08:00
410200,2026-07-20,novelty,34.6,2026-07-21T08:00:00+08:00,https://example.gov.cn/panel/410200,2026-07-20T18:00:00+08:00,2026-07-21T08:00:00+08:00
410200,2026-07-20,cross_region_spread,32.4,2026-07-21T08:00:00+08:00,https://example.gov.cn/panel/410200,2026-07-20T18:00:00+08:00,2026-07-21T08:00:00+08:00
410200,2026-07-20,risk_pressure,26,2026-07-21T08:00:00+08:00,https://example.gov.cn/panel/410200,2026-07-20T18:00:00+08:00,2026-07-21T08:00:00+08:00
410200,2026-07-21,content_growth,38.4,2026-07-22T08:00:00+08:00,https://example.gov.cn/panel/410200,2026-07-21T18:00:00+08:00,2026-07-22T08:00:00+08:00
410200,2026-07-21,search_growth,36.9,2026-07-22T08:00:00+08:00,https://example.gov.cn/panel/410200,2026-07-21T18:00:00+08:00,2026-07-22T08:00:00+08:00
410200,2026-07-21,event_trigger,34.6,2026-07-22T08:00:00+08:00,https://example.gov.cn/panel/410200,2026-07-21T18:00:00+08:00,2026-07-22T08:00:00+08:00
410200,2026-07-21,accessibility,28.8,2026-07-22T08:00:00+08:00,https://example.gov.cn/panel/410200,2026-07-21T18:00:00+08:00,2026-07-22T08:00:00+08:00
410200,2026-07-21,supply_capacity,26.1,2026-07-22T08:00:00+08:00,https://example.gov.cn/panel/410200,2026-07-21T18:00:00+08:00,2026-07-22T08:00:00+08:00
410200,2026-07-21,weather_fit,30.0,2026-07-22T08:00:00+08:00,https://example.gov.cn/panel/410200,2026-07-21T18:00:00+08:00,2026-07-22T08:00:00+08:00
410200,2026-07-21,novelty,35.3,2026-07-22T08:00:00+08:00,https://example.gov.cn/panel/410200,2026-07-21T18:00:00+08:00,2026-07-22T08:00:00+08:00
410200,2026-07-21,cross_region_spread,33.0,2026-07-22T08:00:00+08:00,https://example.gov.cn/panel/410200,2026-07-21T18:00:00+08:00,2026-07-22T08:00:00+08:00
410200,2026-07-21,risk_pressure,26,2026-07-22T08:00:00+08:00,https://example.gov.cn/panel/410200,2026-07-21T18:00:00+08:00,2026-07-22T08:00:00+08:00
410200,2026-07-22,content_growth,39.2,2026-07-23T08:00:00+08:00,https://example.gov.cn/panel/410200,2026-07-22T18:00:00+08:00,2026-07-23T08:00:00+08:00
410200,2026-07-22,search_growth,37.6,2026-07-23T08:00:00+08:00,https://example.gov.cn/panel/410200,2026-07-22T18:00:00+08:00,2026-07-23T08:00:00+08:00
410200,2026-07-22,event_trigger,35.2,2026-07-23T08:00:00+08:00,https://example.gov.cn/panel/410200,2026-07-22T18:00:00+08:00,2026-07-23T08:00:00+08:00
410200,2026-07-22,accessibility,29.4,2026-07-23T08:00:00+08:00,https://example.gov.cn/panel/410200,2026-07-22T18:00:00+08:00,2026-07-23T08:00:00+08:00
410200,2026-07-22,supply_capacity,26.6,2026-07-23T08:00:00+08:00,https://example.gov.cn/panel/410200,2026-07-22T18:00:00+08:00,2026-07-23T08:00:00+08:00
410200,2026-07-22,weather_fit,30.5,2026-07-23T08:00:00+08:00,https://example.gov.cn/panel/410200,2026-07-22T18:00:00+08:00,2026-07-23T08:00:00+08:00
410200,2026-07-22,novelty,36.0,2026-07-23T08:00:00+08:00,https://example.gov.cn/panel/410200,2026-07-22T18:00:00+08:00,2026-07-23T08:00:00+08:00
410200,2026-07-22,cross_region_spread,33.7,2026-07-23T08:00:00+08:00,https://example.gov.cn/panel/410200,2026-07-22T18:00:00+08:00,2026-07-23T08:00:00+08:00
410200,2026-07-22,risk_pressure,26,2026-07-23T08:00:00+08:00,https://example.gov.cn/panel/410200,2026-07-22T18:00:00+08:00,2026-07-23T08:00:00+08:00
410200,2026-07-23,content_growth,39.9,2026-07-24T08:00:00+08:00,https://example.gov.cn/panel/410200,2026-07-23T18:00:00+08:00,2026-07-24T08:00:00+08:00
410200,2026-07-23,search_growth,38.3,2026-07-24T08:00:00+08:00,https://example.gov.cn/panel/410200,2026-07-23T18:00:00+08:00,2026-07-24T08:00:00+08:00
410200,2026-07-23,event_trigger,35.9,2026-07-24T08:00:00+08:00,https://example.gov.cn/panel/410200,2026-07-23T18:00:00+08:00,2026-07-24T08:00:00+08:00
410200,2026-07-23,accessibility,29.9,2026-07-24T08:00:00+08:00,https://example.gov.cn/panel/410200,2026-07-23T18:00:00+08:00,2026-07-24T08:00:00+08:00
410200,2026-07-23,supply_capacity,27.1,2026-07-24T08:00:00+08:00,https://example.gov.cn/panel/410200,2026-07-23T18:00:00+08:00,2026-07-24T08:00:00+08:00
410200,2026-07-23,weather_fit,31.1,2026-07-24T08:00:00+08:00,https://example.gov.cn/panel/410200,2026-07-23T18:00:00+08:00,2026-07-24T08:00:00+08:00
410200,2026-07-23,novelty,36.7,2026-07-24T08:00:00+08:00,https://example.gov.cn/panel/410200,2026-07-23T18:00:00+08:00,2026-07-24T08:00:00+08:00
410200,2026-07-23,cross_region_spread,34.3,2026-07-24T08:00:00+08:00,https://example.gov.cn/panel/410200,2026-07-23T18:00:00+08:00,2026-07-24T08:00:00+08:00
410200,2026-07-23,risk_pressure,26,2026-07-24T08:00:00+08:00,https://example.gov.cn/panel/410200,2026-07-23T18:00:00+08:00,2026-07-24T08:00:00+08:00
410200,2026-07-24,content_growth,40.7,2026-07-25T08:00:00+08:00,https://example.gov.cn/panel/410200,2026-07-24T18:00:00+08:00,2026-07-25T08:00:00+08:00
410200,2026-07-24,search_growth,39.1,2026-07-25T08:00:00+08:00,https://example.gov.cn/panel/410200,2026-07-24T18:00:00+08:00,2026-07-25T08:00:00+08:00
410200,2026-07-24,event_trigger,36.6,2026-07-25T08:00:00+08:00,https://example.gov.cn/panel/410200,2026-07-24T18:00:00+08:00,2026-07-25T08:00:00+08:00
410200,2026-07-24,accessibility,30.5,2026-07-25T08:00:00+08:00,https://example.gov.cn/panel/410200,2026-07-24T18:00:00+08:00,2026-07-25T08:00:00+08:00
410200,2026-07-24,supply_capacity,27.7,2026-07-25T08:00:00+08:00,https://example.gov.cn/panel/410200,2026-07-24T18:00:00+08:00,2026-07-25T08:00:00+08:00
410200,2026-07-24,weather_fit,31.7,2026-07-25T08:00:00+08:00,https://example.gov.cn/panel/410200,2026-07-24T18:00:00+08:00,2026-07-25T08:00:00+08:00
410200,2026-07-24,novelty,37.4,2026-07-25T08:00:00+08:00,https://example.gov.cn/panel/410200,2026-07-24T18:00:00+08:00,2026-07-25T08:00:00+08:00
410200,2026-07-24,cross_region_spread,35.0,2026-07-25T08:00:00+08:00,https://example.gov.cn/panel/410200,2026-07-24T18:00:00+08:00,2026-07-25T08:00:00+08:00
410200,2026-07-24,risk_pressure,26,2026-07-25T08:00:00+08:00,https://example.gov.cn/panel/410200,2026-07-24T18:00:00+08:00,2026-07-25T08:00:00+08:00
410200,2026-07-25,content_growth,41.4,2026-07-26T08:00:00+08:00,https://example.gov.cn/panel/410200,2026-07-25T18:00:00+08:00,2026-07-26T08:00:00+08:00
410200,2026-07-25,search_growth,39.8,2026-07-26T08:00:00+08:00,https://example.gov.cn/panel/410200,2026-07-25T18:00:00+08:00,2026-07-26T08:00:00+08:00
410200,2026-07-25,event_trigger,37.3,2026-07-26T08:00:00+08:00,https://example.gov.cn/panel/410200,2026-07-25T18:00:00+08:00,2026-07-26T08:00:00+08:00
410200,2026-07-25,accessibility,31.1,2026-07-26T08:00:00+08:00,https://example.gov.cn/panel/410200,2026-07-25T18:00:00+08:00,2026-07-26T08:00:00+08:00
410200,2026-07-25,supply_capacity,28.2,2026-07-26T08:00:00+08:00,https://example.gov.cn/panel/410200,2026-07-25T18:00:00+08:00,2026-07-26T08:00:00+08:00
410200,2026-07-25,weather_fit,32.3,2026-07-26T08:00:00+08:00,https://example.gov.cn/panel/410200,2026-07-25T18:00:00+08:00,2026-07-26T08:00:00+08:00
410200,2026-07-25,novelty,38.1,2026-07-26T08:00:00+08:00,https://example.gov.cn/panel/410200,2026-07-25T18:00:00+08:00,2026-07-26T08:00:00+08:00
410200,2026-07-25,cross_region_spread,35.6,2026-07-26T08:00:00+08:00,https://example.gov.cn/panel/410200,2026-07-25T18:00:00+08:00,2026-07-26T08:00:00+08:00
410200,2026-07-25,risk_pressure,26,2026-07-26T08:00:00+08:00,https://example.gov.cn/panel/410200,2026-07-25T18:00:00+08:00,2026-07-26T08:00:00+08:00
410200,2026-07-26,content_growth,42.2,2026-07-27T08:00:00+08:00,https://example.gov.cn/panel/410200,2026-07-26T18:00:00+08:00,2026-07-27T08:00:00+08:00
410200,2026-07-26,search_growth,40.5,2026-07-27T08:00:00+08:00,https://example.gov.cn/panel/410200,2026-07-26T18:00:00+08:00,2026-07-27T08:00:00+08:00
410200,2026-07-26,event_trigger,38.0,2026-07-27T08:00:00+08:00,https://example.gov.cn/panel/410200,2026-07-26T18:00:00+08:00,2026-07-27T08:00:00+08:00
410200,2026-07-26,accessibility,31.6,2026-07-27T08:00:00+08:00,https://example.gov.cn/panel/410200,2026-07-26T18:00:00+08:00,2026-07-27T08:00:00+08:00
410200,2026-07-26,supply_capacity,28.7,2026-07-27T08:00:00+08:00,https://example.gov.cn/panel/410200,2026-07-26T18:00:00+08:00,2026-07-27T08:00:00+08:00
410200,2026-07-26,weather_fit,32.9,2026-07-27T08:00:00+08:00,https://example.gov.cn/panel/410200,2026-07-26T18:00:00+08:00,2026-07-27T08:00:00+08:00
410200,2026-07-26,novelty,38.8,2026-07-27T08:00:00+08:00,https://example.gov.cn/panel/410200,2026-07-26T18:00:00+08:00,2026-07-27T08:00:00+08:00
410200,2026-07-26,cross_region_spread,36.3,2026-07-27T08:00:00+08:00,https://example.gov.cn/panel/410200,2026-07-26T18:00:00+08:00,2026-07-27T08:00:00+08:00
410200,2026-07-26,risk_pressure,26,2026-07-27T08:00:00+08:00,https://example.gov.cn/panel/410200,2026-07-26T18:00:00+08:00,2026-07-27T08:00:00+08:00
410200,2026-07-27,content_growth,42.9,2026-07-28T08:00:00+08:00,https://example.gov.cn/panel/410200,2026-07-27T18:00:00+08:00,2026-07-28T08:00:00+08:00
410200,2026-07-27,search_growth,41.2,2026-07-28T08:00:00+08:00,https://example.gov.cn/panel/410200,2026-07-27T18:00:00+08:00,2026-07-28T08:00:00+08:00
410200,2026-07-27,event_trigger,38.7,2026-07-28T08:00:00+08:00,https://example.gov.cn/panel/410200,2026-07-27T18:00:00+08:00,2026-07-28T08:00:00+08:00
410200,2026-07-27,accessibility,32.2,2026-07-28T08:00:00+08:00,https://example.gov.cn/panel/410200,2026-07-27T18:00:00+08:00,2026-07-28T08:00:00+08:00
410200,2026-07-27,supply_capacity,29.2,2026-07-28T08:00:00+08:00,https://example.gov.cn/panel/410200,2026-07-27T18:00:00+08:00,2026-07-28T08:00:00+08:00
410200,2026-07-27,weather_fit,33.5,2026-07-28T08:00:00+08:00,https://example.gov.cn/panel/410200,2026-07-27T18:00:00+08:00,2026-07-28T08:00:00+08:00
410200,2026-07-27,novelty,39.5,2026-07-28T08:00:00+08:00,https://example.gov.cn/panel/410200,2026-07-27T18:00:00+08:00,2026-07-28T08:00:00+08:00
410200,2026-07-27,cross_region_spread,36.9,2026-07-28T08:00:00+08:00,https://example.gov.cn/panel/410200,2026-07-27T18:00:00+08:00,2026-07-28T08:00:00+08:00
410200,2026-07-27,risk_pressure,26,2026-07-28T08:00:00+08:00,https://example.gov.cn/panel/410200,2026-07-27T18:00:00+08:00,2026-07-28T08:00:00+08:00
410200,2026-07-28,content_growth,43.7,2026-07-29T08:00:00+08:00,https://example.gov.cn/panel/410200,2026-07-28T18:00:00+08:00,2026-07-29T08:00:00+08:00
410200,2026-07-28,search_growth,42.0,2026-07-29T08:00:00+08:00,https://example.gov.cn/panel/410200,2026-07-28T18:00:00+08:00,2026-07-29T08:00:00+08:00
410200,2026-07-28,event_trigger,39.3,2026-07-29T08:00:00+08:00,https://example.gov.cn/panel/410200,2026-07-28T18:00:00+08:00,2026-07-29T08:00:00+08:00
410200,2026-07-28,accessibility,32.8,2026-07-29T08:00:00+08:00,https://example.gov.cn/panel/410200,2026-07-28T18:00:00+08:00,2026-07-29T08:00:00+08:00
410200,2026-07-28,supply_capacity,29.7,2026-07-29T08:00:00+08:00,https://example.gov.cn/panel/410200,2026-07-28T18:00:00+08:00,2026-07-29T08:00:00+08:00
410200,2026-07-28,weather_fit,34.1,2026-07-29T08:00:00+08:00,https://example.gov.cn/panel/410200,2026-07-28T18:00:00+08:00,2026-07-29T08:00:00+08:00
410200,2026-07-28,novelty,40.2,2026-07-29T08:00:00+08:00,https://example.gov.cn/panel/410200,2026-07-28T18:00:00+08:00,2026-07-29T08:00:00+08:00
410200,2026-07-28,cross_region_spread,37.6,2026-07-29T08:00:00+08:00,https://example.gov.cn/panel/410200,2026-07-28T18:00:00+08:00,2026-07-29T08:00:00+08:00
410200,2026-07-28,risk_pressure,26,2026-07-29T08:00:00+08:00,https://example.gov.cn/panel/410200,2026-07-28T18:00:00+08:00,2026-07-29T08:00:00+08:00
410200,2026-07-29,content_growth,44.5,2026-07-30T08:00:00+08:00,https://example.gov.cn/panel/410200,2026-07-29T18:00:00+08:00,2026-07-30T08:00:00+08:00
410200,2026-07-29,search_growth,42.7,2026-07-30T08:00:00+08:00,https://example.gov.cn/panel/410200,2026-07-29T18:00:00+08:00,2026-07-30T08:00:00+08:00
410200,2026-07-29,event_trigger,40.0,2026-07-30T08:00:00+08:00,https://example.gov.cn/panel/410200,2026-07-29T18:00:00+08:00,2026-07-30T08:00:00+08:00
410200,2026-07-29,accessibility,33.3,2026-07-30T08:00:00+08:00,https://example.gov.cn/panel/410200,2026-07-29T18:00:00+08:00,2026-07-30T08:00:00+08:00
410200,2026-07-29,supply_capacity,30.2,2026-07-30T08:00:00+08:00,https://example.gov.cn/panel/410200,2026-07-29T18:00:00+08:00,2026-07-30T08:00:00+08:00
410200,2026-07-29,weather_fit,34.7,2026-07-30T08:00:00+08:00,https://example.gov.cn/panel/410200,2026-07-29T18:00:00+08:00,2026-07-30T08:00:00+08:00
410200,2026-07-29,novelty,40.9,2026-07-30T08:00:00+08:00,https://example.gov.cn/panel/410200,2026-07-29T18:00:00+08:00,2026-07-30T08:00:00+08:00
410200,2026-07-29,cross_region_spread,38.2,2026-07-30T08:00:00+08:00,https://example.gov.cn/panel/410200,2026-07-29T18:00:00+08:00,2026-07-30T08:00:00+08:00
410200,2026-07-29,risk_pressure,26,2026-07-30T08:00:00+08:00,https://example.gov.cn/panel/410200,2026-07-29T18:00:00+08:00,2026-07-30T08:00:00+08:00
410200,2026-07-30,content_growth,45.2,2026-07-31T08:00:00+08:00,https://example.gov.cn/panel/410200,2026-07-30T18:00:00+08:00,2026-07-31T08:00:00+08:00
410200,2026-07-30,search_growth,43.4,2026-07-31T08:00:00+08:00,https://example.gov.cn/panel/410200,2026-07-30T18:00:00+08:00,2026-07-31T08:00:00+08:00
410200,2026-07-30,event_trigger,40.7,2026-07-31T08:00:00+08:00,https://example.gov.cn/panel/410200,2026-07-30T18:00:00+08:00,2026-07-31T08:00:00+08:00
410200,2026-07-30,accessibility,33.9,2026-07-31T08:00:00+08:00,https://example.gov.cn/panel/410200,2026-07-30T18:00:00+08:00,2026-07-31T08:00:00+08:00
410200,2026-07-30,supply_capacity,30.8,2026-07-31T08:00:00+08:00,https://example.gov.cn/panel/410200,2026-07-30T18:00:00+08:00,2026-07-31T08:00:00+08:00
410200,2026-07-30,weather_fit,35.3,2026-07-31T08:00:00+08:00,https://example.gov.cn/panel/410200,2026-07-30T18:00:00+08:00,2026-07-31T08:00:00+08:00
410200,2026-07-30,novelty,41.6,2026-07-31T08:00:00+08:00,https://example.gov.cn/panel/410200,2026-07-30T18:00:00+08:00,2026-07-31T08:00:00+08:00
410200,2026-07-30,cross_region_spread,38.9,2026-07-31T08:00:00+08:00,https://example.gov.cn/panel/410200,2026-07-30T18:00:00+08:00,2026-07-31T08:00:00+08:00
410200,2026-07-30,risk_pressure,26,2026-07-31T08:00:00+08:00,https://example.gov.cn/panel/410200,2026-07-30T18:00:00+08:00,2026-07-31T08:00:00+08:00
410200,2026-07-31,content_growth,46.0,2026-08-01T08:00:00+08:00,https://example.gov.cn/panel/410200,2026-07-31T18:00:00+08:00,2026-08-01T08:00:00+08:00
410200,2026-07-31,search_growth,44.1,2026-08-01T08:00:00+08:00,https://example.gov.cn/panel/410200,2026-07-31T18:00:00+08:00,2026-08-01T08:00:00+08:00
410200,2026-07-31,event_trigger,41.4,2026-08-01T08:00:00+08:00,https://example.gov.cn/panel/410200,2026-07-31T18:00:00+08:00,2026-08-01T08:00:00+08:00
410200,2026-07-31,accessibility,34.5,2026-08-01T08:00:00+08:00,https://example.gov.cn/panel/410200,2026-07-31T18:00:00+08:00,2026-08-01T08:00:00+08:00
410200,2026-07-31,supply_capacity,31.3,2026-08-01T08:00:00+08:00,https://example.gov.cn/panel/410200,2026-07-31T18:00:00+08:00,2026-08-01T08:00:00+08:00
410200,2026-07-31,weather_fit,35.9,2026-08-01T08:00:00+08:00,https://example.gov.cn/panel/410200,2026-07-31T18:00:00+08:00,2026-08-01T08:00:00+08:00
410200,2026-07-31,novelty,42.3,2026-08-01T08:00:00+08:00,https://example.gov.cn/panel/410200,2026-07-31T18:00:00+08:00,2026-08-01T08:00:00+08:00
410200,2026-07-31,cross_region_spread,39.5,2026-08-01T08:00:00+08:00,https://example.gov.cn/panel/410200,2026-07-31T18:00:00+08:00,2026-08-01T08:00:00+08:00
410200,2026-07-31,risk_pressure,26,2026-08-01T08:00:00+08:00,https://example.gov.cn/panel/410200,2026-07-31T18:00:00+08:00,2026-08-01T08:00:00+08:00
410200,2026-08-01,content_growth,46.7,2026-08-02T08:00:00+08:00,https://example.gov.cn/panel/410200,2026-08-01T18:00:00+08:00,2026-08-02T08:00:00+08:00
410200,2026-08-01,search_growth,44.9,2026-08-02T08:00:00+08:00,https://example.gov.cn/panel/410200,2026-08-01T18:00:00+08:00,2026-08-02T08:00:00+08:00
410200,2026-08-01,event_trigger,42.1,2026-08-02T08:00:00+08:00,https://example.gov.cn/panel/410200,2026-08-01T18:00:00+08:00,2026-08-02T08:00:00+08:00
410200,2026-08-01,accessibility,35.1,2026-08-02T08:00:00+08:00,https://example.gov.cn/panel/410200,2026-08-01T18:00:00+08:00,2026-08-02T08:00:00+08:00
410200,2026-08-01,supply_capacity,31.8,2026-08-02T08:00:00+08:00,https://example.gov.cn/panel/410200,2026-08-01T18:00:00+08:00,2026-08-02T08:00:00+08:00
410200,2026-08-01,weather_fit,36.5,2026-08-02T08:00:00+08:00,https://example.gov.cn/panel/410200,2026-08-01T18:00:00+08:00,2026-08-02T08:00:00+08:00
410200,2026-08-01,novelty,43.0,2026-08-02T08:00:00+08:00,https://example.gov.cn/panel/410200,2026-08-01T18:00:00+08:00,2026-08-02T08:00:00+08:00
410200,2026-08-01,cross_region_spread,40.2,2026-08-02T08:00:00+08:00,https://example.gov.cn/panel/410200,2026-08-01T18:00:00+08:00,2026-08-02T08:00:00+08:00
410200,2026-08-01,risk_pressure,26,2026-08-02T08:00:00+08:00,https://example.gov.cn/panel/410200,2026-08-01T18:00:00+08:00,2026-08-02T08:00:00+08:00
410200,2026-08-02,content_growth,47.5,2026-08-03T08:00:00+08:00,https://example.gov.cn/panel/410200,2026-08-02T18:00:00+08:00,2026-08-03T08:00:00+08:00
410200,2026-08-02,search_growth,45.6,2026-08-03T08:00:00+08:00,https://example.gov.cn/panel/410200,2026-08-02T18:00:00+08:00,2026-08-03T08:00:00+08:00
410200,2026-08-02,event_trigger,42.7,2026-08-03T08:00:00+08:00,https://example.gov.cn/panel/410200,2026-08-02T18:00:00+08:00,2026-08-03T08:00:00+08:00
410200,2026-08-02,accessibility,35.6,2026-08-03T08:00:00+08:00,https://example.gov.cn/panel/410200,2026-08-02T18:00:00+08:00,2026-08-03T08:00:00+08:00
410200,2026-08-02,supply_capacity,32.3,2026-08-03T08:00:00+08:00,https://example.gov.cn/panel/410200,2026-08-02T18:00:00+08:00,2026-08-03T08:00:00+08:00
410200,2026-08-02,weather_fit,37.0,2026-08-03T08:00:00+08:00,https://example.gov.cn/panel/410200,2026-08-02T18:00:00+08:00,2026-08-03T08:00:00+08:00
410200,2026-08-02,novelty,43.7,2026-08-03T08:00:00+08:00,https://example.gov.cn/panel/410200,2026-08-02T18:00:00+08:00,2026-08-03T08:00:00+08:00
410200,2026-08-02,cross_region_spread,40.8,2026-08-03T08:00:00+08:00,https://example.gov.cn/panel/410200,2026-08-02T18:00:00+08:00,2026-08-03T08:00:00+08:00
410200,2026-08-02,risk_pressure,26,2026-08-03T08:00:00+08:00,https://example.gov.cn/panel/410200,2026-08-02T18:00:00+08:00,2026-08-03T08:00:00+08:00
410200,2026-08-03,content_growth,48.2,2026-08-04T08:00:00+08:00,https://example.gov.cn/panel/410200,2026-08-03T18:00:00+08:00,2026-08-04T08:00:00+08:00
410200,2026-08-03,search_growth,46.3,2026-08-04T08:00:00+08:00,https://example.gov.cn/panel/410200,2026-08-03T18:00:00+08:00,2026-08-04T08:00:00+08:00
410200,2026-08-03,event_trigger,43.4,2026-08-04T08:00:00+08:00,https://example.gov.cn/panel/410200,2026-08-03T18:00:00+08:00,2026-08-04T08:00:00+08:00
410200,2026-08-03,accessibility,36.2,2026-08-04T08:00:00+08:00,https://example.gov.cn/panel/410200,2026-08-03T18:00:00+08:00,2026-08-04T08:00:00+08:00
410200,2026-08-03,supply_capacity,32.8,2026-08-04T08:00:00+08:00,https://example.gov.cn/panel/410200,2026-08-03T18:00:00+08:00,2026-08-04T08:00:00+08:00
410200,2026-08-03,weather_fit,37.6,2026-08-04T08:00:00+08:00,https://example.gov.cn/panel/410200,2026-08-03T18:00:00+08:00,2026-08-04T08:00:00+08:00
410200,2026-08-03,novelty,44.4,2026-08-04T08:00:00+08:00,https://example.gov.cn/panel/410200,2026-08-03T18:00:00+08:00,2026-08-04T08:00:00+08:00
410200,2026-08-03,cross_region_spread,41.5,2026-08-04T08:00:00+08:00,https://example.gov.cn/panel/410200,2026-08-03T18:00:00+08:00,2026-08-04T08:00:00+08:00
410200,2026-08-03,risk_pressure,26,2026-08-04T08:00:00+08:00,https://example.gov.cn/panel/410200,2026-08-03T18:00:00+08:00,2026-08-04T08:00:00+08:00
410200,2026-08-04,content_growth,49.0,2026-08-05T08:00:00+08:00,https://example.gov.cn/panel/410200,2026-08-04T18:00:00+08:00,2026-08-05T08:00:00+08:00
410200,2026-08-04,search_growth,47.0,2026-08-05T08:00:00+08:00,https://example.gov.cn/panel/410200,2026-08-04T18:00:00+08:00,2026-08-05T08:00:00+08:00
410200,2026-08-04,event_trigger,44.1,2026-08-05T08:00:00+08:00,https://example.gov.cn/panel/410200,2026-08-04T18:00:00+08:00,2026-08-05T08:00:00+08:00
410200,2026-08-04,accessibility,36.8,2026-08-05T08:00:00+08:00,https://example.gov.cn/panel/410200,2026-08-04T18:00:00+08:00,2026-08-05T08:00:00+08:00
410200,2026-08-04,supply_capacity,33.3,2026-08-05T08:00:00+08:00,https://example.gov.cn/panel/410200,2026-08-04T18:00:00+08:00,2026-08-05T08:00:00+08:00
410200,2026-08-04,weather_fit,38.2,2026-08-05T08:00:00+08:00,https://example.gov.cn/panel/410200,2026-08-04T18:00:00+08:00,2026-08-05T08:00:00+08:00
410200,2026-08-04,novelty,45.1,2026-08-05T08:00:00+08:00,https://example.gov.cn/panel/410200,2026-08-04T18:00:00+08:00,2026-08-05T08:00:00+08:00
410200,2026-08-04,cross_region_spread,42.1,2026-08-05T08:00:00+08:00,https://example.gov.cn/panel/410200,2026-08-04T18:00:00+08:00,2026-08-05T08:00:00+08:00
410200,2026-08-04,risk_pressure,26,2026-08-05T08:00:00+08:00,https://example.gov.cn/panel/410200,2026-08-04T18:00:00+08:00,2026-08-05T08:00:00+08:00
410200,2026-08-05,content_growth,49.8,2026-08-06T08:00:00+08:00,https://example.gov.cn/panel/410200,2026-08-05T18:00:00+08:00,2026-08-06T08:00:00+08:00
410200,2026-08-05,search_growth,47.8,2026-08-06T08:00:00+08:00,https://example.gov.cn/panel/410200,2026-08-05T18:00:00+08:00,2026-08-06T08:00:00+08:00
410200,2026-08-05,event_trigger,44.8,2026-08-06T08:00:00+08:00,https://example.gov.cn/panel/410200,2026-08-05T18:00:00+08:00,2026-08-06T08:00:00+08:00
410200,2026-08-05,accessibility,37.3,2026-08-06T08:00:00+08:00,https://example.gov.cn/panel/410200,2026-08-05T18:00:00+08:00,2026-08-06T08:00:00+08:00
410200,2026-08-05,supply_capacity,33.8,2026-08-06T08:00:00+08:00,https://example.gov.cn/panel/410200,2026-08-05T18:00:00+08:00,2026-08-06T08:00:00+08:00
410200,2026-08-05,weather_fit,38.8,2026-08-06T08:00:00+08:00,https://example.gov.cn/panel/410200,2026-08-05T18:00:00+08:00,2026-08-06T08:00:00+08:00
410200,2026-08-05,novelty,45.8,2026-08-06T08:00:00+08:00,https://example.gov.cn/panel/410200,2026-08-05T18:00:00+08:00,2026-08-06T08:00:00+08:00
410200,2026-08-05,cross_region_spread,42.8,2026-08-06T08:00:00+08:00,https://example.gov.cn/panel/410200,2026-08-05T18:00:00+08:00,2026-08-06T08:00:00+08:00
410200,2026-08-05,risk_pressure,26,2026-08-06T08:00:00+08:00,https://example.gov.cn/panel/410200,2026-08-05T18:00:00+08:00,2026-08-06T08:00:00+08:00
410200,2026-08-06,content_growth,50.5,2026-08-07T08:00:00+08:00,https://example.gov.cn/panel/410200,2026-08-06T18:00:00+08:00,2026-08-07T08:00:00+08:00
410200,2026-08-06,search_growth,48.5,2026-08-07T08:00:00+08:00,https://example.gov.cn/panel/410200,2026-08-06T18:00:00+08:00,2026-08-07T08:00:00+08:00
410200,2026-08-06,event_trigger,45.5,2026-08-07T08:00:00+08:00,https://example.gov.cn/panel/410200,2026-08-06T18:00:00+08:00,2026-08-07T08:00:00+08:00
410200,2026-08-06,accessibility,37.9,2026-08-07T08:00:00+08:00,https://example.gov.cn/panel/410200,2026-08-06T18:00:00+08:00,2026-08-07T08:00:00+08:00
410200,2026-08-06,supply_capacity,34.4,2026-08-07T08:00:00+08:00,https://example.gov.cn/panel/410200,2026-08-06T18:00:00+08:00,2026-08-07T08:00:00+08:00
410200,2026-08-06,weather_fit,39.4,2026-08-07T08:00:00+08:00,https://example.gov.cn/panel/410200,2026-08-06T18:00:00+08:00,2026-08-07T08:00:00+08:00
410200,2026-08-06,novelty,46.5,2026-08-07T08:00:00+08:00,https://example.gov.cn/panel/410200,2026-08-06T18:00:00+08:00,2026-08-07T08:00:00+08:00
410200,2026-08-06,cross_region_spread,43.4,2026-08-07T08:00:00+08:00,https://example.gov.cn/panel/410200,2026-08-06T18:00:00+08:00,2026-08-07T08:00:00+08:00
410200,2026-08-06,risk_pressure,26,2026-08-07T08:00:00+08:00,https://example.gov.cn/panel/410200,2026-08-06T18:00:00+08:00,2026-08-07T08:00:00+08:00
410200,2026-08-07,content_growth,51.3,2026-08-08T08:00:00+08:00,https://example.gov.cn/panel/410200,2026-08-07T18:00:00+08:00,2026-08-08T08:00:00+08:00
410200,2026-08-07,search_growth,49.2,2026-08-08T08:00:00+08:00,https://example.gov.cn/panel/410200,2026-08-07T18:00:00+08:00,2026-08-08T08:00:00+08:00
410200,2026-08-07,event_trigger,46.2,2026-08-08T08:00:00+08:00,https://example.gov.cn/panel/410200,2026-08-07T18:00:00+08:00,2026-08-08T08:00:00+08:00
410200,2026-08-07,accessibility,38.5,2026-08-08T08:00:00+08:00,https://example.gov.cn/panel/410200,2026-08-07T18:00:00+08:00,2026-08-08T08:00:00+08:00
410200,2026-08-07,supply_capacity,34.9,2026-08-08T08:00:00+08:00,https://example.gov.cn/panel/410200,2026-08-07T18:00:00+08:00,2026-08-08T08:00:00+08:00
410200,2026-08-07,weather_fit,40.0,2026-08-08T08:00:00+08:00,https://example.gov.cn/panel/410200,2026-08-07T18:00:00+08:00,2026-08-08T08:00:00+08:00
410200,2026-08-07,novelty,47.2,2026-08-08T08:00:00+08:00,https://example.gov.cn/panel/410200,2026-08-07T18:00:00+08:00,2026-08-08T08:00:00+08:00
410200,2026-08-07,cross_region_spread,44.1,2026-08-08T08:00:00+08:00,https://example.gov.cn/panel/410200,2026-08-07T18:00:00+08:00,2026-08-08T08:00:00+08:00
410200,2026-08-07,risk_pressure,26,2026-08-08T08:00:00+08:00,https://example.gov.cn/panel/410200,2026-08-07T18:00:00+08:00,2026-08-08T08:00:00+08:00
410200,2026-08-08,content_growth,52.0,2026-08-09T08:00:00+08:00,https://example.gov.cn/panel/410200,2026-08-08T18:00:00+08:00,2026-08-09T08:00:00+08:00
410200,2026-08-08,search_growth,50.0,2026-08-09T08:00:00+08:00,https://example.gov.cn/panel/410200,2026-08-08T18:00:00+08:00,2026-08-09T08:00:00+08:00
410200,2026-08-08,event_trigger,46.8,2026-08-09T08:00:00+08:00,https://example.gov.cn/panel/410200,2026-08-08T18:00:00+08:00,2026-08-09T08:00:00+08:00
410200,2026-08-08,accessibility,39.0,2026-08-09T08:00:00+08:00,https://example.gov.cn/panel/410200,2026-08-08T18:00:00+08:00,2026-08-09T08:00:00+08:00
410200,2026-08-08,supply_capacity,35.4,2026-08-09T08:00:00+08:00,https://example.gov.cn/panel/410200,2026-08-08T18:00:00+08:00,2026-08-09T08:00:00+08:00
410200,2026-08-08,weather_fit,40.6,2026-08-09T08:00:00+08:00,https://example.gov.cn/panel/410200,2026-08-08T18:00:00+08:00,2026-08-09T08:00:00+08:00
410200,2026-08-08,novelty,47.9,2026-08-09T08:00:00+08:00,https://example.gov.cn/panel/410200,2026-08-08T18:00:00+08:00,2026-08-09T08:00:00+08:00
410200,2026-08-08,cross_region_spread,44.8,2026-08-09T08:00:00+08:00,https://example.gov.cn/panel/410200,2026-08-08T18:00:00+08:00,2026-08-09T08:00:00+08:00
410200,2026-08-08,risk_pressure,26,2026-08-09T08:00:00+08:00,https://example.gov.cn/panel/410200,2026-08-08T18:00:00+08:00,2026-08-09T08:00:00+08:00
410200,2026-08-09,content_growth,52.8,2026-08-10T08:00:00+08:00,https://example.gov.cn/panel/410200,2026-08-09T18:00:00+08:00,2026-08-10T08:00:00+08:00
410200,2026-08-09,search_growth,50.7,2026-08-10T08:00:00+08:00,https://example.gov.cn/panel/410200,2026-08-09T18:00:00+08:00,2026-08-10T08:00:00+08:00
410200,2026-08-09,event_trigger,47.5,2026-08-10T08:00:00+08:00,https://example.gov.cn/panel/410200,2026-08-09T18:00:00+08:00,2026-08-10T08:00:00+08:00
410200,2026-08-09,accessibility,39.6,2026-08-10T08:00:00+08:00,https://example.gov.cn/panel/410200,2026-08-09T18:00:00+08:00,2026-08-10T08:00:00+08:00
410200,2026-08-09,supply_capacity,35.9,2026-08-10T08:00:00+08:00,https://example.gov.cn/panel/410200,2026-08-09T18:00:00+08:00,2026-08-10T08:00:00+08:00
410200,2026-08-09,weather_fit,41.2,2026-08-10T08:00:00+08:00,https://example.gov.cn/panel/410200,2026-08-09T18:00:00+08:00,2026-08-10T08:00:00+08:00
410200,2026-08-09,novelty,48.6,2026-08-10T08:00:00+08:00,https://example.gov.cn/panel/410200,2026-08-09T18:00:00+08:00,2026-08-10T08:00:00+08:00
410200,2026-08-09,cross_region_spread,45.4,2026-08-10T08:00:00+08:00,https://example.gov.cn/panel/410200,2026-08-09T18:00:00+08:00,2026-08-10T08:00:00+08:00
410200,2026-08-09,risk_pressure,26,2026-08-10T08:00:00+08:00,https://example.gov.cn/panel/410200,2026-08-09T18:00:00+08:00,2026-08-10T08:00:00+08:00
410200,2026-08-10,content_growth,53.5,2026-08-11T08:00:00+08:00,https://example.gov.cn/panel/410200,2026-08-10T18:00:00+08:00,2026-08-11T08:00:00+08:00
410200,2026-08-10,search_growth,51.4,2026-08-11T08:00:00+08:00,https://example.gov.cn/panel/410200,2026-08-10T18:00:00+08:00,2026-08-11T08:00:00+08:00
410200,2026-08-10,event_trigger,48.2,2026-08-11T08:00:00+08:00,https://example.gov.cn/panel/410200,2026-08-10T18:00:00+08:00,2026-08-11T08:00:00+08:00
410200,2026-08-10,accessibility,40.2,2026-08-11T08:00:00+08:00,https://example.gov.cn/panel/410200,2026-08-10T18:00:00+08:00,2026-08-11T08:00:00+08:00
410200,2026-08-10,supply_capacity,36.4,2026-08-11T08:00:00+08:00,https://example.gov.cn/panel/410200,2026-08-10T18:00:00+08:00,2026-08-11T08:00:00+08:00
410200,2026-08-10,weather_fit,41.8,2026-08-11T08:00:00+08:00,https://example.gov.cn/panel/410200,2026-08-10T18:00:00+08:00,2026-08-11T08:00:00+08:00
410200,2026-08-10,novelty,49.3,2026-08-11T08:00:00+08:00,https://example.gov.cn/panel/410200,2026-08-10T18:00:00+08:00,2026-08-11T08:00:00+08:00
410200,2026-08-10,cross_region_spread,46.1,2026-08-11T08:00:00+08:00,https://example.gov.cn/panel/410200,2026-08-10T18:00:00+08:00,2026-08-11T08:00:00+08:00
410200,2026-08-10,risk_pressure,26,2026-08-11T08:00:00+08:00,https://example.gov.cn/panel/410200,2026-08-10T18:00:00+08:00,2026-08-11T08:00:00+08:00
410200,2026-08-11,content_growth,54.3,2026-08-12T08:00:00+08:00,https://example.gov.cn/panel/410200,2026-08-11T18:00:00+08:00,2026-08-12T08:00:00+08:00
410200,2026-08-11,search_growth,52.1,2026-08-12T08:00:00+08:00,https://example.gov.cn/panel/410200,2026-08-11T18:00:00+08:00,2026-08-12T08:00:00+08:00
410200,2026-08-11,event_trigger,48.9,2026-08-12T08:00:00+08:00,https://example.gov.cn/panel/410200,2026-08-11T18:00:00+08:00,2026-08-12T08:00:00+08:00
410200,2026-08-11,accessibility,40.7,2026-08-12T08:00:00+08:00,https://example.gov.cn/panel/410200,2026-08-11T18:00:00+08:00,2026-08-12T08:00:00+08:00
410200,2026-08-11,supply_capacity,36.9,2026-08-12T08:00:00+08:00,https://example.gov.cn/panel/410200,2026-08-11T18:00:00+08:00,2026-08-12T08:00:00+08:00
410200,2026-08-11,weather_fit,42.4,2026-08-12T08:00:00+08:00,https://example.gov.cn/panel/410200,2026-08-11T18:00:00+08:00,2026-08-12T08:00:00+08:00
410200,2026-08-11,novelty,50.0,2026-08-12T08:00:00+08:00,https://example.gov.cn/panel/410200,2026-08-11T18:00:00+08:00,2026-08-12T08:00:00+08:00
410200,2026-08-11,cross_region_spread,46.7,2026-08-12T08:00:00+08:00,https://example.gov.cn/panel/410200,2026-08-11T18:00:00+08:00,2026-08-12T08:00:00+08:00
410200,2026-08-11,risk_pressure,26,2026-08-12T08:00:00+08:00,https://example.gov.cn/panel/410200,2026-08-11T18:00:00+08:00,2026-08-12T08:00:00+08:00
410200,2026-08-12,content_growth,55.1,2026-08-13T08:00:00+08:00,https://example.gov.cn/panel/410200,2026-08-12T18:00:00+08:00,2026-08-13T08:00:00+08:00
410200,2026-08-12,search_growth,52.9,2026-08-13T08:00:00+08:00,https://example.gov.cn/panel/410200,2026-08-12T18:00:00+08:00,2026-08-13T08:00:00+08:00
410200,2026-08-12,event_trigger,49.6,2026-08-13T08:00:00+08:00,https://example.gov.cn/panel/410200,2026-08-12T18:00:00+08:00,2026-08-13T08:00:00+08:00
410200,2026-08-12,accessibility,41.3,2026-08-13T08:00:00+08:00,https://example.gov.cn/panel/410200,2026-08-12T18:00:00+08:00,2026-08-13T08:00:00+08:00
410200,2026-08-12,supply_capacity,37.4,2026-08-13T08:00:00+08:00,https://example.gov.cn/panel/410200,2026-08-12T18:00:00+08:00,2026-08-13T08:00:00+08:00
410200,2026-08-12,weather_fit,42.9,2026-08-13T08:00:00+08:00,https://example.gov.cn/panel/410200,2026-08-12T18:00:00+08:00,2026-08-13T08:00:00+08:00
410200,2026-08-12,novelty,50.7,2026-08-13T08:00:00+08:00,https://example.gov.cn/panel/410200,2026-08-12T18:00:00+08:00,2026-08-13T08:00:00+08:00
410200,2026-08-12,cross_region_spread,47.4,2026-08-13T08:00:00+08:00,https://example.gov.cn/panel/410200,2026-08-12T18:00:00+08:00,2026-08-13T08:00:00+08:00
410200,2026-08-12,risk_pressure,26,2026-08-13T08:00:00+08:00,https://example.gov.cn/panel/410200,2026-08-12T18:00:00+08:00,2026-08-13T08:00:00+08:00
410200,2026-08-13,content_growth,55.1,2026-08-14T08:00:00+08:00,https://example.gov.cn/panel/410200,2026-08-13T18:00:00+08:00,2026-08-14T08:00:00+08:00
410200,2026-08-13,search_growth,52.9,2026-08-14T08:00:00+08:00,https://example.gov.cn/panel/410200,2026-08-13T18:00:00+08:00,2026-08-14T08:00:00+08:00
410200,2026-08-13,event_trigger,49.6,2026-08-14T08:00:00+08:00,https://example.gov.cn/panel/410200,2026-08-13T18:00:00+08:00,2026-08-14T08:00:00+08:00
410200,2026-08-13,accessibility,41.3,2026-08-14T08:00:00+08:00,https://example.gov.cn/panel/410200,2026-08-13T18:00:00+08:00,2026-08-14T08:00:00+08:00
410200,2026-08-13,supply_capacity,37.4,2026-08-14T08:00:00+08:00,https://example.gov.cn/panel/410200,2026-08-13T18:00:00+08:00,2026-08-14T08:00:00+08:00
410200,2026-08-13,weather_fit,42.9,2026-08-14T08:00:00+08:00,https://example.gov.cn/panel/410200,2026-08-13T18:00:00+08:00,2026-08-14T08:00:00+08:00
410200,2026-08-13,novelty,50.7,2026-08-14T08:00:00+08:00,https://example.gov.cn/panel/410200,2026-08-13T18:00:00+08:00,2026-08-14T08:00:00+08:00
410200,2026-08-13,cross_region_spread,47.4,2026-08-14T08:00:00+08:00,https://example.gov.cn/panel/410200,2026-08-13T18:00:00+08:00,2026-08-14T08:00:00+08:00
410200,2026-08-13,risk_pressure,26,2026-08-14T08:00:00+08:00,https://example.gov.cn/panel/410200,2026-08-13T18:00:00+08:00,2026-08-14T08:00:00+08:00
410200,2026-08-14,content_growth,55.1,2026-08-15T08:00:00+08:00,https://example.gov.cn/panel/410200,2026-08-14T18:00:00+08:00,2026-08-15T08:00:00+08:00
410200,2026-08-14,search_growth,52.9,2026-08-15T08:00:00+08:00,https://example.gov.cn/panel/410200,2026-08-14T18:00:00+08:00,2026-08-15T08:00:00+08:00
410200,2026-08-14,event_trigger,49.6,2026-08-15T08:00:00+08:00,https://example.gov.cn/panel/410200,2026-08-14T18:00:00+08:00,2026-08-15T08:00:00+08:00
410200,2026-08-14,accessibility,41.3,2026-08-15T08:00:00+08:00,https://example.gov.cn/panel/410200,2026-08-14T18:00:00+08:00,2026-08-15T08:00:00+08:00
410200,2026-08-14,supply_capacity,37.4,2026-08-15T08:00:00+08:00,https://example.gov.cn/panel/410200,2026-08-14T18:00:00+08:00,2026-08-15T08:00:00+08:00
410200,2026-08-14,weather_fit,42.9,2026-08-15T08:00:00+08:00,https://example.gov.cn/panel/410200,2026-08-14T18:00:00+08:00,2026-08-15T08:00:00+08:00
410200,2026-08-14,novelty,50.7,2026-08-15T08:00:00+08:00,https://example.gov.cn/panel/410200,2026-08-14T18:00:00+08:00,2026-08-15T08:00:00+08:00
410200,2026-08-14,cross_region_spread,47.4,2026-08-15T08:00:00+08:00,https://example.gov.cn/panel/410200,2026-08-14T18:00:00+08:00,2026-08-15T08:00:00+08:00
410200,2026-08-14,risk_pressure,26,2026-08-15T08:00:00+08:00,https://example.gov.cn/panel/410200,2026-08-14T18:00:00+08:00,2026-08-15T08:00:00+08:00
511500,2026-07-03,content_growth,24.0,2026-07-04T08:00:00+08:00,https://example.gov.cn/panel/511500,2026-07-03T18:00:00+08:00,2026-07-04T08:00:00+08:00
511500,2026-07-03,search_growth,23.1,2026-07-04T08:00:00+08:00,https://example.gov.cn/panel/511500,2026-07-03T18:00:00+08:00,2026-07-04T08:00:00+08:00
511500,2026-07-03,event_trigger,21.6,2026-07-04T08:00:00+08:00,https://example.gov.cn/panel/511500,2026-07-03T18:00:00+08:00,2026-07-04T08:00:00+08:00
511500,2026-07-03,accessibility,18.0,2026-07-04T08:00:00+08:00,https://example.gov.cn/panel/511500,2026-07-03T18:00:00+08:00,2026-07-04T08:00:00+08:00
511500,2026-07-03,supply_capacity,16.3,2026-07-04T08:00:00+08:00,https://example.gov.cn/panel/511500,2026-07-03T18:00:00+08:00,2026-07-04T08:00:00+08:00
511500,2026-07-03,weather_fit,18.7,2026-07-04T08:00:00+08:00,https://example.gov.cn/panel/511500,2026-07-03T18:00:00+08:00,2026-07-04T08:00:00+08:00
511500,2026-07-03,novelty,22.1,2026-07-04T08:00:00+08:00,https://example.gov.cn/panel/511500,2026-07-03T18:00:00+08:00,2026-07-04T08:00:00+08:00
511500,2026-07-03,cross_region_spread,20.7,2026-07-04T08:00:00+08:00,https://example.gov.cn/panel/511500,2026-07-03T18:00:00+08:00,2026-07-04T08:00:00+08:00
511500,2026-07-03,risk_pressure,26,2026-07-04T08:00:00+08:00,https://example.gov.cn/panel/511500,2026-07-03T18:00:00+08:00,2026-07-04T08:00:00+08:00
511500,2026-07-04,content_growth,24.7,2026-07-05T08:00:00+08:00,https://example.gov.cn/panel/511500,2026-07-04T18:00:00+08:00,2026-07-05T08:00:00+08:00
511500,2026-07-04,search_growth,23.8,2026-07-05T08:00:00+08:00,https://example.gov.cn/panel/511500,2026-07-04T18:00:00+08:00,2026-07-05T08:00:00+08:00
511500,2026-07-04,event_trigger,22.3,2026-07-05T08:00:00+08:00,https://example.gov.cn/panel/511500,2026-07-04T18:00:00+08:00,2026-07-05T08:00:00+08:00
511500,2026-07-04,accessibility,18.6,2026-07-05T08:00:00+08:00,https://example.gov.cn/panel/511500,2026-07-04T18:00:00+08:00,2026-07-05T08:00:00+08:00
511500,2026-07-04,supply_capacity,16.8,2026-07-05T08:00:00+08:00,https://example.gov.cn/panel/511500,2026-07-04T18:00:00+08:00,2026-07-05T08:00:00+08:00
511500,2026-07-04,weather_fit,19.3,2026-07-05T08:00:00+08:00,https://example.gov.cn/panel/511500,2026-07-04T18:00:00+08:00,2026-07-05T08:00:00+08:00
511500,2026-07-04,novelty,22.8,2026-07-05T08:00:00+08:00,https://example.gov.cn/panel/511500,2026-07-04T18:00:00+08:00,2026-07-05T08:00:00+08:00
511500,2026-07-04,cross_region_spread,21.3,2026-07-05T08:00:00+08:00,https://example.gov.cn/panel/511500,2026-07-04T18:00:00+08:00,2026-07-05T08:00:00+08:00
511500,2026-07-04,risk_pressure,26,2026-07-05T08:00:00+08:00,https://example.gov.cn/panel/511500,2026-07-04T18:00:00+08:00,2026-07-05T08:00:00+08:00
511500,2026-07-05,content_growth,25.5,2026-07-06T08:00:00+08:00,https://example.gov.cn/panel/511500,2026-07-05T18:00:00+08:00,2026-07-06T08:00:00+08:00
511500,2026-07-05,search_growth,24.5,2026-07-06T08:00:00+08:00,https://example.gov.cn/panel/511500,2026-07-05T18:00:00+08:00,2026-07-06T08:00:00+08:00
511500,2026-07-05,event_trigger,22.9,2026-07-06T08:00:00+08:00,https://example.gov.cn/panel/511500,2026-07-05T18:00:00+08:00,2026-07-06T08:00:00+08:00
511500,2026-07-05,accessibility,19.1,2026-07-06T08:00:00+08:00,https://example.gov.cn/panel/511500,2026-07-05T18:00:00+08:00,2026-07-06T08:00:00+08:00
511500,2026-07-05,supply_capacity,17.3,2026-07-06T08:00:00+08:00,https://example.gov.cn/panel/511500,2026-07-05T18:00:00+08:00,2026-07-06T08:00:00+08:00
511500,2026-07-05,weather_fit,19.9,2026-07-06T08:00:00+08:00,https://example.gov.cn/panel/511500,2026-07-05T18:00:00+08:00,2026-07-06T08:00:00+08:00
511500,2026-07-05,novelty,23.4,2026-07-06T08:00:00+08:00,https://example.gov.cn/panel/511500,2026-07-05T18:00:00+08:00,2026-07-06T08:00:00+08:00
511500,2026-07-05,cross_region_spread,21.9,2026-07-06T08:00:00+08:00,https://example.gov.cn/panel/511500,2026-07-05T18:00:00+08:00,2026-07-06T08:00:00+08:00
511500,2026-07-05,risk_pressure,26,2026-07-06T08:00:00+08:00,https://example.gov.cn/panel/511500,2026-07-05T18:00:00+08:00,2026-07-06T08:00:00+08:00
511500,2026-07-06,content_growth,26.2,2026-07-07T08:00:00+08:00,https://example.gov.cn/panel/511500,2026-07-06T18:00:00+08:00,2026-07-07T08:00:00+08:00
511500,2026-07-06,search_growth,25.2,2026-07-07T08:00:00+08:00,https://example.gov.cn/panel/511500,2026-07-06T18:00:00+08:00,2026-07-07T08:00:00+08:00
511500,2026-07-06,event_trigger,23.6,2026-07-07T08:00:00+08:00,https://example.gov.cn/panel/511500,2026-07-06T18:00:00+08:00,2026-07-07T08:00:00+08:00
511500,2026-07-06,accessibility,19.7,2026-07-07T08:00:00+08:00,https://example.gov.cn/panel/511500,2026-07-06T18:00:00+08:00,2026-07-07T08:00:00+08:00
511500,2026-07-06,supply_capacity,17.8,2026-07-07T08:00:00+08:00,https://example.gov.cn/panel/511500,2026-07-06T18:00:00+08:00,2026-07-07T08:00:00+08:00
511500,2026-07-06,weather_fit,20.4,2026-07-07T08:00:00+08:00,https://example.gov.cn/panel/511500,2026-07-06T18:00:00+08:00,2026-07-07T08:00:00+08:00
511500,2026-07-06,novelty,24.1,2026-07-07T08:00:00+08:00,https://example.gov.cn/panel/511500,2026-07-06T18:00:00+08:00,2026-07-07T08:00:00+08:00
511500,2026-07-06,cross_region_spread,22.5,2026-07-07T08:00:00+08:00,https://example.gov.cn/panel/511500,2026-07-06T18:00:00+08:00,2026-07-07T08:00:00+08:00
511500,2026-07-06,risk_pressure,26,2026-07-07T08:00:00+08:00,https://example.gov.cn/panel/511500,2026-07-06T18:00:00+08:00,2026-07-07T08:00:00+08:00
511500,2026-07-07,content_growth,26.9,2026-07-08T08:00:00+08:00,https://example.gov.cn/panel/511500,2026-07-07T18:00:00+08:00,2026-07-08T08:00:00+08:00
511500,2026-07-07,search_growth,25.9,2026-07-08T08:00:00+08:00,https://example.gov.cn/panel/511500,2026-07-07T18:00:00+08:00,2026-07-08T08:00:00+08:00
511500,2026-07-07,event_trigger,24.3,2026-07-08T08:00:00+08:00,https://example.gov.cn/panel/511500,2026-07-07T18:00:00+08:00,2026-07-08T08:00:00+08:00
511500,2026-07-07,accessibility,20.2,2026-07-08T08:00:00+08:00,https://example.gov.cn/panel/511500,2026-07-07T18:00:00+08:00,2026-07-08T08:00:00+08:00
511500,2026-07-07,supply_capacity,18.3,2026-07-08T08:00:00+08:00,https://example.gov.cn/panel/511500,2026-07-07T18:00:00+08:00,2026-07-08T08:00:00+08:00
511500,2026-07-07,weather_fit,21.0,2026-07-08T08:00:00+08:00,https://example.gov.cn/panel/511500,2026-07-07T18:00:00+08:00,2026-07-08T08:00:00+08:00
511500,2026-07-07,novelty,24.8,2026-07-08T08:00:00+08:00,https://example.gov.cn/panel/511500,2026-07-07T18:00:00+08:00,2026-07-08T08:00:00+08:00
511500,2026-07-07,cross_region_spread,23.2,2026-07-08T08:00:00+08:00,https://example.gov.cn/panel/511500,2026-07-07T18:00:00+08:00,2026-07-08T08:00:00+08:00
511500,2026-07-07,risk_pressure,26,2026-07-08T08:00:00+08:00,https://example.gov.cn/panel/511500,2026-07-07T18:00:00+08:00,2026-07-08T08:00:00+08:00
511500,2026-07-08,content_growth,27.7,2026-07-09T08:00:00+08:00,https://example.gov.cn/panel/511500,2026-07-08T18:00:00+08:00,2026-07-09T08:00:00+08:00
511500,2026-07-08,search_growth,26.6,2026-07-09T08:00:00+08:00,https://example.gov.cn/panel/511500,2026-07-08T18:00:00+08:00,2026-07-09T08:00:00+08:00
511500,2026-07-08,event_trigger,24.9,2026-07-09T08:00:00+08:00,https://example.gov.cn/panel/511500,2026-07-08T18:00:00+08:00,2026-07-09T08:00:00+08:00
511500,2026-07-08,accessibility,20.8,2026-07-09T08:00:00+08:00,https://example.gov.cn/panel/511500,2026-07-08T18:00:00+08:00,2026-07-09T08:00:00+08:00
511500,2026-07-08,supply_capacity,18.8,2026-07-09T08:00:00+08:00,https://example.gov.cn/panel/511500,2026-07-08T18:00:00+08:00,2026-07-09T08:00:00+08:00
511500,2026-07-08,weather_fit,21.6,2026-07-09T08:00:00+08:00,https://example.gov.cn/panel/511500,2026-07-08T18:00:00+08:00,2026-07-09T08:00:00+08:00
511500,2026-07-08,novelty,25.5,2026-07-09T08:00:00+08:00,https://example.gov.cn/panel/511500,2026-07-08T18:00:00+08:00,2026-07-09T08:00:00+08:00
511500,2026-07-08,cross_region_spread,23.8,2026-07-09T08:00:00+08:00,https://example.gov.cn/panel/511500,2026-07-08T18:00:00+08:00,2026-07-09T08:00:00+08:00
511500,2026-07-08,risk_pressure,26,2026-07-09T08:00:00+08:00,https://example.gov.cn/panel/511500,2026-07-08T18:00:00+08:00,2026-07-09T08:00:00+08:00
511500,2026-07-09,content_growth,28.4,2026-07-10T08:00:00+08:00,https://example.gov.cn/panel/511500,2026-07-09T18:00:00+08:00,2026-07-10T08:00:00+08:00
511500,2026-07-09,search_growth,27.3,2026-07-10T08:00:00+08:00,https://example.gov.cn/panel/511500,2026-07-09T18:00:00+08:00,2026-07-10T08:00:00+08:00
511500,2026-07-09,event_trigger,25.6,2026-07-10T08:00:00+08:00,https://example.gov.cn/panel/511500,2026-07-09T18:00:00+08:00,2026-07-10T08:00:00+08:00
511500,2026-07-09,accessibility,21.3,2026-07-10T08:00:00+08:00,https://example.gov.cn/panel/511500,2026-07-09T18:00:00+08:00,2026-07-10T08:00:00+08:00
511500,2026-07-09,supply_capacity,19.3,2026-07-10T08:00:00+08:00,https://example.gov.cn/panel/511500,2026-07-09T18:00:00+08:00,2026-07-10T08:00:00+08:00
511500,2026-07-09,weather_fit,22.2,2026-07-10T08:00:00+08:00,https://example.gov.cn/panel/511500,2026-07-09T18:00:00+08:00,2026-07-10T08:00:00+08:00
511500,2026-07-09,novelty,26.1,2026-07-10T08:00:00+08:00,https://example.gov.cn/panel/511500,2026-07-09T18:00:00+08:00,2026-07-10T08:00:00+08:00
511500,2026-07-09,cross_region_spread,24.4,2026-07-10T08:00:00+08:00,https://example.gov.cn/panel/511500,2026-07-09T18:00:00+08:00,2026-07-10T08:00:00+08:00
511500,2026-07-09,risk_pressure,26,2026-07-10T08:00:00+08:00,https://example.gov.cn/panel/511500,2026-07-09T18:00:00+08:00,2026-07-10T08:00:00+08:00
511500,2026-07-10,content_growth,29.1,2026-07-11T08:00:00+08:00,https://example.gov.cn/panel/511500,2026-07-10T18:00:00+08:00,2026-07-11T08:00:00+08:00
511500,2026-07-10,search_growth,28.0,2026-07-11T08:00:00+08:00,https://example.gov.cn/panel/511500,2026-07-10T18:00:00+08:00,2026-07-11T08:00:00+08:00
511500,2026-07-10,event_trigger,26.2,2026-07-11T08:00:00+08:00,https://example.gov.cn/panel/511500,2026-07-10T18:00:00+08:00,2026-07-11T08:00:00+08:00
511500,2026-07-10,accessibility,21.9,2026-07-11T08:00:00+08:00,https://example.gov.cn/panel/511500,2026-07-10T18:00:00+08:00,2026-07-11T08:00:00+08:00
511500,2026-07-10,supply_capacity,19.8,2026-07-11T08:00:00+08:00,https://example.gov.cn/panel/511500,2026-07-10T18:00:00+08:00,2026-07-11T08:00:00+08:00
511500,2026-07-10,weather_fit,22.7,2026-07-11T08:00:00+08:00,https://example.gov.cn/panel/511500,2026-07-10T18:00:00+08:00,2026-07-11T08:00:00+08:00
511500,2026-07-10,novelty,26.8,2026-07-11T08:00:00+08:00,https://example.gov.cn/panel/511500,2026-07-10T18:00:00+08:00,2026-07-11T08:00:00+08:00
511500,2026-07-10,cross_region_spread,25.1,2026-07-11T08:00:00+08:00,https://example.gov.cn/panel/511500,2026-07-10T18:00:00+08:00,2026-07-11T08:00:00+08:00
511500,2026-07-10,risk_pressure,26,2026-07-11T08:00:00+08:00,https://example.gov.cn/panel/511500,2026-07-10T18:00:00+08:00,2026-07-11T08:00:00+08:00
511500,2026-07-11,content_growth,29.9,2026-07-12T08:00:00+08:00,https://example.gov.cn/panel/511500,2026-07-11T18:00:00+08:00,2026-07-12T08:00:00+08:00
511500,2026-07-11,search_growth,28.7,2026-07-12T08:00:00+08:00,https://example.gov.cn/panel/511500,2026-07-11T18:00:00+08:00,2026-07-12T08:00:00+08:00
511500,2026-07-11,event_trigger,26.9,2026-07-12T08:00:00+08:00,https://example.gov.cn/panel/511500,2026-07-11T18:00:00+08:00,2026-07-12T08:00:00+08:00
511500,2026-07-11,accessibility,22.4,2026-07-12T08:00:00+08:00,https://example.gov.cn/panel/511500,2026-07-11T18:00:00+08:00,2026-07-12T08:00:00+08:00
511500,2026-07-11,supply_capacity,20.3,2026-07-12T08:00:00+08:00,https://example.gov.cn/panel/511500,2026-07-11T18:00:00+08:00,2026-07-12T08:00:00+08:00
511500,2026-07-11,weather_fit,23.3,2026-07-12T08:00:00+08:00,https://example.gov.cn/panel/511500,2026-07-11T18:00:00+08:00,2026-07-12T08:00:00+08:00
511500,2026-07-11,novelty,27.5,2026-07-12T08:00:00+08:00,https://example.gov.cn/panel/511500,2026-07-11T18:00:00+08:00,2026-07-12T08:00:00+08:00
511500,2026-07-11,cross_region_spread,25.7,2026-07-12T08:00:00+08:00,https://example.gov.cn/panel/511500,2026-07-11T18:00:00+08:00,2026-07-12T08:00:00+08:00
511500,2026-07-11,risk_pressure,26,2026-07-12T08:00:00+08:00,https://example.gov.cn/panel/511500,2026-07-11T18:00:00+08:00,2026-07-12T08:00:00+08:00
511500,2026-07-12,content_growth,30.6,2026-07-13T08:00:00+08:00,https://example.gov.cn/panel/511500,2026-07-12T18:00:00+08:00,2026-07-13T08:00:00+08:00
511500,2026-07-12,search_growth,29.4,2026-07-13T08:00:00+08:00,https://example.gov.cn/panel/511500,2026-07-12T18:00:00+08:00,2026-07-13T08:00:00+08:00
511500,2026-07-12,event_trigger,27.6,2026-07-13T08:00:00+08:00,https://example.gov.cn/panel/511500,2026-07-12T18:00:00+08:00,2026-07-13T08:00:00+08:00
511500,2026-07-12,accessibility,23.0,2026-07-13T08:00:00+08:00,https://example.gov.cn/panel/511500,2026-07-12T18:00:00+08:00,2026-07-13T08:00:00+08:00
511500,2026-07-12,supply_capacity,20.8,2026-07-13T08:00:00+08:00,https://example.gov.cn/panel/511500,2026-07-12T18:00:00+08:00,2026-07-13T08:00:00+08:00
511500,2026-07-12,weather_fit,23.9,2026-07-13T08:00:00+08:00,https://example.gov.cn/panel/511500,2026-07-12T18:00:00+08:00,2026-07-13T08:00:00+08:00
511500,2026-07-12,novelty,28.2,2026-07-13T08:00:00+08:00,https://example.gov.cn/panel/511500,2026-07-12T18:00:00+08:00,2026-07-13T08:00:00+08:00
511500,2026-07-12,cross_region_spread,26.3,2026-07-13T08:00:00+08:00,https://example.gov.cn/panel/511500,2026-07-12T18:00:00+08:00,2026-07-13T08:00:00+08:00
511500,2026-07-12,risk_pressure,26,2026-07-13T08:00:00+08:00,https://example.gov.cn/panel/511500,2026-07-12T18:00:00+08:00,2026-07-13T08:00:00+08:00
511500,2026-07-13,content_growth,31.3,2026-07-14T08:00:00+08:00,https://example.gov.cn/panel/511500,2026-07-13T18:00:00+08:00,2026-07-14T08:00:00+08:00
511500,2026-07-13,search_growth,30.1,2026-07-14T08:00:00+08:00,https://example.gov.cn/panel/511500,2026-07-13T18:00:00+08:00,2026-07-14T08:00:00+08:00
511500,2026-07-13,event_trigger,28.2,2026-07-14T08:00:00+08:00,https://example.gov.cn/panel/511500,2026-07-13T18:00:00+08:00,2026-07-14T08:00:00+08:00
511500,2026-07-13,accessibility,23.5,2026-07-14T08:00:00+08:00,https://example.gov.cn/panel/511500,2026-07-13T18:00:00+08:00,2026-07-14T08:00:00+08:00
511500,2026-07-13,supply_capacity,21.3,2026-07-14T08:00:00+08:00,https://example.gov.cn/panel/511500,2026-07-13T18:00:00+08:00,2026-07-14T08:00:00+08:00
511500,2026-07-13,weather_fit,24.5,2026-07-14T08:00:00+08:00,https://example.gov.cn/panel/511500,2026-07-13T18:00:00+08:00,2026-07-14T08:00:00+08:00
511500,2026-07-13,novelty,28.8,2026-07-14T08:00:00+08:00,https://example.gov.cn/panel/511500,2026-07-13T18:00:00+08:00,2026-07-14T08:00:00+08:00
511500,2026-07-13,cross_region_spread,27.0,2026-07-14T08:00:00+08:00,https://example.gov.cn/panel/511500,2026-07-13T18:00:00+08:00,2026-07-14T08:00:00+08:00
511500,2026-07-13,risk_pressure,26,2026-07-14T08:00:00+08:00,https://example.gov.cn/panel/511500,2026-07-13T18:00:00+08:00,2026-07-14T08:00:00+08:00
511500,2026-07-14,content_growth,32.1,2026-07-15T08:00:00+08:00,https://example.gov.cn/panel/511500,2026-07-14T18:00:00+08:00,2026-07-15T08:00:00+08:00
511500,2026-07-14,search_growth,30.8,2026-07-15T08:00:00+08:00,https://example.gov.cn/panel/511500,2026-07-14T18:00:00+08:00,2026-07-15T08:00:00+08:00
511500,2026-07-14,event_trigger,28.9,2026-07-15T08:00:00+08:00,https://example.gov.cn/panel/511500,2026-07-14T18:00:00+08:00,2026-07-15T08:00:00+08:00
511500,2026-07-14,accessibility,24.1,2026-07-15T08:00:00+08:00,https://example.gov.cn/panel/511500,2026-07-14T18:00:00+08:00,2026-07-15T08:00:00+08:00
511500,2026-07-14,supply_capacity,21.8,2026-07-15T08:00:00+08:00,https://example.gov.cn/panel/511500,2026-07-14T18:00:00+08:00,2026-07-15T08:00:00+08:00
511500,2026-07-14,weather_fit,25.0,2026-07-15T08:00:00+08:00,https://example.gov.cn/panel/511500,2026-07-14T18:00:00+08:00,2026-07-15T08:00:00+08:00
511500,2026-07-14,novelty,29.5,2026-07-15T08:00:00+08:00,https://example.gov.cn/panel/511500,2026-07-14T18:00:00+08:00,2026-07-15T08:00:00+08:00
511500,2026-07-14,cross_region_spread,27.6,2026-07-15T08:00:00+08:00,https://example.gov.cn/panel/511500,2026-07-14T18:00:00+08:00,2026-07-15T08:00:00+08:00
511500,2026-07-14,risk_pressure,26,2026-07-15T08:00:00+08:00,https://example.gov.cn/panel/511500,2026-07-14T18:00:00+08:00,2026-07-15T08:00:00+08:00
511500,2026-07-15,content_growth,32.8,2026-07-16T08:00:00+08:00,https://example.gov.cn/panel/511500,2026-07-15T18:00:00+08:00,2026-07-16T08:00:00+08:00
511500,2026-07-15,search_growth,31.5,2026-07-16T08:00:00+08:00,https://example.gov.cn/panel/511500,2026-07-15T18:00:00+08:00,2026-07-16T08:00:00+08:00
511500,2026-07-15,event_trigger,29.5,2026-07-16T08:00:00+08:00,https://example.gov.cn/panel/511500,2026-07-15T18:00:00+08:00,2026-07-16T08:00:00+08:00
511500,2026-07-15,accessibility,24.6,2026-07-16T08:00:00+08:00,https://example.gov.cn/panel/511500,2026-07-15T18:00:00+08:00,2026-07-16T08:00:00+08:00
511500,2026-07-15,supply_capacity,22.3,2026-07-16T08:00:00+08:00,https://example.gov.cn/panel/511500,2026-07-15T18:00:00+08:00,2026-07-16T08:00:00+08:00
511500,2026-07-15,weather_fit,25.6,2026-07-16T08:00:00+08:00,https://example.gov.cn/panel/511500,2026-07-15T18:00:00+08:00,2026-07-16T08:00:00+08:00
511500,2026-07-15,novelty,30.2,2026-07-16T08:00:00+08:00,https://example.gov.cn/panel/511500,2026-07-15T18:00:00+08:00,2026-07-16T08:00:00+08:00
511500,2026-07-15,cross_region_spread,28.2,2026-07-16T08:00:00+08:00,https://example.gov.cn/panel/511500,2026-07-15T18:00:00+08:00,2026-07-16T08:00:00+08:00
511500,2026-07-15,risk_pressure,26,2026-07-16T08:00:00+08:00,https://example.gov.cn/panel/511500,2026-07-15T18:00:00+08:00,2026-07-16T08:00:00+08:00
511500,2026-07-16,content_growth,33.6,2026-07-17T08:00:00+08:00,https://example.gov.cn/panel/511500,2026-07-16T18:00:00+08:00,2026-07-17T08:00:00+08:00
511500,2026-07-16,search_growth,32.2,2026-07-17T08:00:00+08:00,https://example.gov.cn/panel/511500,2026-07-16T18:00:00+08:00,2026-07-17T08:00:00+08:00
511500,2026-07-16,event_trigger,30.2,2026-07-17T08:00:00+08:00,https://example.gov.cn/panel/511500,2026-07-16T18:00:00+08:00,2026-07-17T08:00:00+08:00
511500,2026-07-16,accessibility,25.2,2026-07-17T08:00:00+08:00,https://example.gov.cn/panel/511500,2026-07-16T18:00:00+08:00,2026-07-17T08:00:00+08:00
511500,2026-07-16,supply_capacity,22.8,2026-07-17T08:00:00+08:00,https://example.gov.cn/panel/511500,2026-07-16T18:00:00+08:00,2026-07-17T08:00:00+08:00
511500,2026-07-16,weather_fit,26.2,2026-07-17T08:00:00+08:00,https://example.gov.cn/panel/511500,2026-07-16T18:00:00+08:00,2026-07-17T08:00:00+08:00
511500,2026-07-16,novelty,30.9,2026-07-17T08:00:00+08:00,https://example.gov.cn/panel/511500,2026-07-16T18:00:00+08:00,2026-07-17T08:00:00+08:00
511500,2026-07-16,cross_region_spread,28.9,2026-07-17T08:00:00+08:00,https://example.gov.cn/panel/511500,2026-07-16T18:00:00+08:00,2026-07-17T08:00:00+08:00
511500,2026-07-16,risk_pressure,26,2026-07-17T08:00:00+08:00,https://example.gov.cn/panel/511500,2026-07-16T18:00:00+08:00,2026-07-17T08:00:00+08:00
511500,2026-07-17,content_growth,34.3,2026-07-18T08:00:00+08:00,https://example.gov.cn/panel/511500,2026-07-17T18:00:00+08:00,2026-07-18T08:00:00+08:00
511500,2026-07-17,search_growth,32.9,2026-07-18T08:00:00+08:00,https://example.gov.cn/panel/511500,2026-07-17T18:00:00+08:00,2026-07-18T08:00:00+08:00
511500,2026-07-17,event_trigger,30.9,2026-07-18T08:00:00+08:00,https://example.gov.cn/panel/511500,2026-07-17T18:00:00+08:00,2026-07-18T08:00:00+08:00
511500,2026-07-17,accessibility,25.7,2026-07-18T08:00:00+08:00,https://example.gov.cn/panel/511500,2026-07-17T18:00:00+08:00,2026-07-18T08:00:00+08:00
511500,2026-07-17,supply_capacity,23.3,2026-07-18T08:00:00+08:00,https://example.gov.cn/panel/511500,2026-07-17T18:00:00+08:00,2026-07-18T08:00:00+08:00
511500,2026-07-17,weather_fit,26.7,2026-07-18T08:00:00+08:00,https://example.gov.cn/panel/511500,2026-07-17T18:00:00+08:00,2026-07-18T08:00:00+08:00
511500,2026-07-17,novelty,31.5,2026-07-18T08:00:00+08:00,https://example.gov.cn/panel/511500,2026-07-17T18:00:00+08:00,2026-07-18T08:00:00+08:00
511500,2026-07-17,cross_region_spread,29.5,2026-07-18T08:00:00+08:00,https://example.gov.cn/panel/511500,2026-07-17T18:00:00+08:00,2026-07-18T08:00:00+08:00
511500,2026-07-17,risk_pressure,26,2026-07-18T08:00:00+08:00,https://example.gov.cn/panel/511500,2026-07-17T18:00:00+08:00,2026-07-18T08:00:00+08:00
511500,2026-07-18,content_growth,35.0,2026-07-19T08:00:00+08:00,https://example.gov.cn/panel/511500,2026-07-18T18:00:00+08:00,2026-07-19T08:00:00+08:00
511500,2026-07-18,search_growth,33.6,2026-07-19T08:00:00+08:00,https://example.gov.cn/panel/511500,2026-07-18T18:00:00+08:00,2026-07-19T08:00:00+08:00
511500,2026-07-18,event_trigger,31.5,2026-07-19T08:00:00+08:00,https://example.gov.cn/panel/511500,2026-07-18T18:00:00+08:00,2026-07-19T08:00:00+08:00
511500,2026-07-18,accessibility,26.3,2026-07-19T08:00:00+08:00,https://example.gov.cn/panel/511500,2026-07-18T18:00:00+08:00,2026-07-19T08:00:00+08:00
511500,2026-07-18,supply_capacity,23.8,2026-07-19T08:00:00+08:00,https://example.gov.cn/panel/511500,2026-07-18T18:00:00+08:00,2026-07-19T08:00:00+08:00
511500,2026-07-18,weather_fit,27.3,2026-07-19T08:00:00+08:00,https://example.gov.cn/panel/511500,2026-07-18T18:00:00+08:00,2026-07-19T08:00:00+08:00
511500,2026-07-18,novelty,32.2,2026-07-19T08:00:00+08:00,https://example.gov.cn/panel/511500,2026-07-18T18:00:00+08:00,2026-07-19T08:00:00+08:00
511500,2026-07-18,cross_region_spread,30.1,2026-07-19T08:00:00+08:00,https://example.gov.cn/panel/511500,2026-07-18T18:00:00+08:00,2026-07-19T08:00:00+08:00
511500,2026-07-18,risk_pressure,26,2026-07-19T08:00:00+08:00,https://example.gov.cn/panel/511500,2026-07-18T18:00:00+08:00,2026-07-19T08:00:00+08:00
511500,2026-07-19,content_growth,35.8,2026-07-20T08:00:00+08:00,https://example.gov.cn/panel/511500,2026-07-19T18:00:00+08:00,2026-07-20T08:00:00+08:00
511500,2026-07-19,search_growth,34.3,2026-07-20T08:00:00+08:00,https://example.gov.cn/panel/511500,2026-07-19T18:00:00+08:00,2026-07-20T08:00:00+08:00
511500,2026-07-19,event_trigger,32.2,2026-07-20T08:00:00+08:00,https://example.gov.cn/panel/511500,2026-07-19T18:00:00+08:00,2026-07-20T08:00:00+08:00
511500,2026-07-19,accessibility,26.8,2026-07-20T08:00:00+08:00,https://example.gov.cn/panel/511500,2026-07-19T18:00:00+08:00,2026-07-20T08:00:00+08:00
511500,2026-07-19,supply_capacity,24.3,2026-07-20T08:00:00+08:00,https://example.gov.cn/panel/511500,2026-07-19T18:00:00+08:00,2026-07-20T08:00:00+08:00
511500,2026-07-19,weather_fit,27.9,2026-07-20T08:00:00+08:00,https://example.gov.cn/panel/511500,2026-07-19T18:00:00+08:00,2026-07-20T08:00:00+08:00
511500,2026-07-19,novelty,32.9,2026-07-20T08:00:00+08:00,https://example.gov.cn/panel/511500,2026-07-19T18:00:00+08:00,2026-07-20T08:00:00+08:00
511500,2026-07-19,cross_region_spread,30.7,2026-07-20T08:00:00+08:00,https://example.gov.cn/panel/511500,2026-07-19T18:00:00+08:00,2026-07-20T08:00:00+08:00
511500,2026-07-19,risk_pressure,26,2026-07-20T08:00:00+08:00,https://example.gov.cn/panel/511500,2026-07-19T18:00:00+08:00,2026-07-20T08:00:00+08:00
511500,2026-07-20,content_growth,36.5,2026-07-21T08:00:00+08:00,https://example.gov.cn/panel/511500,2026-07-20T18:00:00+08:00,2026-07-21T08:00:00+08:00
511500,2026-07-20,search_growth,35.0,2026-07-21T08:00:00+08:00,https://example.gov.cn/panel/511500,2026-07-20T18:00:00+08:00,2026-07-21T08:00:00+08:00
511500,2026-07-20,event_trigger,32.8,2026-07-21T08:00:00+08:00,https://example.gov.cn/panel/511500,2026-07-20T18:00:00+08:00,2026-07-21T08:00:00+08:00
511500,2026-07-20,accessibility,27.4,2026-07-21T08:00:00+08:00,https://example.gov.cn/panel/511500,2026-07-20T18:00:00+08:00,2026-07-21T08:00:00+08:00
511500,2026-07-20,supply_capacity,24.8,2026-07-21T08:00:00+08:00,https://example.gov.cn/panel/511500,2026-07-20T18:00:00+08:00,2026-07-21T08:00:00+08:00
511500,2026-07-20,weather_fit,28.5,2026-07-21T08:00:00+08:00,https://example.gov.cn/panel/511500,2026-07-20T18:00:00+08:00,2026-07-21T08:00:00+08:00
511500,2026-07-20,novelty,33.6,2026-07-21T08:00:00+08:00,https://example.gov.cn/panel/511500,2026-07-20T18:00:00+08:00,2026-07-21T08:00:00+08:00
511500,2026-07-20,cross_region_spread,31.4,2026-07-21T08:00:00+08:00,https://example.gov.cn/panel/511500,2026-07-20T18:00:00+08:00,2026-07-21T08:00:00+08:00
511500,2026-07-20,risk_pressure,26,2026-07-21T08:00:00+08:00,https://example.gov.cn/panel/511500,2026-07-20T18:00:00+08:00,2026-07-21T08:00:00+08:00
511500,2026-07-21,content_growth,37.2,2026-07-22T08:00:00+08:00,https://example.gov.cn/panel/511500,2026-07-21T18:00:00+08:00,2026-07-22T08:00:00+08:00
511500,2026-07-21,search_growth,35.7,2026-07-22T08:00:00+08:00,https://example.gov.cn/panel/511500,2026-07-21T18:00:00+08:00,2026-07-22T08:00:00+08:00
511500,2026-07-21,event_trigger,33.5,2026-07-22T08:00:00+08:00,https://example.gov.cn/panel/511500,2026-07-21T18:00:00+08:00,2026-07-22T08:00:00+08:00
511500,2026-07-21,accessibility,27.9,2026-07-22T08:00:00+08:00,https://example.gov.cn/panel/511500,2026-07-21T18:00:00+08:00,2026-07-22T08:00:00+08:00
511500,2026-07-21,supply_capacity,25.3,2026-07-22T08:00:00+08:00,https://example.gov.cn/panel/511500,2026-07-21T18:00:00+08:00,2026-07-22T08:00:00+08:00
511500,2026-07-21,weather_fit,29.0,2026-07-22T08:00:00+08:00,https://example.gov.cn/panel/511500,2026-07-21T18:00:00+08:00,2026-07-22T08:00:00+08:00
511500,2026-07-21,novelty,34.2,2026-07-22T08:00:00+08:00,https://example.gov.cn/panel/511500,2026-07-21T18:00:00+08:00,2026-07-22T08:00:00+08:00
511500,2026-07-21,cross_region_spread,32.0,2026-07-22T08:00:00+08:00,https://example.gov.cn/panel/511500,2026-07-21T18:00:00+08:00,2026-07-22T08:00:00+08:00
511500,2026-07-21,risk_pressure,26,2026-07-22T08:00:00+08:00,https://example.gov.cn/panel/511500,2026-07-21T18:00:00+08:00,2026-07-22T08:00:00+08:00
511500,2026-07-22,content_growth,38.0,2026-07-23T08:00:00+08:00,https://example.gov.cn/panel/511500,2026-07-22T18:00:00+08:00,2026-07-23T08:00:00+08:00
511500,2026-07-22,search_growth,36.4,2026-07-23T08:00:00+08:00,https://example.gov.cn/panel/511500,2026-07-22T18:00:00+08:00,2026-07-23T08:00:00+08:00
511500,2026-07-22,event_trigger,34.2,2026-07-23T08:00:00+08:00,https://example.gov.cn/panel/511500,2026-07-22T18:00:00+08:00,2026-07-23T08:00:00+08:00
511500,2026-07-22,accessibility,28.5,2026-07-23T08:00:00+08:00,https://example.gov.cn/panel/511500,2026-07-22T18:00:00+08:00,2026-07-23T08:00:00+08:00
511500,2026-07-22,supply_capacity,25.8,2026-07-23T08:00:00+08:00,https://example.gov.cn/panel/511500,2026-07-22T18:00:00+08:00,2026-07-23T08:00:00+08:00
511500,2026-07-22,weather_fit,29.6,2026-07-23T08:00:00+08:00,https://example.gov.cn/panel/511500,2026-07-22T18:00:00+08:00,2026-07-23T08:00:00+08:00
511500,2026-07-22,novelty,34.9,2026-07-23T08:00:00+08:00,https://example.gov.cn/panel/511500,2026-07-22T18:00:00+08:00,2026-07-23T08:00:00+08:00
511500,2026-07-22,cross_region_spread,32.6,2026-07-23T08:00:00+08:00,https://example.gov.cn/panel/511500,2026-07-22T18:00:00+08:00,2026-07-23T08:00:00+08:00
511500,2026-07-22,risk_pressure,26,2026-07-23T08:00:00+08:00,https://example.gov.cn/panel/511500,2026-07-22T18:00:00+08:00,2026-07-23T08:00:00+08:00
511500,2026-07-23,content_growth,38.7,2026-07-24T08:00:00+08:00,https://example.gov.cn/panel/511500,2026-07-23T18:00:00+08:00,2026-07-24T08:00:00+08:00
511500,2026-07-23,search_growth,37.1,2026-07-24T08:00:00+08:00,https://example.gov.cn/panel/511500,2026-07-23T18:00:00+08:00,2026-07-24T08:00:00+08:00
511500,2026-07-23,event_trigger,34.8,2026-07-24T08:00:00+08:00,https://example.gov.cn/panel/511500,2026-07-23T18:00:00+08:00,2026-07-24T08:00:00+08:00
511500,2026-07-23,accessibility,29.0,2026-07-24T08:00:00+08:00,https://example.gov.cn/panel/511500,2026-07-23T18:00:00+08:00,2026-07-24T08:00:00+08:00
511500,2026-07-23,supply_capacity,26.3,2026-07-24T08:00:00+08:00,https://example.gov.cn/panel/511500,2026-07-23T18:00:00+08:00,2026-07-24T08:00:00+08:00
511500,2026-07-23,weather_fit,30.2,2026-07-24T08:00:00+08:00,https://example.gov.cn/panel/511500,2026-07-23T18:00:00+08:00,2026-07-24T08:00:00+08:00
511500,2026-07-23,novelty,35.6,2026-07-24T08:00:00+08:00,https://example.gov.cn/panel/511500,2026-07-23T18:00:00+08:00,2026-07-24T08:00:00+08:00
511500,2026-07-23,cross_region_spread,33.3,2026-07-24T08:00:00+08:00,https://example.gov.cn/panel/511500,2026-07-23T18:00:00+08:00,2026-07-24T08:00:00+08:00
511500,2026-07-23,risk_pressure,26,2026-07-24T08:00:00+08:00,https://example.gov.cn/panel/511500,2026-07-23T18:00:00+08:00,2026-07-24T08:00:00+08:00
511500,2026-07-24,content_growth,39.4,2026-07-25T08:00:00+08:00,https://example.gov.cn/panel/511500,2026-07-24T18:00:00+08:00,2026-07-25T08:00:00+08:00
511500,2026-07-24,search_growth,37.8,2026-07-25T08:00:00+08:00,https://example.gov.cn/panel/511500,2026-07-24T18:00:00+08:00,2026-07-25T08:00:00+08:00
511500,2026-07-24,event_trigger,35.5,2026-07-25T08:00:00+08:00,https://example.gov.cn/panel/511500,2026-07-24T18:00:00+08:00,2026-07-25T08:00:00+08:00
511500,2026-07-24,accessibility,29.6,2026-07-25T08:00:00+08:00,https://example.gov.cn/panel/511500,2026-07-24T18:00:00+08:00,2026-07-25T08:00:00+08:00
511500,2026-07-24,supply_capacity,26.8,2026-07-25T08:00:00+08:00,https://example.gov.cn/panel/511500,2026-07-24T18:00:00+08:00,2026-07-25T08:00:00+08:00
511500,2026-07-24,weather_fit,30.7,2026-07-25T08:00:00+08:00,https://example.gov.cn/panel/511500,2026-07-24T18:00:00+08:00,2026-07-25T08:00:00+08:00
511500,2026-07-24,novelty,36.3,2026-07-25T08:00:00+08:00,https://example.gov.cn/panel/511500,2026-07-24T18:00:00+08:00,2026-07-25T08:00:00+08:00
511500,2026-07-24,cross_region_spread,33.9,2026-07-25T08:00:00+08:00,https://example.gov.cn/panel/511500,2026-07-24T18:00:00+08:00,2026-07-25T08:00:00+08:00
511500,2026-07-24,risk_pressure,26,2026-07-25T08:00:00+08:00,https://example.gov.cn/panel/511500,2026-07-24T18:00:00+08:00,2026-07-25T08:00:00+08:00
511500,2026-07-25,content_growth,40.2,2026-07-26T08:00:00+08:00,https://example.gov.cn/panel/511500,2026-07-25T18:00:00+08:00,2026-07-26T08:00:00+08:00
511500,2026-07-25,search_growth,38.5,2026-07-26T08:00:00+08:00,https://example.gov.cn/panel/511500,2026-07-25T18:00:00+08:00,2026-07-26T08:00:00+08:00
511500,2026-07-25,event_trigger,36.1,2026-07-26T08:00:00+08:00,https://example.gov.cn/panel/511500,2026-07-25T18:00:00+08:00,2026-07-26T08:00:00+08:00
511500,2026-07-25,accessibility,30.1,2026-07-26T08:00:00+08:00,https://example.gov.cn/panel/511500,2026-07-25T18:00:00+08:00,2026-07-26T08:00:00+08:00
511500,2026-07-25,supply_capacity,27.3,2026-07-26T08:00:00+08:00,https://example.gov.cn/panel/511500,2026-07-25T18:00:00+08:00,2026-07-26T08:00:00+08:00
511500,2026-07-25,weather_fit,31.3,2026-07-26T08:00:00+08:00,https://example.gov.cn/panel/511500,2026-07-25T18:00:00+08:00,2026-07-26T08:00:00+08:00
511500,2026-07-25,novelty,36.9,2026-07-26T08:00:00+08:00,https://example.gov.cn/panel/511500,2026-07-25T18:00:00+08:00,2026-07-26T08:00:00+08:00
511500,2026-07-25,cross_region_spread,34.5,2026-07-26T08:00:00+08:00,https://example.gov.cn/panel/511500,2026-07-25T18:00:00+08:00,2026-07-26T08:00:00+08:00
511500,2026-07-25,risk_pressure,26,2026-07-26T08:00:00+08:00,https://example.gov.cn/panel/511500,2026-07-25T18:00:00+08:00,2026-07-26T08:00:00+08:00
511500,2026-07-26,content_growth,40.9,2026-07-27T08:00:00+08:00,https://example.gov.cn/panel/511500,2026-07-26T18:00:00+08:00,2026-07-27T08:00:00+08:00
511500,2026-07-26,search_growth,39.3,2026-07-27T08:00:00+08:00,https://example.gov.cn/panel/511500,2026-07-26T18:00:00+08:00,2026-07-27T08:00:00+08:00
511500,2026-07-26,event_trigger,36.8,2026-07-27T08:00:00+08:00,https://example.gov.cn/panel/511500,2026-07-26T18:00:00+08:00,2026-07-27T08:00:00+08:00
511500,2026-07-26,accessibility,30.7,2026-07-27T08:00:00+08:00,https://example.gov.cn/panel/511500,2026-07-26T18:00:00+08:00,2026-07-27T08:00:00+08:00
511500,2026-07-26,supply_capacity,27.8,2026-07-27T08:00:00+08:00,https://example.gov.cn/panel/511500,2026-07-26T18:00:00+08:00,2026-07-27T08:00:00+08:00
511500,2026-07-26,weather_fit,31.9,2026-07-27T08:00:00+08:00,https://example.gov.cn/panel/511500,2026-07-26T18:00:00+08:00,2026-07-27T08:00:00+08:00
511500,2026-07-26,novelty,37.6,2026-07-27T08:00:00+08:00,https://example.gov.cn/panel/511500,2026-07-26T18:00:00+08:00,2026-07-27T08:00:00+08:00
511500,2026-07-26,cross_region_spread,35.2,2026-07-27T08:00:00+08:00,https://example.gov.cn/panel/511500,2026-07-26T18:00:00+08:00,2026-07-27T08:00:00+08:00
511500,2026-07-26,risk_pressure,26,2026-07-27T08:00:00+08:00,https://example.gov.cn/panel/511500,2026-07-26T18:00:00+08:00,2026-07-27T08:00:00+08:00
511500,2026-07-27,content_growth,41.6,2026-07-28T08:00:00+08:00,https://example.gov.cn/panel/511500,2026-07-27T18:00:00+08:00,2026-07-28T08:00:00+08:00
511500,2026-07-27,search_growth,40.0,2026-07-28T08:00:00+08:00,https://example.gov.cn/panel/511500,2026-07-27T18:00:00+08:00,2026-07-28T08:00:00+08:00
511500,2026-07-27,event_trigger,37.5,2026-07-28T08:00:00+08:00,https://example.gov.cn/panel/511500,2026-07-27T18:00:00+08:00,2026-07-28T08:00:00+08:00
511500,2026-07-27,accessibility,31.2,2026-07-28T08:00:00+08:00,https://example.gov.cn/panel/511500,2026-07-27T18:00:00+08:00,2026-07-28T08:00:00+08:00
511500,2026-07-27,supply_capacity,28.3,2026-07-28T08:00:00+08:00,https://example.gov.cn/panel/511500,2026-07-27T18:00:00+08:00,2026-07-28T08:00:00+08:00
511500,2026-07-27,weather_fit,32.5,2026-07-28T08:00:00+08:00,https://example.gov.cn/panel/511500,2026-07-27T18:00:00+08:00,2026-07-28T08:00:00+08:00
511500,2026-07-27,novelty,38.3,2026-07-28T08:00:00+08:00,https://example.gov.cn/panel/511500,2026-07-27T18:00:00+08:00,2026-07-28T08:00:00+08:00
511500,2026-07-27,cross_region_spread,35.8,2026-07-28T08:00:00+08:00,https://example.gov.cn/panel/511500,2026-07-27T18:00:00+08:00,2026-07-28T08:00:00+08:00
511500,2026-07-27,risk_pressure,26,2026-07-28T08:00:00+08:00,https://example.gov.cn/panel/511500,2026-07-27T18:00:00+08:00,2026-07-28T08:00:00+08:00
511500,2026-07-28,content_growth,42.4,2026-07-29T08:00:00+08:00,https://example.gov.cn/panel/511500,2026-07-28T18:00:00+08:00,2026-07-29T08:00:00+08:00
511500,2026-07-28,search_growth,40.7,2026-07-29T08:00:00+08:00,https://example.gov.cn/panel/511500,2026-07-28T18:00:00+08:00,2026-07-29T08:00:00+08:00
511500,2026-07-28,event_trigger,38.1,2026-07-29T08:00:00+08:00,https://example.gov.cn/panel/511500,2026-07-28T18:00:00+08:00,2026-07-29T08:00:00+08:00
511500,2026-07-28,accessibility,31.8,2026-07-29T08:00:00+08:00,https://example.gov.cn/panel/511500,2026-07-28T18:00:00+08:00,2026-07-29T08:00:00+08:00
511500,2026-07-28,supply_capacity,28.8,2026-07-29T08:00:00+08:00,https://example.gov.cn/panel/511500,2026-07-28T18:00:00+08:00,2026-07-29T08:00:00+08:00
511500,2026-07-28,weather_fit,33.0,2026-07-29T08:00:00+08:00,https://example.gov.cn/panel/511500,2026-07-28T18:00:00+08:00,2026-07-29T08:00:00+08:00
511500,2026-07-28,novelty,39.0,2026-07-29T08:00:00+08:00,https://example.gov.cn/panel/511500,2026-07-28T18:00:00+08:00,2026-07-29T08:00:00+08:00
511500,2026-07-28,cross_region_spread,36.4,2026-07-29T08:00:00+08:00,https://example.gov.cn/panel/511500,2026-07-28T18:00:00+08:00,2026-07-29T08:00:00+08:00
511500,2026-07-28,risk_pressure,26,2026-07-29T08:00:00+08:00,https://example.gov.cn/panel/511500,2026-07-28T18:00:00+08:00,2026-07-29T08:00:00+08:00
511500,2026-07-29,content_growth,43.1,2026-07-30T08:00:00+08:00,https://example.gov.cn/panel/511500,2026-07-29T18:00:00+08:00,2026-07-30T08:00:00+08:00
511500,2026-07-29,search_growth,41.4,2026-07-30T08:00:00+08:00,https://example.gov.cn/panel/511500,2026-07-29T18:00:00+08:00,2026-07-30T08:00:00+08:00
511500,2026-07-29,event_trigger,38.8,2026-07-30T08:00:00+08:00,https://example.gov.cn/panel/511500,2026-07-29T18:00:00+08:00,2026-07-30T08:00:00+08:00
511500,2026-07-29,accessibility,32.3,2026-07-30T08:00:00+08:00,https://example.gov.cn/panel/511500,2026-07-29T18:00:00+08:00,2026-07-30T08:00:00+08:00
511500,2026-07-29,supply_capacity,29.3,2026-07-30T08:00:00+08:00,https://example.gov.cn/panel/511500,2026-07-29T18:00:00+08:00,2026-07-30T08:00:00+08:00
511500,2026-07-29,weather_fit,33.6,2026-07-30T08:00:00+08:00,https://example.gov.cn/panel/511500,2026-07-29T18:00:00+08:00,2026-07-30T08:00:00+08:00
511500,2026-07-29,novelty,39.6,2026-07-30T08:00:00+08:00,https://example.gov.cn/panel/511500,2026-07-29T18:00:00+08:00,2026-07-30T08:00:00+08:00
511500,2026-07-29,cross_region_spread,37.1,2026-07-30T08:00:00+08:00,https://example.gov.cn/panel/511500,2026-07-29T18:00:00+08:00,2026-07-30T08:00:00+08:00
511500,2026-07-29,risk_pressure,26,2026-07-30T08:00:00+08:00,https://example.gov.cn/panel/511500,2026-07-29T18:00:00+08:00,2026-07-30T08:00:00+08:00
511500,2026-07-30,content_growth,43.8,2026-07-31T08:00:00+08:00,https://example.gov.cn/panel/511500,2026-07-30T18:00:00+08:00,2026-07-31T08:00:00+08:00
511500,2026-07-30,search_growth,42.1,2026-07-31T08:00:00+08:00,https://example.gov.cn/panel/511500,2026-07-30T18:00:00+08:00,2026-07-31T08:00:00+08:00
511500,2026-07-30,event_trigger,39.4,2026-07-31T08:00:00+08:00,https://example.gov.cn/panel/511500,2026-07-30T18:00:00+08:00,2026-07-31T08:00:00+08:00
511500,2026-07-30,accessibility,32.9,2026-07-31T08:00:00+08:00,https://example.gov.cn/panel/511500,2026-07-30T18:00:00+08:00,2026-07-31T08:00:00+08:00
511500,2026-07-30,supply_capacity,29.8,2026-07-31T08:00:00+08:00,https://example.gov.cn/panel/511500,2026-07-30T18:00:00+08:00,2026-07-31T08:00:00+08:00
511500,2026-07-30,weather_fit,34.2,2026-07-31T08:00:00+08:00,https://example.gov.cn/panel/511500,2026-07-30T18:00:00+08:00,2026-07-31T08:00:00+08:00
511500,2026-07-30,novelty,40.3,2026-07-31T08:00:00+08:00,https://example.gov.cn/panel/511500,2026-07-30T18:00:00+08:00,2026-07-31T08:00:00+08:00
511500,2026-07-30,cross_region_spread,37.7,2026-07-31T08:00:00+08:00,https://example.gov.cn/panel/511500,2026-07-30T18:00:00+08:00,2026-07-31T08:00:00+08:00
511500,2026-07-30,risk_pressure,26,2026-07-31T08:00:00+08:00,https://example.gov.cn/panel/511500,2026-07-30T18:00:00+08:00,2026-07-31T08:00:00+08:00
511500,2026-07-31,content_growth,44.6,2026-08-01T08:00:00+08:00,https://example.gov.cn/panel/511500,2026-07-31T18:00:00+08:00,2026-08-01T08:00:00+08:00
511500,2026-07-31,search_growth,42.8,2026-08-01T08:00:00+08:00,https://example.gov.cn/panel/511500,2026-07-31T18:00:00+08:00,2026-08-01T08:00:00+08:00
511500,2026-07-31,event_trigger,40.1,2026-08-01T08:00:00+08:00,https://example.gov.cn/panel/511500,2026-07-31T18:00:00+08:00,2026-08-01T08:00:00+08:00
511500,2026-07-31,accessibility,33.4,2026-08-01T08:00:00+08:00,https://example.gov.cn/panel/511500,2026-07-31T18:00:00+08:00,2026-08-01T08:00:00+08:00
511500,2026-07-31,supply_capacity,30.3,2026-08-01T08:00:00+08:00,https://example.gov.cn/panel/511500,2026-07-31T18:00:00+08:00,2026-08-01T08:00:00+08:00
511500,2026-07-31,weather_fit,34.8,2026-08-01T08:00:00+08:00,https://example.gov.cn/panel/511500,2026-07-31T18:00:00+08:00,2026-08-01T08:00:00+08:00
511500,2026-07-31,novelty,41.0,2026-08-01T08:00:00+08:00,https://example.gov.cn/panel/511500,2026-07-31T18:00:00+08:00,2026-08-01T08:00:00+08:00
511500,2026-07-31,cross_region_spread,38.3,2026-08-01T08:00:00+08:00,https://example.gov.cn/panel/511500,2026-07-31T18:00:00+08:00,2026-08-01T08:00:00+08:00
511500,2026-07-31,risk_pressure,26,2026-08-01T08:00:00+08:00,https://example.gov.cn/panel/511500,2026-07-31T18:00:00+08:00,2026-08-01T08:00:00+08:00
511500,2026-08-01,content_growth,45.3,2026-08-02T08:00:00+08:00,https://example.gov.cn/panel/511500,2026-08-01T18:00:00+08:00,2026-08-02T08:00:00+08:00
511500,2026-08-01,search_growth,43.5,2026-08-02T08:00:00+08:00,https://example.gov.cn/panel/511500,2026-08-01T18:00:00+08:00,2026-08-02T08:00:00+08:00
511500,2026-08-01,event_trigger,40.8,2026-08-02T08:00:00+08:00,https://example.gov.cn/panel/511500,2026-08-01T18:00:00+08:00,2026-08-02T08:00:00+08:00
511500,2026-08-01,accessibility,34.0,2026-08-02T08:00:00+08:00,https://example.gov.cn/panel/511500,2026-08-01T18:00:00+08:00,2026-08-02T08:00:00+08:00
511500,2026-08-01,supply_capacity,30.8,2026-08-02T08:00:00+08:00,https://example.gov.cn/panel/511500,2026-08-01T18:00:00+08:00,2026-08-02T08:00:00+08:00
511500,2026-08-01,weather_fit,35.3,2026-08-02T08:00:00+08:00,https://example.gov.cn/panel/511500,2026-08-01T18:00:00+08:00,2026-08-02T08:00:00+08:00
511500,2026-08-01,novelty,41.7,2026-08-02T08:00:00+08:00,https://example.gov.cn/panel/511500,2026-08-01T18:00:00+08:00,2026-08-02T08:00:00+08:00
511500,2026-08-01,cross_region_spread,38.9,2026-08-02T08:00:00+08:00,https://example.gov.cn/panel/511500,2026-08-01T18:00:00+08:00,2026-08-02T08:00:00+08:00
511500,2026-08-01,risk_pressure,26,2026-08-02T08:00:00+08:00,https://example.gov.cn/panel/511500,2026-08-01T18:00:00+08:00,2026-08-02T08:00:00+08:00
511500,2026-08-02,content_growth,46.0,2026-08-03T08:00:00+08:00,https://example.gov.cn/panel/511500,2026-08-02T18:00:00+08:00,2026-08-03T08:00:00+08:00
511500,2026-08-02,search_growth,44.2,2026-08-03T08:00:00+08:00,https://example.gov.cn/panel/511500,2026-08-02T18:00:00+08:00,2026-08-03T08:00:00+08:00
511500,2026-08-02,event_trigger,41.4,2026-08-03T08:00:00+08:00,https://example.gov.cn/panel/511500,2026-08-02T18:00:00+08:00,2026-08-03T08:00:00+08:00
511500,2026-08-02,accessibility,34.5,2026-08-03T08:00:00+08:00,https://example.gov.cn/panel/511500,2026-08-02T18:00:00+08:00,2026-08-03T08:00:00+08:00
511500,2026-08-02,supply_capacity,31.3,2026-08-03T08:00:00+08:00,https://example.gov.cn/panel/511500,2026-08-02T18:00:00+08:00,2026-08-03T08:00:00+08:00
511500,2026-08-02,weather_fit,35.9,2026-08-03T08:00:00+08:00,https://example.gov.cn/panel/511500,2026-08-02T18:00:00+08:00,2026-08-03T08:00:00+08:00
511500,2026-08-02,novelty,42.3,2026-08-03T08:00:00+08:00,https://example.gov.cn/panel/511500,2026-08-02T18:00:00+08:00,2026-08-03T08:00:00+08:00
511500,2026-08-02,cross_region_spread,39.6,2026-08-03T08:00:00+08:00,https://example.gov.cn/panel/511500,2026-08-02T18:00:00+08:00,2026-08-03T08:00:00+08:00
511500,2026-08-02,risk_pressure,26,2026-08-03T08:00:00+08:00,https://example.gov.cn/panel/511500,2026-08-02T18:00:00+08:00,2026-08-03T08:00:00+08:00
511500,2026-08-03,content_growth,46.8,2026-08-04T08:00:00+08:00,https://example.gov.cn/panel/511500,2026-08-03T18:00:00+08:00,2026-08-04T08:00:00+08:00
511500,2026-08-03,search_growth,44.9,2026-08-04T08:00:00+08:00,https://example.gov.cn/panel/511500,2026-08-03T18:00:00+08:00,2026-08-04T08:00:00+08:00
511500,2026-08-03,event_trigger,42.1,2026-08-04T08:00:00+08:00,https://example.gov.cn/panel/511500,2026-08-03T18:00:00+08:00,2026-08-04T08:00:00+08:00
511500,2026-08-03,accessibility,35.1,2026-08-04T08:00:00+08:00,https://example.gov.cn/panel/511500,2026-08-03T18:00:00+08:00,2026-08-04T08:00:00+08:00
511500,2026-08-03,supply_capacity,31.8,2026-08-04T08:00:00+08:00,https://example.gov.cn/panel/511500,2026-08-03T18:00:00+08:00,2026-08-04T08:00:00+08:00
511500,2026-08-03,weather_fit,36.5,2026-08-04T08:00:00+08:00,https://example.gov.cn/panel/511500,2026-08-03T18:00:00+08:00,2026-08-04T08:00:00+08:00
511500,2026-08-03,novelty,43.0,2026-08-04T08:00:00+08:00,https://example.gov.cn/panel/511500,2026-08-03T18:00:00+08:00,2026-08-04T08:00:00+08:00
511500,2026-08-03,cross_region_spread,40.2,2026-08-04T08:00:00+08:00,https://example.gov.cn/panel/511500,2026-08-03T18:00:00+08:00,2026-08-04T08:00:00+08:00
511500,2026-08-03,risk_pressure,26,2026-08-04T08:00:00+08:00,https://example.gov.cn/panel/511500,2026-08-03T18:00:00+08:00,2026-08-04T08:00:00+08:00
511500,2026-08-04,content_growth,47.5,2026-08-05T08:00:00+08:00,https://example.gov.cn/panel/511500,2026-08-04T18:00:00+08:00,2026-08-05T08:00:00+08:00
511500,2026-08-04,search_growth,45.6,2026-08-05T08:00:00+08:00,https://example.gov.cn/panel/511500,2026-08-04T18:00:00+08:00,2026-08-05T08:00:00+08:00
511500,2026-08-04,event_trigger,42.7,2026-08-05T08:00:00+08:00,https://example.gov.cn/panel/511500,2026-08-04T18:00:00+08:00,2026-08-05T08:00:00+08:00
511500,2026-08-04,accessibility,35.6,2026-08-05T08:00:00+08:00,https://example.gov.cn/panel/511500,2026-08-04T18:00:00+08:00,2026-08-05T08:00:00+08:00
511500,2026-08-04,supply_capacity,32.3,2026-08-05T08:00:00+08:00,https://example.gov.cn/panel/511500,2026-08-04T18:00:00+08:00,2026-08-05T08:00:00+08:00
511500,2026-08-04,weather_fit,37.0,2026-08-05T08:00:00+08:00,https://example.gov.cn/panel/511500,2026-08-04T18:00:00+08:00,2026-08-05T08:00:00+08:00
511500,2026-08-04,novelty,43.7,2026-08-05T08:00:00+08:00,https://example.gov.cn/panel/511500,2026-08-04T18:00:00+08:00,2026-08-05T08:00:00+08:00
511500,2026-08-04,cross_region_spread,40.8,2026-08-05T08:00:00+08:00,https://example.gov.cn/panel/511500,2026-08-04T18:00:00+08:00,2026-08-05T08:00:00+08:00
511500,2026-08-04,risk_pressure,26,2026-08-05T08:00:00+08:00,https://example.gov.cn/panel/511500,2026-08-04T18:00:00+08:00,2026-08-05T08:00:00+08:00
511500,2026-08-05,content_growth,48.2,2026-08-06T08:00:00+08:00,https://example.gov.cn/panel/511500,2026-08-05T18:00:00+08:00,2026-08-06T08:00:00+08:00
511500,2026-08-05,search_growth,46.3,2026-08-06T08:00:00+08:00,https://example.gov.cn/panel/511500,2026-08-05T18:00:00+08:00,2026-08-06T08:00:00+08:00
511500,2026-08-05,event_trigger,43.4,2026-08-06T08:00:00+08:00,https://example.gov.cn/panel/511500,2026-08-05T18:00:00+08:00,2026-08-06T08:00:00+08:00
511500,2026-08-05,accessibility,36.2,2026-08-06T08:00:00+08:00,https://example.gov.cn/panel/511500,2026-08-05T18:00:00+08:00,2026-08-06T08:00:00+08:00
511500,2026-08-05,supply_capacity,32.8,2026-08-06T08:00:00+08:00,https://example.gov.cn/panel/511500,2026-08-05T18:00:00+08:00,2026-08-06T08:00:00+08:00
511500,2026-08-05,weather_fit,37.6,2026-08-06T08:00:00+08:00,https://example.gov.cn/panel/511500,2026-08-05T18:00:00+08:00,2026-08-06T08:00:00+08:00
511500,2026-08-05,novelty,44.4,2026-08-06T08:00:00+08:00,https://example.gov.cn/panel/511500,2026-08-05T18:00:00+08:00,2026-08-06T08:00:00+08:00
511500,2026-08-05,cross_region_spread,41.5,2026-08-06T08:00:00+08:00,https://example.gov.cn/panel/511500,2026-08-05T18:00:00+08:00,2026-08-06T08:00:00+08:00
511500,2026-08-05,risk_pressure,26,2026-08-06T08:00:00+08:00,https://example.gov.cn/panel/511500,2026-08-05T18:00:00+08:00,2026-08-06T08:00:00+08:00
511500,2026-08-06,content_growth,49.0,2026-08-07T08:00:00+08:00,https://example.gov.cn/panel/511500,2026-08-06T18:00:00+08:00,2026-08-07T08:00:00+08:00
511500,2026-08-06,search_growth,47.0,2026-08-07T08:00:00+08:00,https://example.gov.cn/panel/511500,2026-08-06T18:00:00+08:00,2026-08-07T08:00:00+08:00
511500,2026-08-06,event_trigger,44.1,2026-08-07T08:00:00+08:00,https://example.gov.cn/panel/511500,2026-08-06T18:00:00+08:00,2026-08-07T08:00:00+08:00
511500,2026-08-06,accessibility,36.7,2026-08-07T08:00:00+08:00,https://example.gov.cn/panel/511500,2026-08-06T18:00:00+08:00,2026-08-07T08:00:00+08:00
511500,2026-08-06,supply_capacity,33.3,2026-08-07T08:00:00+08:00,https://example.gov.cn/panel/511500,2026-08-06T18:00:00+08:00,2026-08-07T08:00:00+08:00
511500,2026-08-06,weather_fit,38.2,2026-08-07T08:00:00+08:00,https://example.gov.cn/panel/511500,2026-08-06T18:00:00+08:00,2026-08-07T08:00:00+08:00
511500,2026-08-06,novelty,45.0,2026-08-07T08:00:00+08:00,https://example.gov.cn/panel/511500,2026-08-06T18:00:00+08:00,2026-08-07T08:00:00+08:00
511500,2026-08-06,cross_region_spread,42.1,2026-08-07T08:00:00+08:00,https://example.gov.cn/panel/511500,2026-08-06T18:00:00+08:00,2026-08-07T08:00:00+08:00
511500,2026-08-06,risk_pressure,26,2026-08-07T08:00:00+08:00,https://example.gov.cn/panel/511500,2026-08-06T18:00:00+08:00,2026-08-07T08:00:00+08:00
511500,2026-08-07,content_growth,49.7,2026-08-08T08:00:00+08:00,https://example.gov.cn/panel/511500,2026-08-07T18:00:00+08:00,2026-08-08T08:00:00+08:00
511500,2026-08-07,search_growth,47.7,2026-08-08T08:00:00+08:00,https://example.gov.cn/panel/511500,2026-08-07T18:00:00+08:00,2026-08-08T08:00:00+08:00
511500,2026-08-07,event_trigger,44.7,2026-08-08T08:00:00+08:00,https://example.gov.cn/panel/511500,2026-08-07T18:00:00+08:00,2026-08-08T08:00:00+08:00
511500,2026-08-07,accessibility,37.3,2026-08-08T08:00:00+08:00,https://example.gov.cn/panel/511500,2026-08-07T18:00:00+08:00,2026-08-08T08:00:00+08:00
511500,2026-08-07,supply_capacity,33.8,2026-08-08T08:00:00+08:00,https://example.gov.cn/panel/511500,2026-08-07T18:00:00+08:00,2026-08-08T08:00:00+08:00
511500,2026-08-07,weather_fit,38.8,2026-08-08T08:00:00+08:00,https://example.gov.cn/panel/511500,2026-08-07T18:00:00+08:00,2026-08-08T08:00:00+08:00
511500,2026-08-07,novelty,45.7,2026-08-08T08:00:00+08:00,https://example.gov.cn/panel/511500,2026-08-07T18:00:00+08:00,2026-08-08T08:00:00+08:00
511500,2026-08-07,cross_region_spread,42.7,2026-08-08T08:00:00+08:00,https://example.gov.cn/panel/511500,2026-08-07T18:00:00+08:00,2026-08-08T08:00:00+08:00
511500,2026-08-07,risk_pressure,26,2026-08-08T08:00:00+08:00,https://example.gov.cn/panel/511500,2026-08-07T18:00:00+08:00,2026-08-08T08:00:00+08:00
511500,2026-08-08,content_growth,50.4,2026-08-09T08:00:00+08:00,https://example.gov.cn/panel/511500,2026-08-08T18:00:00+08:00,2026-08-09T08:00:00+08:00
511500,2026-08-08,search_growth,48.4,2026-08-09T08:00:00+08:00,https://example.gov.cn/panel/511500,2026-08-08T18:00:00+08:00,2026-08-09T08:00:00+08:00
511500,2026-08-08,event_trigger,45.4,2026-08-09T08:00:00+08:00,https://example.gov.cn/panel/511500,2026-08-08T18:00:00+08:00,2026-08-09T08:00:00+08:00
511500,2026-08-08,accessibility,37.8,2026-08-09T08:00:00+08:00,https://example.gov.cn/panel/511500,2026-08-08T18:00:00+08:00,2026-08-09T08:00:00+08:00
511500,2026-08-08,supply_capacity,34.3,2026-08-09T08:00:00+08:00,https://example.gov.cn/panel/511500,2026-08-08T18:00:00+08:00,2026-08-09T08:00:00+08:00
511500,2026-08-08,weather_fit,39.3,2026-08-09T08:00:00+08:00,https://example.gov.cn/panel/511500,2026-08-08T18:00:00+08:00,2026-08-09T08:00:00+08:00
511500,2026-08-08,novelty,46.4,2026-08-09T08:00:00+08:00,https://example.gov.cn/panel/511500,2026-08-08T18:00:00+08:00,2026-08-09T08:00:00+08:00
511500,2026-08-08,cross_region_spread,43.4,2026-08-09T08:00:00+08:00,https://example.gov.cn/panel/511500,2026-08-08T18:00:00+08:00,2026-08-09T08:00:00+08:00
511500,2026-08-08,risk_pressure,26,2026-08-09T08:00:00+08:00,https://example.gov.cn/panel/511500,2026-08-08T18:00:00+08:00,2026-08-09T08:00:00+08:00
511500,2026-08-09,content_growth,51.2,2026-08-10T08:00:00+08:00,https://example.gov.cn/panel/511500,2026-08-09T18:00:00+08:00,2026-08-10T08:00:00+08:00
511500,2026-08-09,search_growth,49.1,2026-08-10T08:00:00+08:00,https://example.gov.cn/panel/511500,2026-08-09T18:00:00+08:00,2026-08-10T08:00:00+08:00
511500,2026-08-09,event_trigger,46.0,2026-08-10T08:00:00+08:00,https://example.gov.cn/panel/511500,2026-08-09T18:00:00+08:00,2026-08-10T08:00:00+08:00
511500,2026-08-09,accessibility,38.4,2026-08-10T08:00:00+08:00,https://example.gov.cn/panel/511500,2026-08-09T18:00:00+08:00,2026-08-10T08:00:00+08:00
511500,2026-08-09,supply_capacity,34.8,2026-08-10T08:00:00+08:00,https://example.gov.cn/panel/511500,2026-08-09T18:00:00+08:00,2026-08-10T08:00:00+08:00
511500,2026-08-09,weather_fit,39.9,2026-08-10T08:00:00+08:00,https://example.gov.cn/panel/511500,2026-08-09T18:00:00+08:00,2026-08-10T08:00:00+08:00
511500,2026-08-09,novelty,47.1,2026-08-10T08:00:00+08:00,https://example.gov.cn/panel/511500,2026-08-09T18:00:00+08:00,2026-08-10T08:00:00+08:00
511500,2026-08-09,cross_region_spread,44.0,2026-08-10T08:00:00+08:00,https://example.gov.cn/panel/511500,2026-08-09T18:00:00+08:00,2026-08-10T08:00:00+08:00
511500,2026-08-09,risk_pressure,26,2026-08-10T08:00:00+08:00,https://example.gov.cn/panel/511500,2026-08-09T18:00:00+08:00,2026-08-10T08:00:00+08:00
511500,2026-08-10,content_growth,51.9,2026-08-11T08:00:00+08:00,https://example.gov.cn/panel/511500,2026-08-10T18:00:00+08:00,2026-08-11T08:00:00+08:00
511500,2026-08-10,search_growth,49.8,2026-08-11T08:00:00+08:00,https://example.gov.cn/panel/511500,2026-08-10T18:00:00+08:00,2026-08-11T08:00:00+08:00
511500,2026-08-10,event_trigger,46.7,2026-08-11T08:00:00+08:00,https://example.gov.cn/panel/511500,2026-08-10T18:00:00+08:00,2026-08-11T08:00:00+08:00
511500,2026-08-10,accessibility,38.9,2026-08-11T08:00:00+08:00,https://example.gov.cn/panel/511500,2026-08-10T18:00:00+08:00,2026-08-11T08:00:00+08:00
511500,2026-08-10,supply_capacity,35.3,2026-08-11T08:00:00+08:00,https://example.gov.cn/panel/511500,2026-08-10T18:00:00+08:00,2026-08-11T08:00:00+08:00
511500,2026-08-10,weather_fit,40.5,2026-08-11T08:00:00+08:00,https://example.gov.cn/panel/511500,2026-08-10T18:00:00+08:00,2026-08-11T08:00:00+08:00
511500,2026-08-10,novelty,47.7,2026-08-11T08:00:00+08:00,https://example.gov.cn/panel/511500,2026-08-10T18:00:00+08:00,2026-08-11T08:00:00+08:00
511500,2026-08-10,cross_region_spread,44.6,2026-08-11T08:00:00+08:00,https://example.gov.cn/panel/511500,2026-08-10T18:00:00+08:00,2026-08-11T08:00:00+08:00
511500,2026-08-10,risk_pressure,26,2026-08-11T08:00:00+08:00,https://example.gov.cn/panel/511500,2026-08-10T18:00:00+08:00,2026-08-11T08:00:00+08:00
511500,2026-08-11,content_growth,52.6,2026-08-12T08:00:00+08:00,https://example.gov.cn/panel/511500,2026-08-11T18:00:00+08:00,2026-08-12T08:00:00+08:00
511500,2026-08-11,search_growth,50.5,2026-08-12T08:00:00+08:00,https://example.gov.cn/panel/511500,2026-08-11T18:00:00+08:00,2026-08-12T08:00:00+08:00
511500,2026-08-11,event_trigger,47.4,2026-08-12T08:00:00+08:00,https://example.gov.cn/panel/511500,2026-08-11T18:00:00+08:00,2026-08-12T08:00:00+08:00
511500,2026-08-11,accessibility,39.5,2026-08-12T08:00:00+08:00,https://example.gov.cn/panel/511500,2026-08-11T18:00:00+08:00,2026-08-12T08:00:00+08:00
511500,2026-08-11,supply_capacity,35.8,2026-08-12T08:00:00+08:00,https://example.gov.cn/panel/511500,2026-08-11T18:00:00+08:00,2026-08-12T08:00:00+08:00
511500,2026-08-11,weather_fit,41.0,2026-08-12T08:00:00+08:00,https://example.gov.cn/panel/511500,2026-08-11T18:00:00+08:00,2026-08-12T08:00:00+08:00
511500,2026-08-11,novelty,48.4,2026-08-12T08:00:00+08:00,https://example.gov.cn/panel/511500,2026-08-11T18:00:00+08:00,2026-08-12T08:00:00+08:00
511500,2026-08-11,cross_region_spread,45.3,2026-08-12T08:00:00+08:00,https://example.gov.cn/panel/511500,2026-08-11T18:00:00+08:00,2026-08-12T08:00:00+08:00
511500,2026-08-11,risk_pressure,26,2026-08-12T08:00:00+08:00,https://example.gov.cn/panel/511500,2026-08-11T18:00:00+08:00,2026-08-12T08:00:00+08:00
511500,2026-08-12,content_growth,53.4,2026-08-13T08:00:00+08:00,https://example.gov.cn/panel/511500,2026-08-12T18:00:00+08:00,2026-08-13T08:00:00+08:00
511500,2026-08-12,search_growth,51.2,2026-08-13T08:00:00+08:00,https://example.gov.cn/panel/511500,2026-08-12T18:00:00+08:00,2026-08-13T08:00:00+08:00
511500,2026-08-12,event_trigger,48.0,2026-08-13T08:00:00+08:00,https://example.gov.cn/panel/511500,2026-08-12T18:00:00+08:00,2026-08-13T08:00:00+08:00
511500,2026-08-12,accessibility,40.0,2026-08-13T08:00:00+08:00,https://example.gov.cn/panel/511500,2026-08-12T18:00:00+08:00,2026-08-13T08:00:00+08:00
511500,2026-08-12,supply_capacity,36.3,2026-08-13T08:00:00+08:00,https://example.gov.cn/panel/511500,2026-08-12T18:00:00+08:00,2026-08-13T08:00:00+08:00
511500,2026-08-12,weather_fit,41.6,2026-08-13T08:00:00+08:00,https://example.gov.cn/panel/511500,2026-08-12T18:00:00+08:00,2026-08-13T08:00:00+08:00
511500,2026-08-12,novelty,49.1,2026-08-13T08:00:00+08:00,https://example.gov.cn/panel/511500,2026-08-12T18:00:00+08:00,2026-08-13T08:00:00+08:00
511500,2026-08-12,cross_region_spread,45.9,2026-08-13T08:00:00+08:00,https://example.gov.cn/panel/511500,2026-08-12T18:00:00+08:00,2026-08-13T08:00:00+08:00
511500,2026-08-12,risk_pressure,26,2026-08-13T08:00:00+08:00,https://example.gov.cn/panel/511500,2026-08-12T18:00:00+08:00,2026-08-13T08:00:00+08:00
511500,2026-08-13,content_growth,53.4,2026-08-14T08:00:00+08:00,https://example.gov.cn/panel/511500,2026-08-13T18:00:00+08:00,2026-08-14T08:00:00+08:00
511500,2026-08-13,search_growth,51.2,2026-08-14T08:00:00+08:00,https://example.gov.cn/panel/511500,2026-08-13T18:00:00+08:00,2026-08-14T08:00:00+08:00
511500,2026-08-13,event_trigger,48.0,2026-08-14T08:00:00+08:00,https://example.gov.cn/panel/511500,2026-08-13T18:00:00+08:00,2026-08-14T08:00:00+08:00
511500,2026-08-13,accessibility,40.0,2026-08-14T08:00:00+08:00,https://example.gov.cn/panel/511500,2026-08-13T18:00:00+08:00,2026-08-14T08:00:00+08:00
511500,2026-08-13,supply_capacity,36.3,2026-08-14T08:00:00+08:00,https://example.gov.cn/panel/511500,2026-08-13T18:00:00+08:00,2026-08-14T08:00:00+08:00
511500,2026-08-13,weather_fit,41.6,2026-08-14T08:00:00+08:00,https://example.gov.cn/panel/511500,2026-08-13T18:00:00+08:00,2026-08-14T08:00:00+08:00
511500,2026-08-13,novelty,49.1,2026-08-14T08:00:00+08:00,https://example.gov.cn/panel/511500,2026-08-13T18:00:00+08:00,2026-08-14T08:00:00+08:00
511500,2026-08-13,cross_region_spread,45.9,2026-08-14T08:00:00+08:00,https://example.gov.cn/panel/511500,2026-08-13T18:00:00+08:00,2026-08-14T08:00:00+08:00
511500,2026-08-13,risk_pressure,26,2026-08-14T08:00:00+08:00,https://example.gov.cn/panel/511500,2026-08-13T18:00:00+08:00,2026-08-14T08:00:00+08:00
511500,2026-08-14,content_growth,53.4,2026-08-15T08:00:00+08:00,https://example.gov.cn/panel/511500,2026-08-14T18:00:00+08:00,2026-08-15T08:00:00+08:00
511500,2026-08-14,search_growth,51.2,2026-08-15T08:00:00+08:00,https://example.gov.cn/panel/511500,2026-08-14T18:00:00+08:00,2026-08-15T08:00:00+08:00
511500,2026-08-14,event_trigger,48.0,2026-08-15T08:00:00+08:00,https://example.gov.cn/panel/511500,2026-08-14T18:00:00+08:00,2026-08-15T08:00:00+08:00
511500,2026-08-14,accessibility,40.0,2026-08-15T08:00:00+08:00,https://example.gov.cn/panel/511500,2026-08-14T18:00:00+08:00,2026-08-15T08:00:00+08:00
511500,2026-08-14,supply_capacity,36.3,2026-08-15T08:00:00+08:00,https://example.gov.cn/panel/511500,2026-08-14T18:00:00+08:00,2026-08-15T08:00:00+08:00
511500,2026-08-14,weather_fit,41.6,2026-08-15T08:00:00+08:00,https://example.gov.cn/panel/511500,2026-08-14T18:00:00+08:00,2026-08-15T08:00:00+08:00
511500,2026-08-14,novelty,49.1,2026-08-15T08:00:00+08:00,https://example.gov.cn/panel/511500,2026-08-14T18:00:00+08:00,2026-08-15T08:00:00+08:00
511500,2026-08-14,cross_region_spread,45.9,2026-08-15T08:00:00+08:00,https://example.gov.cn/panel/511500,2026-08-14T18:00:00+08:00,2026-08-15T08:00:00+08:00
511500,2026-08-14,risk_pressure,26,2026-08-15T08:00:00+08:00,https://example.gov.cn/panel/511500,2026-08-14T18:00:00+08:00,2026-08-15T08:00:00+08:00
520300,2026-07-03,content_growth,23.5,2026-07-04T08:00:00+08:00,https://example.gov.cn/panel/520300,2026-07-03T18:00:00+08:00,2026-07-04T08:00:00+08:00
520300,2026-07-03,search_growth,22.6,2026-07-04T08:00:00+08:00,https://example.gov.cn/panel/520300,2026-07-03T18:00:00+08:00,2026-07-04T08:00:00+08:00
520300,2026-07-03,event_trigger,21.2,2026-07-04T08:00:00+08:00,https://example.gov.cn/panel/520300,2026-07-03T18:00:00+08:00,2026-07-04T08:00:00+08:00
520300,2026-07-03,accessibility,17.6,2026-07-04T08:00:00+08:00,https://example.gov.cn/panel/520300,2026-07-03T18:00:00+08:00,2026-07-04T08:00:00+08:00
520300,2026-07-03,supply_capacity,16.0,2026-07-04T08:00:00+08:00,https://example.gov.cn/panel/520300,2026-07-03T18:00:00+08:00,2026-07-04T08:00:00+08:00
520300,2026-07-03,weather_fit,18.3,2026-07-04T08:00:00+08:00,https://example.gov.cn/panel/520300,2026-07-03T18:00:00+08:00,2026-07-04T08:00:00+08:00
520300,2026-07-03,novelty,21.6,2026-07-04T08:00:00+08:00,https://example.gov.cn/panel/520300,2026-07-03T18:00:00+08:00,2026-07-04T08:00:00+08:00
520300,2026-07-03,cross_region_spread,20.2,2026-07-04T08:00:00+08:00,https://example.gov.cn/panel/520300,2026-07-03T18:00:00+08:00,2026-07-04T08:00:00+08:00
520300,2026-07-03,risk_pressure,26,2026-07-04T08:00:00+08:00,https://example.gov.cn/panel/520300,2026-07-03T18:00:00+08:00,2026-07-04T08:00:00+08:00
520300,2026-07-04,content_growth,24.2,2026-07-05T08:00:00+08:00,https://example.gov.cn/panel/520300,2026-07-04T18:00:00+08:00,2026-07-05T08:00:00+08:00
520300,2026-07-04,search_growth,23.3,2026-07-05T08:00:00+08:00,https://example.gov.cn/panel/520300,2026-07-04T18:00:00+08:00,2026-07-05T08:00:00+08:00
520300,2026-07-04,event_trigger,21.8,2026-07-05T08:00:00+08:00,https://example.gov.cn/panel/520300,2026-07-04T18:00:00+08:00,2026-07-05T08:00:00+08:00
520300,2026-07-04,accessibility,18.2,2026-07-05T08:00:00+08:00,https://example.gov.cn/panel/520300,2026-07-04T18:00:00+08:00,2026-07-05T08:00:00+08:00
520300,2026-07-04,supply_capacity,16.5,2026-07-05T08:00:00+08:00,https://example.gov.cn/panel/520300,2026-07-04T18:00:00+08:00,2026-07-05T08:00:00+08:00
520300,2026-07-04,weather_fit,18.9,2026-07-05T08:00:00+08:00,https://example.gov.cn/panel/520300,2026-07-04T18:00:00+08:00,2026-07-05T08:00:00+08:00
520300,2026-07-04,novelty,22.3,2026-07-05T08:00:00+08:00,https://example.gov.cn/panel/520300,2026-07-04T18:00:00+08:00,2026-07-05T08:00:00+08:00
520300,2026-07-04,cross_region_spread,20.8,2026-07-05T08:00:00+08:00,https://example.gov.cn/panel/520300,2026-07-04T18:00:00+08:00,2026-07-05T08:00:00+08:00
520300,2026-07-04,risk_pressure,26,2026-07-05T08:00:00+08:00,https://example.gov.cn/panel/520300,2026-07-04T18:00:00+08:00,2026-07-05T08:00:00+08:00
520300,2026-07-05,content_growth,24.9,2026-07-06T08:00:00+08:00,https://example.gov.cn/panel/520300,2026-07-05T18:00:00+08:00,2026-07-06T08:00:00+08:00
520300,2026-07-05,search_growth,23.9,2026-07-06T08:00:00+08:00,https://example.gov.cn/panel/520300,2026-07-05T18:00:00+08:00,2026-07-06T08:00:00+08:00
520300,2026-07-05,event_trigger,22.4,2026-07-06T08:00:00+08:00,https://example.gov.cn/panel/520300,2026-07-05T18:00:00+08:00,2026-07-06T08:00:00+08:00
520300,2026-07-05,accessibility,18.7,2026-07-06T08:00:00+08:00,https://example.gov.cn/panel/520300,2026-07-05T18:00:00+08:00,2026-07-06T08:00:00+08:00
520300,2026-07-05,supply_capacity,17.0,2026-07-06T08:00:00+08:00,https://example.gov.cn/panel/520300,2026-07-05T18:00:00+08:00,2026-07-06T08:00:00+08:00
520300,2026-07-05,weather_fit,19.5,2026-07-06T08:00:00+08:00,https://example.gov.cn/panel/520300,2026-07-05T18:00:00+08:00,2026-07-06T08:00:00+08:00
520300,2026-07-05,novelty,22.9,2026-07-06T08:00:00+08:00,https://example.gov.cn/panel/520300,2026-07-05T18:00:00+08:00,2026-07-06T08:00:00+08:00
520300,2026-07-05,cross_region_spread,21.4,2026-07-06T08:00:00+08:00,https://example.gov.cn/panel/520300,2026-07-05T18:00:00+08:00,2026-07-06T08:00:00+08:00
520300,2026-07-05,risk_pressure,26,2026-07-06T08:00:00+08:00,https://example.gov.cn/panel/520300,2026-07-05T18:00:00+08:00,2026-07-06T08:00:00+08:00
520300,2026-07-06,content_growth,25.7,2026-07-07T08:00:00+08:00,https://example.gov.cn/panel/520300,2026-07-06T18:00:00+08:00,2026-07-07T08:00:00+08:00
520300,2026-07-06,search_growth,24.6,2026-07-07T08:00:00+08:00,https://example.gov.cn/panel/520300,2026-07-06T18:00:00+08:00,2026-07-07T08:00:00+08:00
520300,2026-07-06,event_trigger,23.1,2026-07-07T08:00:00+08:00,https://example.gov.cn/panel/520300,2026-07-06T18:00:00+08:00,2026-07-07T08:00:00+08:00
520300,2026-07-06,accessibility,19.2,2026-07-07T08:00:00+08:00,https://example.gov.cn/panel/520300,2026-07-06T18:00:00+08:00,2026-07-07T08:00:00+08:00
520300,2026-07-06,supply_capacity,17.4,2026-07-07T08:00:00+08:00,https://example.gov.cn/panel/520300,2026-07-06T18:00:00+08:00,2026-07-07T08:00:00+08:00
520300,2026-07-06,weather_fit,20.0,2026-07-07T08:00:00+08:00,https://example.gov.cn/panel/520300,2026-07-06T18:00:00+08:00,2026-07-07T08:00:00+08:00
520300,2026-07-06,novelty,23.6,2026-07-07T08:00:00+08:00,https://example.gov.cn/panel/520300,2026-07-06T18:00:00+08:00,2026-07-07T08:00:00+08:00
520300,2026-07-06,cross_region_spread,22.1,2026-07-07T08:00:00+08:00,https://example.gov.cn/panel/520300,2026-07-06T18:00:00+08:00,2026-07-07T08:00:00+08:00
520300,2026-07-06,risk_pressure,26,2026-07-07T08:00:00+08:00,https://example.gov.cn/panel/520300,2026-07-06T18:00:00+08:00,2026-07-07T08:00:00+08:00
520300,2026-07-07,content_growth,26.4,2026-07-08T08:00:00+08:00,https://example.gov.cn/panel/520300,2026-07-07T18:00:00+08:00,2026-07-08T08:00:00+08:00
520300,2026-07-07,search_growth,25.3,2026-07-08T08:00:00+08:00,https://example.gov.cn/panel/520300,2026-07-07T18:00:00+08:00,2026-07-08T08:00:00+08:00
520300,2026-07-07,event_trigger,23.7,2026-07-08T08:00:00+08:00,https://example.gov.cn/panel/520300,2026-07-07T18:00:00+08:00,2026-07-08T08:00:00+08:00
520300,2026-07-07,accessibility,19.8,2026-07-08T08:00:00+08:00,https://example.gov.cn/panel/520300,2026-07-07T18:00:00+08:00,2026-07-08T08:00:00+08:00
520300,2026-07-07,supply_capacity,17.9,2026-07-08T08:00:00+08:00,https://example.gov.cn/panel/520300,2026-07-07T18:00:00+08:00,2026-07-08T08:00:00+08:00
520300,2026-07-07,weather_fit,20.6,2026-07-08T08:00:00+08:00,https://example.gov.cn/panel/520300,2026-07-07T18:00:00+08:00,2026-07-08T08:00:00+08:00
520300,2026-07-07,novelty,24.3,2026-07-08T08:00:00+08:00,https://example.gov.cn/panel/520300,2026-07-07T18:00:00+08:00,2026-07-08T08:00:00+08:00
520300,2026-07-07,cross_region_spread,22.7,2026-07-08T08:00:00+08:00,https://example.gov.cn/panel/520300,2026-07-07T18:00:00+08:00,2026-07-08T08:00:00+08:00
520300,2026-07-07,risk_pressure,26,2026-07-08T08:00:00+08:00,https://example.gov.cn/panel/520300,2026-07-07T18:00:00+08:00,2026-07-08T08:00:00+08:00
520300,2026-07-08,content_growth,27.1,2026-07-09T08:00:00+08:00,https://example.gov.cn/panel/520300,2026-07-08T18:00:00+08:00,2026-07-09T08:00:00+08:00
520300,2026-07-08,search_growth,26.0,2026-07-09T08:00:00+08:00,https://example.gov.cn/panel/520300,2026-07-08T18:00:00+08:00,2026-07-09T08:00:00+08:00
520300,2026-07-08,event_trigger,24.4,2026-07-09T08:00:00+08:00,https://example.gov.cn/panel/520300,2026-07-08T18:00:00+08:00,2026-07-09T08:00:00+08:00
520300,2026-07-08,accessibility,20.3,2026-07-09T08:00:00+08:00,https://example.gov.cn/panel/520300,2026-07-08T18:00:00+08:00,2026-07-09T08:00:00+08:00
520300,2026-07-08,supply_capacity,18.4,2026-07-09T08:00:00+08:00,https://example.gov.cn/panel/520300,2026-07-08T18:00:00+08:00,2026-07-09T08:00:00+08:00
520300,2026-07-08,weather_fit,21.1,2026-07-09T08:00:00+08:00,https://example.gov.cn/panel/520300,2026-07-08T18:00:00+08:00,2026-07-09T08:00:00+08:00
520300,2026-07-08,novelty,24.9,2026-07-09T08:00:00+08:00,https://example.gov.cn/panel/520300,2026-07-08T18:00:00+08:00,2026-07-09T08:00:00+08:00
520300,2026-07-08,cross_region_spread,23.3,2026-07-09T08:00:00+08:00,https://example.gov.cn/panel/520300,2026-07-08T18:00:00+08:00,2026-07-09T08:00:00+08:00
520300,2026-07-08,risk_pressure,26,2026-07-09T08:00:00+08:00,https://example.gov.cn/panel/520300,2026-07-08T18:00:00+08:00,2026-07-09T08:00:00+08:00
520300,2026-07-09,content_growth,27.8,2026-07-10T08:00:00+08:00,https://example.gov.cn/panel/520300,2026-07-09T18:00:00+08:00,2026-07-10T08:00:00+08:00
520300,2026-07-09,search_growth,26.7,2026-07-10T08:00:00+08:00,https://example.gov.cn/panel/520300,2026-07-09T18:00:00+08:00,2026-07-10T08:00:00+08:00
520300,2026-07-09,event_trigger,25.0,2026-07-10T08:00:00+08:00,https://example.gov.cn/panel/520300,2026-07-09T18:00:00+08:00,2026-07-10T08:00:00+08:00
520300,2026-07-09,accessibility,20.9,2026-07-10T08:00:00+08:00,https://example.gov.cn/panel/520300,2026-07-09T18:00:00+08:00,2026-07-10T08:00:00+08:00
520300,2026-07-09,supply_capacity,18.9,2026-07-10T08:00:00+08:00,https://example.gov.cn/panel/520300,2026-07-09T18:00:00+08:00,2026-07-10T08:00:00+08:00
520300,2026-07-09,weather_fit,21.7,2026-07-10T08:00:00+08:00,https://example.gov.cn/panel/520300,2026-07-09T18:00:00+08:00,2026-07-10T08:00:00+08:00
520300,2026-07-09,novelty,25.6,2026-07-10T08:00:00+08:00,https://example.gov.cn/panel/520300,2026-07-09T18:00:00+08:00,2026-07-10T08:00:00+08:00
520300,2026-07-09,cross_region_spread,23.9,2026-07-10T08:00:00+08:00,https://example.gov.cn/panel/520300,2026-07-09T18:00:00+08:00,2026-07-10T08:00:00+08:00
520300,2026-07-09,risk_pressure,26,2026-07-10T08:00:00+08:00,https://example.gov.cn/panel/520300,2026-07-09T18:00:00+08:00,2026-07-10T08:00:00+08:00
520300,2026-07-10,content_growth,28.5,2026-07-11T08:00:00+08:00,https://example.gov.cn/panel/520300,2026-07-10T18:00:00+08:00,2026-07-11T08:00:00+08:00
520300,2026-07-10,search_growth,27.4,2026-07-11T08:00:00+08:00,https://example.gov.cn/panel/520300,2026-07-10T18:00:00+08:00,2026-07-11T08:00:00+08:00
520300,2026-07-10,event_trigger,25.7,2026-07-11T08:00:00+08:00,https://example.gov.cn/panel/520300,2026-07-10T18:00:00+08:00,2026-07-11T08:00:00+08:00
520300,2026-07-10,accessibility,21.4,2026-07-11T08:00:00+08:00,https://example.gov.cn/panel/520300,2026-07-10T18:00:00+08:00,2026-07-11T08:00:00+08:00
520300,2026-07-10,supply_capacity,19.4,2026-07-11T08:00:00+08:00,https://example.gov.cn/panel/520300,2026-07-10T18:00:00+08:00,2026-07-11T08:00:00+08:00
520300,2026-07-10,weather_fit,22.3,2026-07-11T08:00:00+08:00,https://example.gov.cn/panel/520300,2026-07-10T18:00:00+08:00,2026-07-11T08:00:00+08:00
520300,2026-07-10,novelty,26.2,2026-07-11T08:00:00+08:00,https://example.gov.cn/panel/520300,2026-07-10T18:00:00+08:00,2026-07-11T08:00:00+08:00
520300,2026-07-10,cross_region_spread,24.5,2026-07-11T08:00:00+08:00,https://example.gov.cn/panel/520300,2026-07-10T18:00:00+08:00,2026-07-11T08:00:00+08:00
520300,2026-07-10,risk_pressure,26,2026-07-11T08:00:00+08:00,https://example.gov.cn/panel/520300,2026-07-10T18:00:00+08:00,2026-07-11T08:00:00+08:00
520300,2026-07-11,content_growth,29.2,2026-07-12T08:00:00+08:00,https://example.gov.cn/panel/520300,2026-07-11T18:00:00+08:00,2026-07-12T08:00:00+08:00
520300,2026-07-11,search_growth,28.1,2026-07-12T08:00:00+08:00,https://example.gov.cn/panel/520300,2026-07-11T18:00:00+08:00,2026-07-12T08:00:00+08:00
520300,2026-07-11,event_trigger,26.3,2026-07-12T08:00:00+08:00,https://example.gov.cn/panel/520300,2026-07-11T18:00:00+08:00,2026-07-12T08:00:00+08:00
520300,2026-07-11,accessibility,21.9,2026-07-12T08:00:00+08:00,https://example.gov.cn/panel/520300,2026-07-11T18:00:00+08:00,2026-07-12T08:00:00+08:00
520300,2026-07-11,supply_capacity,19.9,2026-07-12T08:00:00+08:00,https://example.gov.cn/panel/520300,2026-07-11T18:00:00+08:00,2026-07-12T08:00:00+08:00
520300,2026-07-11,weather_fit,22.8,2026-07-12T08:00:00+08:00,https://example.gov.cn/panel/520300,2026-07-11T18:00:00+08:00,2026-07-12T08:00:00+08:00
520300,2026-07-11,novelty,26.9,2026-07-12T08:00:00+08:00,https://example.gov.cn/panel/520300,2026-07-11T18:00:00+08:00,2026-07-12T08:00:00+08:00
520300,2026-07-11,cross_region_spread,25.2,2026-07-12T08:00:00+08:00,https://example.gov.cn/panel/520300,2026-07-11T18:00:00+08:00,2026-07-12T08:00:00+08:00
520300,2026-07-11,risk_pressure,26,2026-07-12T08:00:00+08:00,https://example.gov.cn/panel/520300,2026-07-11T18:00:00+08:00,2026-07-12T08:00:00+08:00
520300,2026-07-12,content_growth,30.0,2026-07-13T08:00:00+08:00,https://example.gov.cn/panel/520300,2026-07-12T18:00:00+08:00,2026-07-13T08:00:00+08:00
520300,2026-07-12,search_growth,28.8,2026-07-13T08:00:00+08:00,https://example.gov.cn/panel/520300,2026-07-12T18:00:00+08:00,2026-07-13T08:00:00+08:00
520300,2026-07-12,event_trigger,27.0,2026-07-13T08:00:00+08:00,https://example.gov.cn/panel/520300,2026-07-12T18:00:00+08:00,2026-07-13T08:00:00+08:00
520300,2026-07-12,accessibility,22.5,2026-07-13T08:00:00+08:00,https://example.gov.cn/panel/520300,2026-07-12T18:00:00+08:00,2026-07-13T08:00:00+08:00
520300,2026-07-12,supply_capacity,20.4,2026-07-13T08:00:00+08:00,https://example.gov.cn/panel/520300,2026-07-12T18:00:00+08:00,2026-07-13T08:00:00+08:00
520300,2026-07-12,weather_fit,23.4,2026-07-13T08:00:00+08:00,https://example.gov.cn/panel/520300,2026-07-12T18:00:00+08:00,2026-07-13T08:00:00+08:00
520300,2026-07-12,novelty,27.6,2026-07-13T08:00:00+08:00,https://example.gov.cn/panel/520300,2026-07-12T18:00:00+08:00,2026-07-13T08:00:00+08:00
520300,2026-07-12,cross_region_spread,25.8,2026-07-13T08:00:00+08:00,https://example.gov.cn/panel/520300,2026-07-12T18:00:00+08:00,2026-07-13T08:00:00+08:00
520300,2026-07-12,risk_pressure,26,2026-07-13T08:00:00+08:00,https://example.gov.cn/panel/520300,2026-07-12T18:00:00+08:00,2026-07-13T08:00:00+08:00
520300,2026-07-13,content_growth,30.7,2026-07-14T08:00:00+08:00,https://example.gov.cn/panel/520300,2026-07-13T18:00:00+08:00,2026-07-14T08:00:00+08:00
520300,2026-07-13,search_growth,29.5,2026-07-14T08:00:00+08:00,https://example.gov.cn/panel/520300,2026-07-13T18:00:00+08:00,2026-07-14T08:00:00+08:00
520300,2026-07-13,event_trigger,27.6,2026-07-14T08:00:00+08:00,https://example.gov.cn/panel/520300,2026-07-13T18:00:00+08:00,2026-07-14T08:00:00+08:00
520300,2026-07-13,accessibility,23.0,2026-07-14T08:00:00+08:00,https://example.gov.cn/panel/520300,2026-07-13T18:00:00+08:00,2026-07-14T08:00:00+08:00
520300,2026-07-13,supply_capacity,20.9,2026-07-14T08:00:00+08:00,https://example.gov.cn/panel/520300,2026-07-13T18:00:00+08:00,2026-07-14T08:00:00+08:00
520300,2026-07-13,weather_fit,23.9,2026-07-14T08:00:00+08:00,https://example.gov.cn/panel/520300,2026-07-13T18:00:00+08:00,2026-07-14T08:00:00+08:00
520300,2026-07-13,novelty,28.2,2026-07-14T08:00:00+08:00,https://example.gov.cn/panel/520300,2026-07-13T18:00:00+08:00,2026-07-14T08:00:00+08:00
520300,2026-07-13,cross_region_spread,26.4,2026-07-14T08:00:00+08:00,https://example.gov.cn/panel/520300,2026-07-13T18:00:00+08:00,2026-07-14T08:00:00+08:00
520300,2026-07-13,risk_pressure,26,2026-07-14T08:00:00+08:00,https://example.gov.cn/panel/520300,2026-07-13T18:00:00+08:00,2026-07-14T08:00:00+08:00
520300,2026-07-14,content_growth,31.4,2026-07-15T08:00:00+08:00,https://example.gov.cn/panel/520300,2026-07-14T18:00:00+08:00,2026-07-15T08:00:00+08:00
520300,2026-07-14,search_growth,30.1,2026-07-15T08:00:00+08:00,https://example.gov.cn/panel/520300,2026-07-14T18:00:00+08:00,2026-07-15T08:00:00+08:00
520300,2026-07-14,event_trigger,28.3,2026-07-15T08:00:00+08:00,https://example.gov.cn/panel/520300,2026-07-14T18:00:00+08:00,2026-07-15T08:00:00+08:00
520300,2026-07-14,accessibility,23.6,2026-07-15T08:00:00+08:00,https://example.gov.cn/panel/520300,2026-07-14T18:00:00+08:00,2026-07-15T08:00:00+08:00
520300,2026-07-14,supply_capacity,21.4,2026-07-15T08:00:00+08:00,https://example.gov.cn/panel/520300,2026-07-14T18:00:00+08:00,2026-07-15T08:00:00+08:00
520300,2026-07-14,weather_fit,24.5,2026-07-15T08:00:00+08:00,https://example.gov.cn/panel/520300,2026-07-14T18:00:00+08:00,2026-07-15T08:00:00+08:00
520300,2026-07-14,novelty,28.9,2026-07-15T08:00:00+08:00,https://example.gov.cn/panel/520300,2026-07-14T18:00:00+08:00,2026-07-15T08:00:00+08:00
520300,2026-07-14,cross_region_spread,27.0,2026-07-15T08:00:00+08:00,https://example.gov.cn/panel/520300,2026-07-14T18:00:00+08:00,2026-07-15T08:00:00+08:00
520300,2026-07-14,risk_pressure,26,2026-07-15T08:00:00+08:00,https://example.gov.cn/panel/520300,2026-07-14T18:00:00+08:00,2026-07-15T08:00:00+08:00
520300,2026-07-15,content_growth,32.1,2026-07-16T08:00:00+08:00,https://example.gov.cn/panel/520300,2026-07-15T18:00:00+08:00,2026-07-16T08:00:00+08:00
520300,2026-07-15,search_growth,30.8,2026-07-16T08:00:00+08:00,https://example.gov.cn/panel/520300,2026-07-15T18:00:00+08:00,2026-07-16T08:00:00+08:00
520300,2026-07-15,event_trigger,28.9,2026-07-16T08:00:00+08:00,https://example.gov.cn/panel/520300,2026-07-15T18:00:00+08:00,2026-07-16T08:00:00+08:00
520300,2026-07-15,accessibility,24.1,2026-07-16T08:00:00+08:00,https://example.gov.cn/panel/520300,2026-07-15T18:00:00+08:00,2026-07-16T08:00:00+08:00
520300,2026-07-15,supply_capacity,21.8,2026-07-16T08:00:00+08:00,https://example.gov.cn/panel/520300,2026-07-15T18:00:00+08:00,2026-07-16T08:00:00+08:00
520300,2026-07-15,weather_fit,25.1,2026-07-16T08:00:00+08:00,https://example.gov.cn/panel/520300,2026-07-15T18:00:00+08:00,2026-07-16T08:00:00+08:00
520300,2026-07-15,novelty,29.5,2026-07-16T08:00:00+08:00,https://example.gov.cn/panel/520300,2026-07-15T18:00:00+08:00,2026-07-16T08:00:00+08:00
520300,2026-07-15,cross_region_spread,27.6,2026-07-16T08:00:00+08:00,https://example.gov.cn/panel/520300,2026-07-15T18:00:00+08:00,2026-07-16T08:00:00+08:00
520300,2026-07-15,risk_pressure,26,2026-07-16T08:00:00+08:00,https://example.gov.cn/panel/520300,2026-07-15T18:00:00+08:00,2026-07-16T08:00:00+08:00
520300,2026-07-16,content_growth,32.8,2026-07-17T08:00:00+08:00,https://example.gov.cn/panel/520300,2026-07-16T18:00:00+08:00,2026-07-17T08:00:00+08:00
520300,2026-07-16,search_growth,31.5,2026-07-17T08:00:00+08:00,https://example.gov.cn/panel/520300,2026-07-16T18:00:00+08:00,2026-07-17T08:00:00+08:00
520300,2026-07-16,event_trigger,29.6,2026-07-17T08:00:00+08:00,https://example.gov.cn/panel/520300,2026-07-16T18:00:00+08:00,2026-07-17T08:00:00+08:00
520300,2026-07-16,accessibility,24.6,2026-07-17T08:00:00+08:00,https://example.gov.cn/panel/520300,2026-07-16T18:00:00+08:00,2026-07-17T08:00:00+08:00
520300,2026-07-16,supply_capacity,22.3,2026-07-17T08:00:00+08:00,https://example.gov.cn/panel/520300,2026-07-16T18:00:00+08:00,2026-07-17T08:00:00+08:00
520300,2026-07-16,weather_fit,25.6,2026-07-17T08:00:00+08:00,https://example.gov.cn/panel/520300,2026-07-16T18:00:00+08:00,2026-07-17T08:00:00+08:00
520300,2026-07-16,novelty,30.2,2026-07-17T08:00:00+08:00,https://example.gov.cn/panel/520300,2026-07-16T18:00:00+08:00,2026-07-17T08:00:00+08:00
520300,2026-07-16,cross_region_spread,28.2,2026-07-17T08:00:00+08:00,https://example.gov.cn/panel/520300,2026-07-16T18:00:00+08:00,2026-07-17T08:00:00+08:00
520300,2026-07-16,risk_pressure,26,2026-07-17T08:00:00+08:00,https://example.gov.cn/panel/520300,2026-07-16T18:00:00+08:00,2026-07-17T08:00:00+08:00
520300,2026-07-17,content_growth,33.6,2026-07-18T08:00:00+08:00,https://example.gov.cn/panel/520300,2026-07-17T18:00:00+08:00,2026-07-18T08:00:00+08:00
520300,2026-07-17,search_growth,32.2,2026-07-18T08:00:00+08:00,https://example.gov.cn/panel/520300,2026-07-17T18:00:00+08:00,2026-07-18T08:00:00+08:00
520300,2026-07-17,event_trigger,30.2,2026-07-18T08:00:00+08:00,https://example.gov.cn/panel/520300,2026-07-17T18:00:00+08:00,2026-07-18T08:00:00+08:00
520300,2026-07-17,accessibility,25.2,2026-07-18T08:00:00+08:00,https://example.gov.cn/panel/520300,2026-07-17T18:00:00+08:00,2026-07-18T08:00:00+08:00
520300,2026-07-17,supply_capacity,22.8,2026-07-18T08:00:00+08:00,https://example.gov.cn/panel/520300,2026-07-17T18:00:00+08:00,2026-07-18T08:00:00+08:00
520300,2026-07-17,weather_fit,26.2,2026-07-18T08:00:00+08:00,https://example.gov.cn/panel/520300,2026-07-17T18:00:00+08:00,2026-07-18T08:00:00+08:00
520300,2026-07-17,novelty,30.9,2026-07-18T08:00:00+08:00,https://example.gov.cn/panel/520300,2026-07-17T18:00:00+08:00,2026-07-18T08:00:00+08:00
520300,2026-07-17,cross_region_spread,28.9,2026-07-18T08:00:00+08:00,https://example.gov.cn/panel/520300,2026-07-17T18:00:00+08:00,2026-07-18T08:00:00+08:00
520300,2026-07-17,risk_pressure,26,2026-07-18T08:00:00+08:00,https://example.gov.cn/panel/520300,2026-07-17T18:00:00+08:00,2026-07-18T08:00:00+08:00
520300,2026-07-18,content_growth,34.3,2026-07-19T08:00:00+08:00,https://example.gov.cn/panel/520300,2026-07-18T18:00:00+08:00,2026-07-19T08:00:00+08:00
520300,2026-07-18,search_growth,32.9,2026-07-19T08:00:00+08:00,https://example.gov.cn/panel/520300,2026-07-18T18:00:00+08:00,2026-07-19T08:00:00+08:00
520300,2026-07-18,event_trigger,30.8,2026-07-19T08:00:00+08:00,https://example.gov.cn/panel/520300,2026-07-18T18:00:00+08:00,2026-07-19T08:00:00+08:00
520300,2026-07-18,accessibility,25.7,2026-07-19T08:00:00+08:00,https://example.gov.cn/panel/520300,2026-07-18T18:00:00+08:00,2026-07-19T08:00:00+08:00
520300,2026-07-18,supply_capacity,23.3,2026-07-19T08:00:00+08:00,https://example.gov.cn/panel/520300,2026-07-18T18:00:00+08:00,2026-07-19T08:00:00+08:00
520300,2026-07-18,weather_fit,26.7,2026-07-19T08:00:00+08:00,https://example.gov.cn/panel/520300,2026-07-18T18:00:00+08:00,2026-07-19T08:00:00+08:00
520300,2026-07-18,novelty,31.5,2026-07-19T08:00:00+08:00,https://example.gov.cn/panel/520300,2026-07-18T18:00:00+08:00,2026-07-19T08:00:00+08:00
520300,2026-07-18,cross_region_spread,29.5,2026-07-19T08:00:00+08:00,https://example.gov.cn/panel/520300,2026-07-18T18:00:00+08:00,2026-07-19T08:00:00+08:00
520300,2026-07-18,risk_pressure,26,2026-07-19T08:00:00+08:00,https://example.gov.cn/panel/520300,2026-07-18T18:00:00+08:00,2026-07-19T08:00:00+08:00
520300,2026-07-19,content_growth,35.0,2026-07-20T08:00:00+08:00,https://example.gov.cn/panel/520300,2026-07-19T18:00:00+08:00,2026-07-20T08:00:00+08:00
520300,2026-07-19,search_growth,33.6,2026-07-20T08:00:00+08:00,https://example.gov.cn/panel/520300,2026-07-19T18:00:00+08:00,2026-07-20T08:00:00+08:00
520300,2026-07-19,event_trigger,31.5,2026-07-20T08:00:00+08:00,https://example.gov.cn/panel/520300,2026-07-19T18:00:00+08:00,2026-07-20T08:00:00+08:00
520300,2026-07-19,accessibility,26.2,2026-07-20T08:00:00+08:00,https://example.gov.cn/panel/520300,2026-07-19T18:00:00+08:00,2026-07-20T08:00:00+08:00
520300,2026-07-19,supply_capacity,23.8,2026-07-20T08:00:00+08:00,https://example.gov.cn/panel/520300,2026-07-19T18:00:00+08:00,2026-07-20T08:00:00+08:00
520300,2026-07-19,weather_fit,27.3,2026-07-20T08:00:00+08:00,https://example.gov.cn/panel/520300,2026-07-19T18:00:00+08:00,2026-07-20T08:00:00+08:00
520300,2026-07-19,novelty,32.2,2026-07-20T08:00:00+08:00,https://example.gov.cn/panel/520300,2026-07-19T18:00:00+08:00,2026-07-20T08:00:00+08:00
520300,2026-07-19,cross_region_spread,30.1,2026-07-20T08:00:00+08:00,https://example.gov.cn/panel/520300,2026-07-19T18:00:00+08:00,2026-07-20T08:00:00+08:00
520300,2026-07-19,risk_pressure,26,2026-07-20T08:00:00+08:00,https://example.gov.cn/panel/520300,2026-07-19T18:00:00+08:00,2026-07-20T08:00:00+08:00
520300,2026-07-20,content_growth,35.7,2026-07-21T08:00:00+08:00,https://example.gov.cn/panel/520300,2026-07-20T18:00:00+08:00,2026-07-21T08:00:00+08:00
520300,2026-07-20,search_growth,34.3,2026-07-21T08:00:00+08:00,https://example.gov.cn/panel/520300,2026-07-20T18:00:00+08:00,2026-07-21T08:00:00+08:00
520300,2026-07-20,event_trigger,32.1,2026-07-21T08:00:00+08:00,https://example.gov.cn/panel/520300,2026-07-20T18:00:00+08:00,2026-07-21T08:00:00+08:00
520300,2026-07-20,accessibility,26.8,2026-07-21T08:00:00+08:00,https://example.gov.cn/panel/520300,2026-07-20T18:00:00+08:00,2026-07-21T08:00:00+08:00
520300,2026-07-20,supply_capacity,24.3,2026-07-21T08:00:00+08:00,https://example.gov.cn/panel/520300,2026-07-20T18:00:00+08:00,2026-07-21T08:00:00+08:00
520300,2026-07-20,weather_fit,27.9,2026-07-21T08:00:00+08:00,https://example.gov.cn/panel/520300,2026-07-20T18:00:00+08:00,2026-07-21T08:00:00+08:00
520300,2026-07-20,novelty,32.9,2026-07-21T08:00:00+08:00,https://example.gov.cn/panel/520300,2026-07-20T18:00:00+08:00,2026-07-21T08:00:00+08:00
520300,2026-07-20,cross_region_spread,30.7,2026-07-21T08:00:00+08:00,https://example.gov.cn/panel/520300,2026-07-20T18:00:00+08:00,2026-07-21T08:00:00+08:00
520300,2026-07-20,risk_pressure,26,2026-07-21T08:00:00+08:00,https://example.gov.cn/panel/520300,2026-07-20T18:00:00+08:00,2026-07-21T08:00:00+08:00
520300,2026-07-21,content_growth,36.4,2026-07-22T08:00:00+08:00,https://example.gov.cn/panel/520300,2026-07-21T18:00:00+08:00,2026-07-22T08:00:00+08:00
520300,2026-07-21,search_growth,35.0,2026-07-22T08:00:00+08:00,https://example.gov.cn/panel/520300,2026-07-21T18:00:00+08:00,2026-07-22T08:00:00+08:00
520300,2026-07-21,event_trigger,32.8,2026-07-22T08:00:00+08:00,https://example.gov.cn/panel/520300,2026-07-21T18:00:00+08:00,2026-07-22T08:00:00+08:00
520300,2026-07-21,accessibility,27.3,2026-07-22T08:00:00+08:00,https://example.gov.cn/panel/520300,2026-07-21T18:00:00+08:00,2026-07-22T08:00:00+08:00
520300,2026-07-21,supply_capacity,24.8,2026-07-22T08:00:00+08:00,https://example.gov.cn/panel/520300,2026-07-21T18:00:00+08:00,2026-07-22T08:00:00+08:00
520300,2026-07-21,weather_fit,28.4,2026-07-22T08:00:00+08:00,https://example.gov.cn/panel/520300,2026-07-21T18:00:00+08:00,2026-07-22T08:00:00+08:00
520300,2026-07-21,novelty,33.5,2026-07-22T08:00:00+08:00,https://example.gov.cn/panel/520300,2026-07-21T18:00:00+08:00,2026-07-22T08:00:00+08:00
520300,2026-07-21,cross_region_spread,31.3,2026-07-22T08:00:00+08:00,https://example.gov.cn/panel/520300,2026-07-21T18:00:00+08:00,2026-07-22T08:00:00+08:00
520300,2026-07-21,risk_pressure,26,2026-07-22T08:00:00+08:00,https://example.gov.cn/panel/520300,2026-07-21T18:00:00+08:00,2026-07-22T08:00:00+08:00
520300,2026-07-22,content_growth,37.1,2026-07-23T08:00:00+08:00,https://example.gov.cn/panel/520300,2026-07-22T18:00:00+08:00,2026-07-23T08:00:00+08:00
520300,2026-07-22,search_growth,35.7,2026-07-23T08:00:00+08:00,https://example.gov.cn/panel/520300,2026-07-22T18:00:00+08:00,2026-07-23T08:00:00+08:00
520300,2026-07-22,event_trigger,33.4,2026-07-23T08:00:00+08:00,https://example.gov.cn/panel/520300,2026-07-22T18:00:00+08:00,2026-07-23T08:00:00+08:00
520300,2026-07-22,accessibility,27.9,2026-07-23T08:00:00+08:00,https://example.gov.cn/panel/520300,2026-07-22T18:00:00+08:00,2026-07-23T08:00:00+08:00
520300,2026-07-22,supply_capacity,25.3,2026-07-23T08:00:00+08:00,https://example.gov.cn/panel/520300,2026-07-22T18:00:00+08:00,2026-07-23T08:00:00+08:00
520300,2026-07-22,weather_fit,29.0,2026-07-23T08:00:00+08:00,https://example.gov.cn/panel/520300,2026-07-22T18:00:00+08:00,2026-07-23T08:00:00+08:00
520300,2026-07-22,novelty,34.2,2026-07-23T08:00:00+08:00,https://example.gov.cn/panel/520300,2026-07-22T18:00:00+08:00,2026-07-23T08:00:00+08:00
520300,2026-07-22,cross_region_spread,31.9,2026-07-23T08:00:00+08:00,https://example.gov.cn/panel/520300,2026-07-22T18:00:00+08:00,2026-07-23T08:00:00+08:00
520300,2026-07-22,risk_pressure,26,2026-07-23T08:00:00+08:00,https://example.gov.cn/panel/520300,2026-07-22T18:00:00+08:00,2026-07-23T08:00:00+08:00
520300,2026-07-23,content_growth,37.9,2026-07-24T08:00:00+08:00,https://example.gov.cn/panel/520300,2026-07-23T18:00:00+08:00,2026-07-24T08:00:00+08:00
520300,2026-07-23,search_growth,36.3,2026-07-24T08:00:00+08:00,https://example.gov.cn/panel/520300,2026-07-23T18:00:00+08:00,2026-07-24T08:00:00+08:00
520300,2026-07-23,event_trigger,34.1,2026-07-24T08:00:00+08:00,https://example.gov.cn/panel/520300,2026-07-23T18:00:00+08:00,2026-07-24T08:00:00+08:00
520300,2026-07-23,accessibility,28.4,2026-07-24T08:00:00+08:00,https://example.gov.cn/panel/520300,2026-07-23T18:00:00+08:00,2026-07-24T08:00:00+08:00
520300,2026-07-23,supply_capacity,25.7,2026-07-24T08:00:00+08:00,https://example.gov.cn/panel/520300,2026-07-23T18:00:00+08:00,2026-07-24T08:00:00+08:00
520300,2026-07-23,weather_fit,29.5,2026-07-24T08:00:00+08:00,https://example.gov.cn/panel/520300,2026-07-23T18:00:00+08:00,2026-07-24T08:00:00+08:00
520300,2026-07-23,novelty,34.8,2026-07-24T08:00:00+08:00,https://example.gov.cn/panel/520300,2026-07-23T18:00:00+08:00,2026-07-24T08:00:00+08:00
520300,2026-07-23,cross_region_spread,32.6,2026-07-24T08:00:00+08:00,https://example.gov.cn/panel/520300,2026-07-23T18:00:00+08:00,2026-07-24T08:00:00+08:00
520300,2026-07-23,risk_pressure,26,2026-07-24T08:00:00+08:00,https://example.gov.cn/panel/520300,2026-07-23T18:00:00+08:00,2026-07-24T08:00:00+08:00
520300,2026-07-24,content_growth,38.6,2026-07-25T08:00:00+08:00,https://example.gov.cn/panel/520300,2026-07-24T18:00:00+08:00,2026-07-25T08:00:00+08:00
520300,2026-07-24,search_growth,37.0,2026-07-25T08:00:00+08:00,https://example.gov.cn/panel/520300,2026-07-24T18:00:00+08:00,2026-07-25T08:00:00+08:00
520300,2026-07-24,event_trigger,34.7,2026-07-25T08:00:00+08:00,https://example.gov.cn/panel/520300,2026-07-24T18:00:00+08:00,2026-07-25T08:00:00+08:00
520300,2026-07-24,accessibility,28.9,2026-07-25T08:00:00+08:00,https://example.gov.cn/panel/520300,2026-07-24T18:00:00+08:00,2026-07-25T08:00:00+08:00
520300,2026-07-24,supply_capacity,26.2,2026-07-25T08:00:00+08:00,https://example.gov.cn/panel/520300,2026-07-24T18:00:00+08:00,2026-07-25T08:00:00+08:00
520300,2026-07-24,weather_fit,30.1,2026-07-25T08:00:00+08:00,https://example.gov.cn/panel/520300,2026-07-24T18:00:00+08:00,2026-07-25T08:00:00+08:00
520300,2026-07-24,novelty,35.5,2026-07-25T08:00:00+08:00,https://example.gov.cn/panel/520300,2026-07-24T18:00:00+08:00,2026-07-25T08:00:00+08:00
520300,2026-07-24,cross_region_spread,33.2,2026-07-25T08:00:00+08:00,https://example.gov.cn/panel/520300,2026-07-24T18:00:00+08:00,2026-07-25T08:00:00+08:00
520300,2026-07-24,risk_pressure,26,2026-07-25T08:00:00+08:00,https://example.gov.cn/panel/520300,2026-07-24T18:00:00+08:00,2026-07-25T08:00:00+08:00
520300,2026-07-25,content_growth,39.3,2026-07-26T08:00:00+08:00,https://example.gov.cn/panel/520300,2026-07-25T18:00:00+08:00,2026-07-26T08:00:00+08:00
520300,2026-07-25,search_growth,37.7,2026-07-26T08:00:00+08:00,https://example.gov.cn/panel/520300,2026-07-25T18:00:00+08:00,2026-07-26T08:00:00+08:00
520300,2026-07-25,event_trigger,35.4,2026-07-26T08:00:00+08:00,https://example.gov.cn/panel/520300,2026-07-25T18:00:00+08:00,2026-07-26T08:00:00+08:00
520300,2026-07-25,accessibility,29.5,2026-07-26T08:00:00+08:00,https://example.gov.cn/panel/520300,2026-07-25T18:00:00+08:00,2026-07-26T08:00:00+08:00
520300,2026-07-25,supply_capacity,26.7,2026-07-26T08:00:00+08:00,https://example.gov.cn/panel/520300,2026-07-25T18:00:00+08:00,2026-07-26T08:00:00+08:00
520300,2026-07-25,weather_fit,30.7,2026-07-26T08:00:00+08:00,https://example.gov.cn/panel/520300,2026-07-25T18:00:00+08:00,2026-07-26T08:00:00+08:00
520300,2026-07-25,novelty,36.2,2026-07-26T08:00:00+08:00,https://example.gov.cn/panel/520300,2026-07-25T18:00:00+08:00,2026-07-26T08:00:00+08:00
520300,2026-07-25,cross_region_spread,33.8,2026-07-26T08:00:00+08:00,https://example.gov.cn/panel/520300,2026-07-25T18:00:00+08:00,2026-07-26T08:00:00+08:00
520300,2026-07-25,risk_pressure,26,2026-07-26T08:00:00+08:00,https://example.gov.cn/panel/520300,2026-07-25T18:00:00+08:00,2026-07-26T08:00:00+08:00
520300,2026-07-26,content_growth,40.0,2026-07-27T08:00:00+08:00,https://example.gov.cn/panel/520300,2026-07-26T18:00:00+08:00,2026-07-27T08:00:00+08:00
520300,2026-07-26,search_growth,38.4,2026-07-27T08:00:00+08:00,https://example.gov.cn/panel/520300,2026-07-26T18:00:00+08:00,2026-07-27T08:00:00+08:00
520300,2026-07-26,event_trigger,36.0,2026-07-27T08:00:00+08:00,https://example.gov.cn/panel/520300,2026-07-26T18:00:00+08:00,2026-07-27T08:00:00+08:00
520300,2026-07-26,accessibility,30.0,2026-07-27T08:00:00+08:00,https://example.gov.cn/panel/520300,2026-07-26T18:00:00+08:00,2026-07-27T08:00:00+08:00
520300,2026-07-26,supply_capacity,27.2,2026-07-27T08:00:00+08:00,https://example.gov.cn/panel/520300,2026-07-26T18:00:00+08:00,2026-07-27T08:00:00+08:00
520300,2026-07-26,weather_fit,31.2,2026-07-27T08:00:00+08:00,https://example.gov.cn/panel/520300,2026-07-26T18:00:00+08:00,2026-07-27T08:00:00+08:00
520300,2026-07-26,novelty,36.8,2026-07-27T08:00:00+08:00,https://example.gov.cn/panel/520300,2026-07-26T18:00:00+08:00,2026-07-27T08:00:00+08:00
520300,2026-07-26,cross_region_spread,34.4,2026-07-27T08:00:00+08:00,https://example.gov.cn/panel/520300,2026-07-26T18:00:00+08:00,2026-07-27T08:00:00+08:00
520300,2026-07-26,risk_pressure,26,2026-07-27T08:00:00+08:00,https://example.gov.cn/panel/520300,2026-07-26T18:00:00+08:00,2026-07-27T08:00:00+08:00
520300,2026-07-27,content_growth,40.7,2026-07-28T08:00:00+08:00,https://example.gov.cn/panel/520300,2026-07-27T18:00:00+08:00,2026-07-28T08:00:00+08:00
520300,2026-07-27,search_growth,39.1,2026-07-28T08:00:00+08:00,https://example.gov.cn/panel/520300,2026-07-27T18:00:00+08:00,2026-07-28T08:00:00+08:00
520300,2026-07-27,event_trigger,36.7,2026-07-28T08:00:00+08:00,https://example.gov.cn/panel/520300,2026-07-27T18:00:00+08:00,2026-07-28T08:00:00+08:00
520300,2026-07-27,accessibility,30.6,2026-07-28T08:00:00+08:00,https://example.gov.cn/panel/520300,2026-07-27T18:00:00+08:00,2026-07-28T08:00:00+08:00
520300,2026-07-27,supply_capacity,27.7,2026-07-28T08:00:00+08:00,https://example.gov.cn/panel/520300,2026-07-27T18:00:00+08:00,2026-07-28T08:00:00+08:00
520300,2026-07-27,weather_fit,31.8,2026-07-28T08:00:00+08:00,https://example.gov.cn/panel/520300,2026-07-27T18:00:00+08:00,2026-07-28T08:00:00+08:00
520300,2026-07-27,novelty,37.5,2026-07-28T08:00:00+08:00,https://example.gov.cn/panel/520300,2026-07-27T18:00:00+08:00,2026-07-28T08:00:00+08:00
520300,2026-07-27,cross_region_spread,35.0,2026-07-28T08:00:00+08:00,https://example.gov.cn/panel/520300,2026-07-27T18:00:00+08:00,2026-07-28T08:00:00+08:00
520300,2026-07-27,risk_pressure,26,2026-07-28T08:00:00+08:00,https://example.gov.cn/panel/520300,2026-07-27T18:00:00+08:00,2026-07-28T08:00:00+08:00
520300,2026-07-28,content_growth,41.5,2026-07-29T08:00:00+08:00,https://example.gov.cn/panel/520300,2026-07-28T18:00:00+08:00,2026-07-29T08:00:00+08:00
520300,2026-07-28,search_growth,39.8,2026-07-29T08:00:00+08:00,https://example.gov.cn/panel/520300,2026-07-28T18:00:00+08:00,2026-07-29T08:00:00+08:00
520300,2026-07-28,event_trigger,37.3,2026-07-29T08:00:00+08:00,https://example.gov.cn/panel/520300,2026-07-28T18:00:00+08:00,2026-07-29T08:00:00+08:00
520300,2026-07-28,accessibility,31.1,2026-07-29T08:00:00+08:00,https://example.gov.cn/panel/520300,2026-07-28T18:00:00+08:00,2026-07-29T08:00:00+08:00
520300,2026-07-28,supply_capacity,28.2,2026-07-29T08:00:00+08:00,https://example.gov.cn/panel/520300,2026-07-28T18:00:00+08:00,2026-07-29T08:00:00+08:00
520300,2026-07-28,weather_fit,32.3,2026-07-29T08:00:00+08:00,https://example.gov.cn/panel/520300,2026-07-28T18:00:00+08:00,2026-07-29T08:00:00+08:00
520300,2026-07-28,novelty,38.1,2026-07-29T08:00:00+08:00,https://example.gov.cn/panel/520300,2026-07-28T18:00:00+08:00,2026-07-29T08:00:00+08:00
520300,2026-07-28,cross_region_spread,35.7,2026-07-29T08:00:00+08:00,https://example.gov.cn/panel/520300,2026-07-28T18:00:00+08:00,2026-07-29T08:00:00+08:00
520300,2026-07-28,risk_pressure,26,2026-07-29T08:00:00+08:00,https://example.gov.cn/panel/520300,2026-07-28T18:00:00+08:00,2026-07-29T08:00:00+08:00
520300,2026-07-29,content_growth,42.2,2026-07-30T08:00:00+08:00,https://example.gov.cn/panel/520300,2026-07-29T18:00:00+08:00,2026-07-30T08:00:00+08:00
520300,2026-07-29,search_growth,40.5,2026-07-30T08:00:00+08:00,https://example.gov.cn/panel/520300,2026-07-29T18:00:00+08:00,2026-07-30T08:00:00+08:00
520300,2026-07-29,event_trigger,38.0,2026-07-30T08:00:00+08:00,https://example.gov.cn/panel/520300,2026-07-29T18:00:00+08:00,2026-07-30T08:00:00+08:00
520300,2026-07-29,accessibility,31.6,2026-07-30T08:00:00+08:00,https://example.gov.cn/panel/520300,2026-07-29T18:00:00+08:00,2026-07-30T08:00:00+08:00
520300,2026-07-29,supply_capacity,28.7,2026-07-30T08:00:00+08:00,https://example.gov.cn/panel/520300,2026-07-29T18:00:00+08:00,2026-07-30T08:00:00+08:00
520300,2026-07-29,weather_fit,32.9,2026-07-30T08:00:00+08:00,https://example.gov.cn/panel/520300,2026-07-29T18:00:00+08:00,2026-07-30T08:00:00+08:00
520300,2026-07-29,novelty,38.8,2026-07-30T08:00:00+08:00,https://example.gov.cn/panel/520300,2026-07-29T18:00:00+08:00,2026-07-30T08:00:00+08:00
520300,2026-07-29,cross_region_spread,36.3,2026-07-30T08:00:00+08:00,https://example.gov.cn/panel/520300,2026-07-29T18:00:00+08:00,2026-07-30T08:00:00+08:00
520300,2026-07-29,risk_pressure,26,2026-07-30T08:00:00+08:00,https://example.gov.cn/panel/520300,2026-07-29T18:00:00+08:00,2026-07-30T08:00:00+08:00
520300,2026-07-30,content_growth,42.9,2026-07-31T08:00:00+08:00,https://example.gov.cn/panel/520300,2026-07-30T18:00:00+08:00,2026-07-31T08:00:00+08:00
520300,2026-07-30,search_growth,41.2,2026-07-31T08:00:00+08:00,https://example.gov.cn/panel/520300,2026-07-30T18:00:00+08:00,2026-07-31T08:00:00+08:00
520300,2026-07-30,event_trigger,38.6,2026-07-31T08:00:00+08:00,https://example.gov.cn/panel/520300,2026-07-30T18:00:00+08:00,2026-07-31T08:00:00+08:00
520300,2026-07-30,accessibility,32.2,2026-07-31T08:00:00+08:00,https://example.gov.cn/panel/520300,2026-07-30T18:00:00+08:00,2026-07-31T08:00:00+08:00
520300,2026-07-30,supply_capacity,29.2,2026-07-31T08:00:00+08:00,https://example.gov.cn/panel/520300,2026-07-30T18:00:00+08:00,2026-07-31T08:00:00+08:00
520300,2026-07-30,weather_fit,33.5,2026-07-31T08:00:00+08:00,https://example.gov.cn/panel/520300,2026-07-30T18:00:00+08:00,2026-07-31T08:00:00+08:00
520300,2026-07-30,novelty,39.5,2026-07-31T08:00:00+08:00,https://example.gov.cn/panel/520300,2026-07-30T18:00:00+08:00,2026-07-31T08:00:00+08:00
520300,2026-07-30,cross_region_spread,36.9,2026-07-31T08:00:00+08:00,https://example.gov.cn/panel/520300,2026-07-30T18:00:00+08:00,2026-07-31T08:00:00+08:00
520300,2026-07-30,risk_pressure,26,2026-07-31T08:00:00+08:00,https://example.gov.cn/panel/520300,2026-07-30T18:00:00+08:00,2026-07-31T08:00:00+08:00
520300,2026-07-31,content_growth,43.6,2026-08-01T08:00:00+08:00,https://example.gov.cn/panel/520300,2026-07-31T18:00:00+08:00,2026-08-01T08:00:00+08:00
520300,2026-07-31,search_growth,41.9,2026-08-01T08:00:00+08:00,https://example.gov.cn/panel/520300,2026-07-31T18:00:00+08:00,2026-08-01T08:00:00+08:00
520300,2026-07-31,event_trigger,39.2,2026-08-01T08:00:00+08:00,https://example.gov.cn/panel/520300,2026-07-31T18:00:00+08:00,2026-08-01T08:00:00+08:00
520300,2026-07-31,accessibility,32.7,2026-08-01T08:00:00+08:00,https://example.gov.cn/panel/520300,2026-07-31T18:00:00+08:00,2026-08-01T08:00:00+08:00
520300,2026-07-31,supply_capacity,29.7,2026-08-01T08:00:00+08:00,https://example.gov.cn/panel/520300,2026-07-31T18:00:00+08:00,2026-08-01T08:00:00+08:00
520300,2026-07-31,weather_fit,34.0,2026-08-01T08:00:00+08:00,https://example.gov.cn/panel/520300,2026-07-31T18:00:00+08:00,2026-08-01T08:00:00+08:00
520300,2026-07-31,novelty,40.1,2026-08-01T08:00:00+08:00,https://example.gov.cn/panel/520300,2026-07-31T18:00:00+08:00,2026-08-01T08:00:00+08:00
520300,2026-07-31,cross_region_spread,37.5,2026-08-01T08:00:00+08:00,https://example.gov.cn/panel/520300,2026-07-31T18:00:00+08:00,2026-08-01T08:00:00+08:00
520300,2026-07-31,risk_pressure,26,2026-08-01T08:00:00+08:00,https://example.gov.cn/panel/520300,2026-07-31T18:00:00+08:00,2026-08-01T08:00:00+08:00
520300,2026-08-01,content_growth,44.3,2026-08-02T08:00:00+08:00,https://example.gov.cn/panel/520300,2026-08-01T18:00:00+08:00,2026-08-02T08:00:00+08:00
520300,2026-08-01,search_growth,42.6,2026-08-02T08:00:00+08:00,https://example.gov.cn/panel/520300,2026-08-01T18:00:00+08:00,2026-08-02T08:00:00+08:00
520300,2026-08-01,event_trigger,39.9,2026-08-02T08:00:00+08:00,https://example.gov.cn/panel/520300,2026-08-01T18:00:00+08:00,2026-08-02T08:00:00+08:00
520300,2026-08-01,accessibility,33.2,2026-08-02T08:00:00+08:00,https://example.gov.cn/panel/520300,2026-08-01T18:00:00+08:00,2026-08-02T08:00:00+08:00
520300,2026-08-01,supply_capacity,30.1,2026-08-02T08:00:00+08:00,https://example.gov.cn/panel/520300,2026-08-01T18:00:00+08:00,2026-08-02T08:00:00+08:00
520300,2026-08-01,weather_fit,34.6,2026-08-02T08:00:00+08:00,https://example.gov.cn/panel/520300,2026-08-01T18:00:00+08:00,2026-08-02T08:00:00+08:00
520300,2026-08-01,novelty,40.8,2026-08-02T08:00:00+08:00,https://example.gov.cn/panel/520300,2026-08-01T18:00:00+08:00,2026-08-02T08:00:00+08:00
520300,2026-08-01,cross_region_spread,38.1,2026-08-02T08:00:00+08:00,https://example.gov.cn/panel/520300,2026-08-01T18:00:00+08:00,2026-08-02T08:00:00+08:00
520300,2026-08-01,risk_pressure,26,2026-08-02T08:00:00+08:00,https://example.gov.cn/panel/520300,2026-08-01T18:00:00+08:00,2026-08-02T08:00:00+08:00
520300,2026-08-02,content_growth,45.0,2026-08-03T08:00:00+08:00,https://example.gov.cn/panel/520300,2026-08-02T18:00:00+08:00,2026-08-03T08:00:00+08:00
520300,2026-08-02,search_growth,43.2,2026-08-03T08:00:00+08:00,https://example.gov.cn/panel/520300,2026-08-02T18:00:00+08:00,2026-08-03T08:00:00+08:00
520300,2026-08-02,event_trigger,40.5,2026-08-03T08:00:00+08:00,https://example.gov.cn/panel/520300,2026-08-02T18:00:00+08:00,2026-08-03T08:00:00+08:00
520300,2026-08-02,accessibility,33.8,2026-08-03T08:00:00+08:00,https://example.gov.cn/panel/520300,2026-08-02T18:00:00+08:00,2026-08-03T08:00:00+08:00
520300,2026-08-02,supply_capacity,30.6,2026-08-03T08:00:00+08:00,https://example.gov.cn/panel/520300,2026-08-02T18:00:00+08:00,2026-08-03T08:00:00+08:00
520300,2026-08-02,weather_fit,35.1,2026-08-03T08:00:00+08:00,https://example.gov.cn/panel/520300,2026-08-02T18:00:00+08:00,2026-08-03T08:00:00+08:00
520300,2026-08-02,novelty,41.4,2026-08-03T08:00:00+08:00,https://example.gov.cn/panel/520300,2026-08-02T18:00:00+08:00,2026-08-03T08:00:00+08:00
520300,2026-08-02,cross_region_spread,38.7,2026-08-03T08:00:00+08:00,https://example.gov.cn/panel/520300,2026-08-02T18:00:00+08:00,2026-08-03T08:00:00+08:00
520300,2026-08-02,risk_pressure,26,2026-08-03T08:00:00+08:00,https://example.gov.cn/panel/520300,2026-08-02T18:00:00+08:00,2026-08-03T08:00:00+08:00
520300,2026-08-03,content_growth,45.8,2026-08-04T08:00:00+08:00,https://example.gov.cn/panel/520300,2026-08-03T18:00:00+08:00,2026-08-04T08:00:00+08:00
520300,2026-08-03,search_growth,43.9,2026-08-04T08:00:00+08:00,https://example.gov.cn/panel/520300,2026-08-03T18:00:00+08:00,2026-08-04T08:00:00+08:00
520300,2026-08-03,event_trigger,41.2,2026-08-04T08:00:00+08:00,https://example.gov.cn/panel/520300,2026-08-03T18:00:00+08:00,2026-08-04T08:00:00+08:00
520300,2026-08-03,accessibility,34.3,2026-08-04T08:00:00+08:00,https://example.gov.cn/panel/520300,2026-08-03T18:00:00+08:00,2026-08-04T08:00:00+08:00
520300,2026-08-03,supply_capacity,31.1,2026-08-04T08:00:00+08:00,https://example.gov.cn/panel/520300,2026-08-03T18:00:00+08:00,2026-08-04T08:00:00+08:00
520300,2026-08-03,weather_fit,35.7,2026-08-04T08:00:00+08:00,https://example.gov.cn/panel/520300,2026-08-03T18:00:00+08:00,2026-08-04T08:00:00+08:00
520300,2026-08-03,novelty,42.1,2026-08-04T08:00:00+08:00,https://example.gov.cn/panel/520300,2026-08-03T18:00:00+08:00,2026-08-04T08:00:00+08:00
520300,2026-08-03,cross_region_spread,39.4,2026-08-04T08:00:00+08:00,https://example.gov.cn/panel/520300,2026-08-03T18:00:00+08:00,2026-08-04T08:00:00+08:00
520300,2026-08-03,risk_pressure,26,2026-08-04T08:00:00+08:00,https://example.gov.cn/panel/520300,2026-08-03T18:00:00+08:00,2026-08-04T08:00:00+08:00
520300,2026-08-04,content_growth,46.5,2026-08-05T08:00:00+08:00,https://example.gov.cn/panel/520300,2026-08-04T18:00:00+08:00,2026-08-05T08:00:00+08:00
520300,2026-08-04,search_growth,44.6,2026-08-05T08:00:00+08:00,https://example.gov.cn/panel/520300,2026-08-04T18:00:00+08:00,2026-08-05T08:00:00+08:00
520300,2026-08-04,event_trigger,41.8,2026-08-05T08:00:00+08:00,https://example.gov.cn/panel/520300,2026-08-04T18:00:00+08:00,2026-08-05T08:00:00+08:00
520300,2026-08-04,accessibility,34.9,2026-08-05T08:00:00+08:00,https://example.gov.cn/panel/520300,2026-08-04T18:00:00+08:00,2026-08-05T08:00:00+08:00
520300,2026-08-04,supply_capacity,31.6,2026-08-05T08:00:00+08:00,https://example.gov.cn/panel/520300,2026-08-04T18:00:00+08:00,2026-08-05T08:00:00+08:00
520300,2026-08-04,weather_fit,36.3,2026-08-05T08:00:00+08:00,https://example.gov.cn/panel/520300,2026-08-04T18:00:00+08:00,2026-08-05T08:00:00+08:00
520300,2026-08-04,novelty,42.8,2026-08-05T08:00:00+08:00,https://example.gov.cn/panel/520300,2026-08-04T18:00:00+08:00,2026-08-05T08:00:00+08:00
520300,2026-08-04,cross_region_spread,40.0,2026-08-05T08:00:00+08:00,https://example.gov.cn/panel/520300,2026-08-04T18:00:00+08:00,2026-08-05T08:00:00+08:00
520300,2026-08-04,risk_pressure,26,2026-08-05T08:00:00+08:00,https://example.gov.cn/panel/520300,2026-08-04T18:00:00+08:00,2026-08-05T08:00:00+08:00
520300,2026-08-05,content_growth,47.2,2026-08-06T08:00:00+08:00,https://example.gov.cn/panel/520300,2026-08-05T18:00:00+08:00,2026-08-06T08:00:00+08:00
520300,2026-08-05,search_growth,45.3,2026-08-06T08:00:00+08:00,https://example.gov.cn/panel/520300,2026-08-05T18:00:00+08:00,2026-08-06T08:00:00+08:00
520300,2026-08-05,event_trigger,42.5,2026-08-06T08:00:00+08:00,https://example.gov.cn/panel/520300,2026-08-05T18:00:00+08:00,2026-08-06T08:00:00+08:00
520300,2026-08-05,accessibility,35.4,2026-08-06T08:00:00+08:00,https://example.gov.cn/panel/520300,2026-08-05T18:00:00+08:00,2026-08-06T08:00:00+08:00
520300,2026-08-05,supply_capacity,32.1,2026-08-06T08:00:00+08:00,https://example.gov.cn/panel/520300,2026-08-05T18:00:00+08:00,2026-08-06T08:00:00+08:00
520300,2026-08-05,weather_fit,36.8,2026-08-06T08:00:00+08:00,https://example.gov.cn/panel/520300,2026-08-05T18:00:00+08:00,2026-08-06T08:00:00+08:00
520300,2026-08-05,novelty,43.4,2026-08-06T08:00:00+08:00,https://example.gov.cn/panel/520300,2026-08-05T18:00:00+08:00,2026-08-06T08:00:00+08:00
520300,2026-08-05,cross_region_spread,40.6,2026-08-06T08:00:00+08:00,https://example.gov.cn/panel/520300,2026-08-05T18:00:00+08:00,2026-08-06T08:00:00+08:00
520300,2026-08-05,risk_pressure,26,2026-08-06T08:00:00+08:00,https://example.gov.cn/panel/520300,2026-08-05T18:00:00+08:00,2026-08-06T08:00:00+08:00
520300,2026-08-06,content_growth,47.9,2026-08-07T08:00:00+08:00,https://example.gov.cn/panel/520300,2026-08-06T18:00:00+08:00,2026-08-07T08:00:00+08:00
520300,2026-08-06,search_growth,46.0,2026-08-07T08:00:00+08:00,https://example.gov.cn/panel/520300,2026-08-06T18:00:00+08:00,2026-08-07T08:00:00+08:00
520300,2026-08-06,event_trigger,43.1,2026-08-07T08:00:00+08:00,https://example.gov.cn/panel/520300,2026-08-06T18:00:00+08:00,2026-08-07T08:00:00+08:00
520300,2026-08-06,accessibility,35.9,2026-08-07T08:00:00+08:00,https://example.gov.cn/panel/520300,2026-08-06T18:00:00+08:00,2026-08-07T08:00:00+08:00
520300,2026-08-06,supply_capacity,32.6,2026-08-07T08:00:00+08:00,https://example.gov.cn/panel/520300,2026-08-06T18:00:00+08:00,2026-08-07T08:00:00+08:00
520300,2026-08-06,weather_fit,37.4,2026-08-07T08:00:00+08:00,https://example.gov.cn/panel/520300,2026-08-06T18:00:00+08:00,2026-08-07T08:00:00+08:00
520300,2026-08-06,novelty,44.1,2026-08-07T08:00:00+08:00,https://example.gov.cn/panel/520300,2026-08-06T18:00:00+08:00,2026-08-07T08:00:00+08:00
520300,2026-08-06,cross_region_spread,41.2,2026-08-07T08:00:00+08:00,https://example.gov.cn/panel/520300,2026-08-06T18:00:00+08:00,2026-08-07T08:00:00+08:00
520300,2026-08-06,risk_pressure,26,2026-08-07T08:00:00+08:00,https://example.gov.cn/panel/520300,2026-08-06T18:00:00+08:00,2026-08-07T08:00:00+08:00
520300,2026-08-07,content_growth,48.6,2026-08-08T08:00:00+08:00,https://example.gov.cn/panel/520300,2026-08-07T18:00:00+08:00,2026-08-08T08:00:00+08:00
520300,2026-08-07,search_growth,46.7,2026-08-08T08:00:00+08:00,https://example.gov.cn/panel/520300,2026-08-07T18:00:00+08:00,2026-08-08T08:00:00+08:00
520300,2026-08-07,event_trigger,43.8,2026-08-08T08:00:00+08:00,https://example.gov.cn/panel/520300,2026-08-07T18:00:00+08:00,2026-08-08T08:00:00+08:00
520300,2026-08-07,accessibility,36.5,2026-08-08T08:00:00+08:00,https://example.gov.cn/panel/520300,2026-08-07T18:00:00+08:00,2026-08-08T08:00:00+08:00
520300,2026-08-07,supply_capacity,33.1,2026-08-08T08:00:00+08:00,https://example.gov.cn/panel/520300,2026-08-07T18:00:00+08:00,2026-08-08T08:00:00+08:00
520300,2026-08-07,weather_fit,37.9,2026-08-08T08:00:00+08:00,https://example.gov.cn/panel/520300,2026-08-07T18:00:00+08:00,2026-08-08T08:00:00+08:00
520300,2026-08-07,novelty,44.7,2026-08-08T08:00:00+08:00,https://example.gov.cn/panel/520300,2026-08-07T18:00:00+08:00,2026-08-08T08:00:00+08:00
520300,2026-08-07,cross_region_spread,41.8,2026-08-08T08:00:00+08:00,https://example.gov.cn/panel/520300,2026-08-07T18:00:00+08:00,2026-08-08T08:00:00+08:00
520300,2026-08-07,risk_pressure,26,2026-08-08T08:00:00+08:00,https://example.gov.cn/panel/520300,2026-08-07T18:00:00+08:00,2026-08-08T08:00:00+08:00
520300,2026-08-08,content_growth,49.4,2026-08-09T08:00:00+08:00,https://example.gov.cn/panel/520300,2026-08-08T18:00:00+08:00,2026-08-09T08:00:00+08:00
520300,2026-08-08,search_growth,47.4,2026-08-09T08:00:00+08:00,https://example.gov.cn/panel/520300,2026-08-08T18:00:00+08:00,2026-08-09T08:00:00+08:00
520300,2026-08-08,event_trigger,44.4,2026-08-09T08:00:00+08:00,https://example.gov.cn/panel/520300,2026-08-08T18:00:00+08:00,2026-08-09T08:00:00+08:00
520300,2026-08-08,accessibility,37.0,2026-08-09T08:00:00+08:00,https://example.gov.cn/panel/520300,2026-08-08T18:00:00+08:00,2026-08-09T08:00:00+08:00
520300,2026-08-08,supply_capacity,33.6,2026-08-09T08:00:00+08:00,https://example.gov.cn/panel/520300,2026-08-08T18:00:00+08:00,2026-08-09T08:00:00+08:00
520300,2026-08-08,weather_fit,38.5,2026-08-09T08:00:00+08:00,https://example.gov.cn/panel/520300,2026-08-08T18:00:00+08:00,2026-08-09T08:00:00+08:00
520300,2026-08-08,novelty,45.4,2026-08-09T08:00:00+08:00,https://example.gov.cn/panel/520300,2026-08-08T18:00:00+08:00,2026-08-09T08:00:00+08:00
520300,2026-08-08,cross_region_spread,42.4,2026-08-09T08:00:00+08:00,https://example.gov.cn/panel/520300,2026-08-08T18:00:00+08:00,2026-08-09T08:00:00+08:00
520300,2026-08-08,risk_pressure,26,2026-08-09T08:00:00+08:00,https://example.gov.cn/panel/520300,2026-08-08T18:00:00+08:00,2026-08-09T08:00:00+08:00
520300,2026-08-09,content_growth,50.1,2026-08-10T08:00:00+08:00,https://example.gov.cn/panel/520300,2026-08-09T18:00:00+08:00,2026-08-10T08:00:00+08:00
520300,2026-08-09,search_growth,48.1,2026-08-10T08:00:00+08:00,https://example.gov.cn/panel/520300,2026-08-09T18:00:00+08:00,2026-08-10T08:00:00+08:00
520300,2026-08-09,event_trigger,45.1,2026-08-10T08:00:00+08:00,https://example.gov.cn/panel/520300,2026-08-09T18:00:00+08:00,2026-08-10T08:00:00+08:00
520300,2026-08-09,accessibility,37.6,2026-08-10T08:00:00+08:00,https://example.gov.cn/panel/520300,2026-08-09T18:00:00+08:00,2026-08-10T08:00:00+08:00
520300,2026-08-09,supply_capacity,34.0,2026-08-10T08:00:00+08:00,https://example.gov.cn/panel/520300,2026-08-09T18:00:00+08:00,2026-08-10T08:00:00+08:00
520300,2026-08-09,weather_fit,39.1,2026-08-10T08:00:00+08:00,https://example.gov.cn/panel/520300,2026-08-09T18:00:00+08:00,2026-08-10T08:00:00+08:00
520300,2026-08-09,novelty,46.1,2026-08-10T08:00:00+08:00,https://example.gov.cn/panel/520300,2026-08-09T18:00:00+08:00,2026-08-10T08:00:00+08:00
520300,2026-08-09,cross_region_spread,43.1,2026-08-10T08:00:00+08:00,https://example.gov.cn/panel/520300,2026-08-09T18:00:00+08:00,2026-08-10T08:00:00+08:00
520300,2026-08-09,risk_pressure,26,2026-08-10T08:00:00+08:00,https://example.gov.cn/panel/520300,2026-08-09T18:00:00+08:00,2026-08-10T08:00:00+08:00
520300,2026-08-10,content_growth,50.8,2026-08-11T08:00:00+08:00,https://example.gov.cn/panel/520300,2026-08-10T18:00:00+08:00,2026-08-11T08:00:00+08:00
520300,2026-08-10,search_growth,48.8,2026-08-11T08:00:00+08:00,https://example.gov.cn/panel/520300,2026-08-10T18:00:00+08:00,2026-08-11T08:00:00+08:00
520300,2026-08-10,event_trigger,45.7,2026-08-11T08:00:00+08:00,https://example.gov.cn/panel/520300,2026-08-10T18:00:00+08:00,2026-08-11T08:00:00+08:00
520300,2026-08-10,accessibility,38.1,2026-08-11T08:00:00+08:00,https://example.gov.cn/panel/520300,2026-08-10T18:00:00+08:00,2026-08-11T08:00:00+08:00
520300,2026-08-10,supply_capacity,34.5,2026-08-11T08:00:00+08:00,https://example.gov.cn/panel/520300,2026-08-10T18:00:00+08:00,2026-08-11T08:00:00+08:00
520300,2026-08-10,weather_fit,39.6,2026-08-11T08:00:00+08:00,https://example.gov.cn/panel/520300,2026-08-10T18:00:00+08:00,2026-08-11T08:00:00+08:00
520300,2026-08-10,novelty,46.7,2026-08-11T08:00:00+08:00,https://example.gov.cn/panel/520300,2026-08-10T18:00:00+08:00,2026-08-11T08:00:00+08:00
520300,2026-08-10,cross_region_spread,43.7,2026-08-11T08:00:00+08:00,https://example.gov.cn/panel/520300,2026-08-10T18:00:00+08:00,2026-08-11T08:00:00+08:00
520300,2026-08-10,risk_pressure,26,2026-08-11T08:00:00+08:00,https://example.gov.cn/panel/520300,2026-08-10T18:00:00+08:00,2026-08-11T08:00:00+08:00
520300,2026-08-11,content_growth,51.5,2026-08-12T08:00:00+08:00,https://example.gov.cn/panel/520300,2026-08-11T18:00:00+08:00,2026-08-12T08:00:00+08:00
520300,2026-08-11,search_growth,49.4,2026-08-12T08:00:00+08:00,https://example.gov.cn/panel/520300,2026-08-11T18:00:00+08:00,2026-08-12T08:00:00+08:00
520300,2026-08-11,event_trigger,46.4,2026-08-12T08:00:00+08:00,https://example.gov.cn/panel/520300,2026-08-11T18:00:00+08:00,2026-08-12T08:00:00+08:00
520300,2026-08-11,accessibility,38.6,2026-08-12T08:00:00+08:00,https://example.gov.cn/panel/520300,2026-08-11T18:00:00+08:00,2026-08-12T08:00:00+08:00
520300,2026-08-11,supply_capacity,35.0,2026-08-12T08:00:00+08:00,https://example.gov.cn/panel/520300,2026-08-11T18:00:00+08:00,2026-08-12T08:00:00+08:00
520300,2026-08-11,weather_fit,40.2,2026-08-12T08:00:00+08:00,https://example.gov.cn/panel/520300,2026-08-11T18:00:00+08:00,2026-08-12T08:00:00+08:00
520300,2026-08-11,novelty,47.4,2026-08-12T08:00:00+08:00,https://example.gov.cn/panel/520300,2026-08-11T18:00:00+08:00,2026-08-12T08:00:00+08:00
520300,2026-08-11,cross_region_spread,44.3,2026-08-12T08:00:00+08:00,https://example.gov.cn/panel/520300,2026-08-11T18:00:00+08:00,2026-08-12T08:00:00+08:00
520300,2026-08-11,risk_pressure,26,2026-08-12T08:00:00+08:00,https://example.gov.cn/panel/520300,2026-08-11T18:00:00+08:00,2026-08-12T08:00:00+08:00
520300,2026-08-12,content_growth,52.2,2026-08-13T08:00:00+08:00,https://example.gov.cn/panel/520300,2026-08-12T18:00:00+08:00,2026-08-13T08:00:00+08:00
520300,2026-08-12,search_growth,50.1,2026-08-13T08:00:00+08:00,https://example.gov.cn/panel/520300,2026-08-12T18:00:00+08:00,2026-08-13T08:00:00+08:00
520300,2026-08-12,event_trigger,47.0,2026-08-13T08:00:00+08:00,https://example.gov.cn/panel/520300,2026-08-12T18:00:00+08:00,2026-08-13T08:00:00+08:00
520300,2026-08-12,accessibility,39.2,2026-08-13T08:00:00+08:00,https://example.gov.cn/panel/520300,2026-08-12T18:00:00+08:00,2026-08-13T08:00:00+08:00
520300,2026-08-12,supply_capacity,35.5,2026-08-13T08:00:00+08:00,https://example.gov.cn/panel/520300,2026-08-12T18:00:00+08:00,2026-08-13T08:00:00+08:00
520300,2026-08-12,weather_fit,40.7,2026-08-13T08:00:00+08:00,https://example.gov.cn/panel/520300,2026-08-12T18:00:00+08:00,2026-08-13T08:00:00+08:00
520300,2026-08-12,novelty,48.0,2026-08-13T08:00:00+08:00,https://example.gov.cn/panel/520300,2026-08-12T18:00:00+08:00,2026-08-13T08:00:00+08:00
520300,2026-08-12,cross_region_spread,44.9,2026-08-13T08:00:00+08:00,https://example.gov.cn/panel/520300,2026-08-12T18:00:00+08:00,2026-08-13T08:00:00+08:00
520300,2026-08-12,risk_pressure,26,2026-08-13T08:00:00+08:00,https://example.gov.cn/panel/520300,2026-08-12T18:00:00+08:00,2026-08-13T08:00:00+08:00
520300,2026-08-13,content_growth,52.2,2026-08-14T08:00:00+08:00,https://example.gov.cn/panel/520300,2026-08-13T18:00:00+08:00,2026-08-14T08:00:00+08:00
520300,2026-08-13,search_growth,50.1,2026-08-14T08:00:00+08:00,https://example.gov.cn/panel/520300,2026-08-13T18:00:00+08:00,2026-08-14T08:00:00+08:00
520300,2026-08-13,event_trigger,47.0,2026-08-14T08:00:00+08:00,https://example.gov.cn/panel/520300,2026-08-13T18:00:00+08:00,2026-08-14T08:00:00+08:00
520300,2026-08-13,accessibility,39.2,2026-08-14T08:00:00+08:00,https://example.gov.cn/panel/520300,2026-08-13T18:00:00+08:00,2026-08-14T08:00:00+08:00
520300,2026-08-13,supply_capacity,35.5,2026-08-14T08:00:00+08:00,https://example.gov.cn/panel/520300,2026-08-13T18:00:00+08:00,2026-08-14T08:00:00+08:00
520300,2026-08-13,weather_fit,40.7,2026-08-14T08:00:00+08:00,https://example.gov.cn/panel/520300,2026-08-13T18:00:00+08:00,2026-08-14T08:00:00+08:00
520300,2026-08-13,novelty,48.0,2026-08-14T08:00:00+08:00,https://example.gov.cn/panel/520300,2026-08-13T18:00:00+08:00,2026-08-14T08:00:00+08:00
520300,2026-08-13,cross_region_spread,44.9,2026-08-14T08:00:00+08:00,https://example.gov.cn/panel/520300,2026-08-13T18:00:00+08:00,2026-08-14T08:00:00+08:00
520300,2026-08-13,risk_pressure,26,2026-08-14T08:00:00+08:00,https://example.gov.cn/panel/520300,2026-08-13T18:00:00+08:00,2026-08-14T08:00:00+08:00
520300,2026-08-14,content_growth,52.2,2026-08-15T08:00:00+08:00,https://example.gov.cn/panel/520300,2026-08-14T18:00:00+08:00,2026-08-15T08:00:00+08:00
520300,2026-08-14,search_growth,50.1,2026-08-15T08:00:00+08:00,https://example.gov.cn/panel/520300,2026-08-14T18:00:00+08:00,2026-08-15T08:00:00+08:00
520300,2026-08-14,event_trigger,47.0,2026-08-15T08:00:00+08:00,https://example.gov.cn/panel/520300,2026-08-14T18:00:00+08:00,2026-08-15T08:00:00+08:00
520300,2026-08-14,accessibility,39.2,2026-08-15T08:00:00+08:00,https://example.gov.cn/panel/520300,2026-08-14T18:00:00+08:00,2026-08-15T08:00:00+08:00
520300,2026-08-14,supply_capacity,35.5,2026-08-15T08:00:00+08:00,https://example.gov.cn/panel/520300,2026-08-14T18:00:00+08:00,2026-08-15T08:00:00+08:00
520300,2026-08-14,weather_fit,40.7,2026-08-15T08:00:00+08:00,https://example.gov.cn/panel/520300,2026-08-14T18:00:00+08:00,2026-08-15T08:00:00+08:00
520300,2026-08-14,novelty,48.0,2026-08-15T08:00:00+08:00,https://example.gov.cn/panel/520300,2026-08-14T18:00:00+08:00,2026-08-15T08:00:00+08:00
520300,2026-08-14,cross_region_spread,44.9,2026-08-15T08:00:00+08:00,https://example.gov.cn/panel/520300,2026-08-14T18:00:00+08:00,2026-08-15T08:00:00+08:00
520300,2026-08-14,risk_pressure,26,2026-08-15T08:00:00+08:00,https://example.gov.cn/panel/520300,2026-08-14T18:00:00+08:00,2026-08-15T08:00:00+08:00
533103,2026-07-03,content_growth,26.3,2026-07-04T08:00:00+08:00,https://example.gov.cn/panel/533103,2026-07-03T18:00:00+08:00,2026-07-04T08:00:00+08:00
533103,2026-07-03,search_growth,25.3,2026-07-04T08:00:00+08:00,https://example.gov.cn/panel/533103,2026-07-03T18:00:00+08:00,2026-07-04T08:00:00+08:00
533103,2026-07-03,event_trigger,23.7,2026-07-04T08:00:00+08:00,https://example.gov.cn/panel/533103,2026-07-03T18:00:00+08:00,2026-07-04T08:00:00+08:00
533103,2026-07-03,accessibility,19.7,2026-07-04T08:00:00+08:00,https://example.gov.cn/panel/533103,2026-07-03T18:00:00+08:00,2026-07-04T08:00:00+08:00
533103,2026-07-03,supply_capacity,17.9,2026-07-04T08:00:00+08:00,https://example.gov.cn/panel/533103,2026-07-03T18:00:00+08:00,2026-07-04T08:00:00+08:00
533103,2026-07-03,weather_fit,20.5,2026-07-04T08:00:00+08:00,https://example.gov.cn/panel/533103,2026-07-03T18:00:00+08:00,2026-07-04T08:00:00+08:00
533103,2026-07-03,novelty,24.2,2026-07-04T08:00:00+08:00,https://example.gov.cn/panel/533103,2026-07-03T18:00:00+08:00,2026-07-04T08:00:00+08:00
533103,2026-07-03,cross_region_spread,22.6,2026-07-04T08:00:00+08:00,https://example.gov.cn/panel/533103,2026-07-03T18:00:00+08:00,2026-07-04T08:00:00+08:00
533103,2026-07-03,risk_pressure,26,2026-07-04T08:00:00+08:00,https://example.gov.cn/panel/533103,2026-07-03T18:00:00+08:00,2026-07-04T08:00:00+08:00
533103,2026-07-04,content_growth,27.1,2026-07-05T08:00:00+08:00,https://example.gov.cn/panel/533103,2026-07-04T18:00:00+08:00,2026-07-05T08:00:00+08:00
533103,2026-07-04,search_growth,26.0,2026-07-05T08:00:00+08:00,https://example.gov.cn/panel/533103,2026-07-04T18:00:00+08:00,2026-07-05T08:00:00+08:00
533103,2026-07-04,event_trigger,24.4,2026-07-05T08:00:00+08:00,https://example.gov.cn/panel/533103,2026-07-04T18:00:00+08:00,2026-07-05T08:00:00+08:00
533103,2026-07-04,accessibility,20.3,2026-07-05T08:00:00+08:00,https://example.gov.cn/panel/533103,2026-07-04T18:00:00+08:00,2026-07-05T08:00:00+08:00
533103,2026-07-04,supply_capacity,18.4,2026-07-05T08:00:00+08:00,https://example.gov.cn/panel/533103,2026-07-04T18:00:00+08:00,2026-07-05T08:00:00+08:00
533103,2026-07-04,weather_fit,21.1,2026-07-05T08:00:00+08:00,https://example.gov.cn/panel/533103,2026-07-04T18:00:00+08:00,2026-07-05T08:00:00+08:00
533103,2026-07-04,novelty,24.9,2026-07-05T08:00:00+08:00,https://example.gov.cn/panel/533103,2026-07-04T18:00:00+08:00,2026-07-05T08:00:00+08:00
533103,2026-07-04,cross_region_spread,23.3,2026-07-05T08:00:00+08:00,https://example.gov.cn/panel/533103,2026-07-04T18:00:00+08:00,2026-07-05T08:00:00+08:00
533103,2026-07-04,risk_pressure,26,2026-07-05T08:00:00+08:00,https://example.gov.cn/panel/533103,2026-07-04T18:00:00+08:00,2026-07-05T08:00:00+08:00
533103,2026-07-05,content_growth,27.9,2026-07-06T08:00:00+08:00,https://example.gov.cn/panel/533103,2026-07-05T18:00:00+08:00,2026-07-06T08:00:00+08:00
533103,2026-07-05,search_growth,26.8,2026-07-06T08:00:00+08:00,https://example.gov.cn/panel/533103,2026-07-05T18:00:00+08:00,2026-07-06T08:00:00+08:00
533103,2026-07-05,event_trigger,25.1,2026-07-06T08:00:00+08:00,https://example.gov.cn/panel/533103,2026-07-05T18:00:00+08:00,2026-07-06T08:00:00+08:00
533103,2026-07-05,accessibility,20.9,2026-07-06T08:00:00+08:00,https://example.gov.cn/panel/533103,2026-07-05T18:00:00+08:00,2026-07-06T08:00:00+08:00
533103,2026-07-05,supply_capacity,19.0,2026-07-06T08:00:00+08:00,https://example.gov.cn/panel/533103,2026-07-05T18:00:00+08:00,2026-07-06T08:00:00+08:00
533103,2026-07-05,weather_fit,21.8,2026-07-06T08:00:00+08:00,https://example.gov.cn/panel/533103,2026-07-05T18:00:00+08:00,2026-07-06T08:00:00+08:00
533103,2026-07-05,novelty,25.7,2026-07-06T08:00:00+08:00,https://example.gov.cn/panel/533103,2026-07-05T18:00:00+08:00,2026-07-06T08:00:00+08:00
533103,2026-07-05,cross_region_spread,24.0,2026-07-06T08:00:00+08:00,https://example.gov.cn/panel/533103,2026-07-05T18:00:00+08:00,2026-07-06T08:00:00+08:00
533103,2026-07-05,risk_pressure,26,2026-07-06T08:00:00+08:00,https://example.gov.cn/panel/533103,2026-07-05T18:00:00+08:00,2026-07-06T08:00:00+08:00
533103,2026-07-06,content_growth,28.7,2026-07-07T08:00:00+08:00,https://example.gov.cn/panel/533103,2026-07-06T18:00:00+08:00,2026-07-07T08:00:00+08:00
533103,2026-07-06,search_growth,27.6,2026-07-07T08:00:00+08:00,https://example.gov.cn/panel/533103,2026-07-06T18:00:00+08:00,2026-07-07T08:00:00+08:00
533103,2026-07-06,event_trigger,25.9,2026-07-07T08:00:00+08:00,https://example.gov.cn/panel/533103,2026-07-06T18:00:00+08:00,2026-07-07T08:00:00+08:00
533103,2026-07-06,accessibility,21.5,2026-07-07T08:00:00+08:00,https://example.gov.cn/panel/533103,2026-07-06T18:00:00+08:00,2026-07-07T08:00:00+08:00
533103,2026-07-06,supply_capacity,19.5,2026-07-07T08:00:00+08:00,https://example.gov.cn/panel/533103,2026-07-06T18:00:00+08:00,2026-07-07T08:00:00+08:00
533103,2026-07-06,weather_fit,22.4,2026-07-07T08:00:00+08:00,https://example.gov.cn/panel/533103,2026-07-06T18:00:00+08:00,2026-07-07T08:00:00+08:00
533103,2026-07-06,novelty,26.4,2026-07-07T08:00:00+08:00,https://example.gov.cn/panel/533103,2026-07-06T18:00:00+08:00,2026-07-07T08:00:00+08:00
533103,2026-07-06,cross_region_spread,24.7,2026-07-07T08:00:00+08:00,https://example.gov.cn/panel/533103,2026-07-06T18:00:00+08:00,2026-07-07T08:00:00+08:00
533103,2026-07-06,risk_pressure,26,2026-07-07T08:00:00+08:00,https://example.gov.cn/panel/533103,2026-07-06T18:00:00+08:00,2026-07-07T08:00:00+08:00
533103,2026-07-07,content_growth,29.5,2026-07-08T08:00:00+08:00,https://example.gov.cn/panel/533103,2026-07-07T18:00:00+08:00,2026-07-08T08:00:00+08:00
533103,2026-07-07,search_growth,28.3,2026-07-08T08:00:00+08:00,https://example.gov.cn/panel/533103,2026-07-07T18:00:00+08:00,2026-07-08T08:00:00+08:00
533103,2026-07-07,event_trigger,26.6,2026-07-08T08:00:00+08:00,https://example.gov.cn/panel/533103,2026-07-07T18:00:00+08:00,2026-07-08T08:00:00+08:00
533103,2026-07-07,accessibility,22.1,2026-07-08T08:00:00+08:00,https://example.gov.cn/panel/533103,2026-07-07T18:00:00+08:00,2026-07-08T08:00:00+08:00
533103,2026-07-07,supply_capacity,20.1,2026-07-08T08:00:00+08:00,https://example.gov.cn/panel/533103,2026-07-07T18:00:00+08:00,2026-07-08T08:00:00+08:00
533103,2026-07-07,weather_fit,23.0,2026-07-08T08:00:00+08:00,https://example.gov.cn/panel/533103,2026-07-07T18:00:00+08:00,2026-07-08T08:00:00+08:00
533103,2026-07-07,novelty,27.2,2026-07-08T08:00:00+08:00,https://example.gov.cn/panel/533103,2026-07-07T18:00:00+08:00,2026-07-08T08:00:00+08:00
533103,2026-07-07,cross_region_spread,25.4,2026-07-08T08:00:00+08:00,https://example.gov.cn/panel/533103,2026-07-07T18:00:00+08:00,2026-07-08T08:00:00+08:00
533103,2026-07-07,risk_pressure,26,2026-07-08T08:00:00+08:00,https://example.gov.cn/panel/533103,2026-07-07T18:00:00+08:00,2026-07-08T08:00:00+08:00
533103,2026-07-08,content_growth,30.3,2026-07-09T08:00:00+08:00,https://example.gov.cn/panel/533103,2026-07-08T18:00:00+08:00,2026-07-09T08:00:00+08:00
533103,2026-07-08,search_growth,29.1,2026-07-09T08:00:00+08:00,https://example.gov.cn/panel/533103,2026-07-08T18:00:00+08:00,2026-07-09T08:00:00+08:00
533103,2026-07-08,event_trigger,27.3,2026-07-09T08:00:00+08:00,https://example.gov.cn/panel/533103,2026-07-08T18:00:00+08:00,2026-07-09T08:00:00+08:00
533103,2026-07-08,accessibility,22.7,2026-07-09T08:00:00+08:00,https://example.gov.cn/panel/533103,2026-07-08T18:00:00+08:00,2026-07-09T08:00:00+08:00
533103,2026-07-08,supply_capacity,20.6,2026-07-09T08:00:00+08:00,https://example.gov.cn/panel/533103,2026-07-08T18:00:00+08:00,2026-07-09T08:00:00+08:00
533103,2026-07-08,weather_fit,23.7,2026-07-09T08:00:00+08:00,https://example.gov.cn/panel/533103,2026-07-08T18:00:00+08:00,2026-07-09T08:00:00+08:00
533103,2026-07-08,novelty,27.9,2026-07-09T08:00:00+08:00,https://example.gov.cn/panel/533103,2026-07-08T18:00:00+08:00,2026-07-09T08:00:00+08:00
533103,2026-07-08,cross_region_spread,26.1,2026-07-09T08:00:00+08:00,https://example.gov.cn/panel/533103,2026-07-08T18:00:00+08:00,2026-07-09T08:00:00+08:00
533103,2026-07-08,risk_pressure,26,2026-07-09T08:00:00+08:00,https://example.gov.cn/panel/533103,2026-07-08T18:00:00+08:00,2026-07-09T08:00:00+08:00
533103,2026-07-09,content_growth,31.1,2026-07-10T08:00:00+08:00,https://example.gov.cn/panel/533103,2026-07-09T18:00:00+08:00,2026-07-10T08:00:00+08:00
533103,2026-07-09,search_growth,29.9,2026-07-10T08:00:00+08:00,https://example.gov.cn/panel/533103,2026-07-09T18:00:00+08:00,2026-07-10T08:00:00+08:00
533103,2026-07-09,event_trigger,28.0,2026-07-10T08:00:00+08:00,https://example.gov.cn/panel/533103,2026-07-09T18:00:00+08:00,2026-07-10T08:00:00+08:00
533103,2026-07-09,accessibility,23.4,2026-07-10T08:00:00+08:00,https://example.gov.cn/panel/533103,2026-07-09T18:00:00+08:00,2026-07-10T08:00:00+08:00
533103,2026-07-09,supply_capacity,21.2,2026-07-10T08:00:00+08:00,https://example.gov.cn/panel/533103,2026-07-09T18:00:00+08:00,2026-07-10T08:00:00+08:00
533103,2026-07-09,weather_fit,24.3,2026-07-10T08:00:00+08:00,https://example.gov.cn/panel/533103,2026-07-09T18:00:00+08:00,2026-07-10T08:00:00+08:00
533103,2026-07-09,novelty,28.6,2026-07-10T08:00:00+08:00,https://example.gov.cn/panel/533103,2026-07-09T18:00:00+08:00,2026-07-10T08:00:00+08:00
533103,2026-07-09,cross_region_spread,26.8,2026-07-10T08:00:00+08:00,https://example.gov.cn/panel/533103,2026-07-09T18:00:00+08:00,2026-07-10T08:00:00+08:00
533103,2026-07-09,risk_pressure,26,2026-07-10T08:00:00+08:00,https://example.gov.cn/panel/533103,2026-07-09T18:00:00+08:00,2026-07-10T08:00:00+08:00
533103,2026-07-10,content_growth,31.9,2026-07-11T08:00:00+08:00,https://example.gov.cn/panel/533103,2026-07-10T18:00:00+08:00,2026-07-11T08:00:00+08:00
533103,2026-07-10,search_growth,30.7,2026-07-11T08:00:00+08:00,https://example.gov.cn/panel/533103,2026-07-10T18:00:00+08:00,2026-07-11T08:00:00+08:00
533103,2026-07-10,event_trigger,28.7,2026-07-11T08:00:00+08:00,https://example.gov.cn/panel/533103,2026-07-10T18:00:00+08:00,2026-07-11T08:00:00+08:00
533103,2026-07-10,accessibility,24.0,2026-07-11T08:00:00+08:00,https://example.gov.cn/panel/533103,2026-07-10T18:00:00+08:00,2026-07-11T08:00:00+08:00
533103,2026-07-10,supply_capacity,21.7,2026-07-11T08:00:00+08:00,https://example.gov.cn/panel/533103,2026-07-10T18:00:00+08:00,2026-07-11T08:00:00+08:00
533103,2026-07-10,weather_fit,24.9,2026-07-11T08:00:00+08:00,https://example.gov.cn/panel/533103,2026-07-10T18:00:00+08:00,2026-07-11T08:00:00+08:00
533103,2026-07-10,novelty,29.4,2026-07-11T08:00:00+08:00,https://example.gov.cn/panel/533103,2026-07-10T18:00:00+08:00,2026-07-11T08:00:00+08:00
533103,2026-07-10,cross_region_spread,27.5,2026-07-11T08:00:00+08:00,https://example.gov.cn/panel/533103,2026-07-10T18:00:00+08:00,2026-07-11T08:00:00+08:00
533103,2026-07-10,risk_pressure,26,2026-07-11T08:00:00+08:00,https://example.gov.cn/panel/533103,2026-07-10T18:00:00+08:00,2026-07-11T08:00:00+08:00
533103,2026-07-11,content_growth,32.7,2026-07-12T08:00:00+08:00,https://example.gov.cn/panel/533103,2026-07-11T18:00:00+08:00,2026-07-12T08:00:00+08:00
533103,2026-07-11,search_growth,31.4,2026-07-12T08:00:00+08:00,https://example.gov.cn/panel/533103,2026-07-11T18:00:00+08:00,2026-07-12T08:00:00+08:00
533103,2026-07-11,event_trigger,29.5,2026-07-12T08:00:00+08:00,https://example.gov.cn/panel/533103,2026-07-11T18:00:00+08:00,2026-07-12T08:00:00+08:00
533103,2026-07-11,accessibility,24.6,2026-07-12T08:00:00+08:00,https://example.gov.cn/panel/533103,2026-07-11T18:00:00+08:00,2026-07-12T08:00:00+08:00
533103,2026-07-11,supply_capacity,22.3,2026-07-12T08:00:00+08:00,https://example.gov.cn/panel/533103,2026-07-11T18:00:00+08:00,2026-07-12T08:00:00+08:00
533103,2026-07-11,weather_fit,25.5,2026-07-12T08:00:00+08:00,https://example.gov.cn/panel/533103,2026-07-11T18:00:00+08:00,2026-07-12T08:00:00+08:00
533103,2026-07-11,novelty,30.1,2026-07-12T08:00:00+08:00,https://example.gov.cn/panel/533103,2026-07-11T18:00:00+08:00,2026-07-12T08:00:00+08:00
533103,2026-07-11,cross_region_spread,28.2,2026-07-12T08:00:00+08:00,https://example.gov.cn/panel/533103,2026-07-11T18:00:00+08:00,2026-07-12T08:00:00+08:00
533103,2026-07-11,risk_pressure,26,2026-07-12T08:00:00+08:00,https://example.gov.cn/panel/533103,2026-07-11T18:00:00+08:00,2026-07-12T08:00:00+08:00
533103,2026-07-12,content_growth,33.5,2026-07-13T08:00:00+08:00,https://example.gov.cn/panel/533103,2026-07-12T18:00:00+08:00,2026-07-13T08:00:00+08:00
533103,2026-07-12,search_growth,32.2,2026-07-13T08:00:00+08:00,https://example.gov.cn/panel/533103,2026-07-12T18:00:00+08:00,2026-07-13T08:00:00+08:00
533103,2026-07-12,event_trigger,30.2,2026-07-13T08:00:00+08:00,https://example.gov.cn/panel/533103,2026-07-12T18:00:00+08:00,2026-07-13T08:00:00+08:00
533103,2026-07-12,accessibility,25.2,2026-07-13T08:00:00+08:00,https://example.gov.cn/panel/533103,2026-07-12T18:00:00+08:00,2026-07-13T08:00:00+08:00
533103,2026-07-12,supply_capacity,22.8,2026-07-13T08:00:00+08:00,https://example.gov.cn/panel/533103,2026-07-12T18:00:00+08:00,2026-07-13T08:00:00+08:00
533103,2026-07-12,weather_fit,26.2,2026-07-13T08:00:00+08:00,https://example.gov.cn/panel/533103,2026-07-12T18:00:00+08:00,2026-07-13T08:00:00+08:00
533103,2026-07-12,novelty,30.9,2026-07-13T08:00:00+08:00,https://example.gov.cn/panel/533103,2026-07-12T18:00:00+08:00,2026-07-13T08:00:00+08:00
533103,2026-07-12,cross_region_spread,28.9,2026-07-13T08:00:00+08:00,https://example.gov.cn/panel/533103,2026-07-12T18:00:00+08:00,2026-07-13T08:00:00+08:00
533103,2026-07-12,risk_pressure,26,2026-07-13T08:00:00+08:00,https://example.gov.cn/panel/533103,2026-07-12T18:00:00+08:00,2026-07-13T08:00:00+08:00
533103,2026-07-13,content_growth,34.4,2026-07-14T08:00:00+08:00,https://example.gov.cn/panel/533103,2026-07-13T18:00:00+08:00,2026-07-14T08:00:00+08:00
533103,2026-07-13,search_growth,33.0,2026-07-14T08:00:00+08:00,https://example.gov.cn/panel/533103,2026-07-13T18:00:00+08:00,2026-07-14T08:00:00+08:00
533103,2026-07-13,event_trigger,30.9,2026-07-14T08:00:00+08:00,https://example.gov.cn/panel/533103,2026-07-13T18:00:00+08:00,2026-07-14T08:00:00+08:00
533103,2026-07-13,accessibility,25.8,2026-07-14T08:00:00+08:00,https://example.gov.cn/panel/533103,2026-07-13T18:00:00+08:00,2026-07-14T08:00:00+08:00
533103,2026-07-13,supply_capacity,23.4,2026-07-14T08:00:00+08:00,https://example.gov.cn/panel/533103,2026-07-13T18:00:00+08:00,2026-07-14T08:00:00+08:00
533103,2026-07-13,weather_fit,26.8,2026-07-14T08:00:00+08:00,https://example.gov.cn/panel/533103,2026-07-13T18:00:00+08:00,2026-07-14T08:00:00+08:00
533103,2026-07-13,novelty,31.6,2026-07-14T08:00:00+08:00,https://example.gov.cn/panel/533103,2026-07-13T18:00:00+08:00,2026-07-14T08:00:00+08:00
533103,2026-07-13,cross_region_spread,29.5,2026-07-14T08:00:00+08:00,https://example.gov.cn/panel/533103,2026-07-13T18:00:00+08:00,2026-07-14T08:00:00+08:00
533103,2026-07-13,risk_pressure,26,2026-07-14T08:00:00+08:00,https://example.gov.cn/panel/533103,2026-07-13T18:00:00+08:00,2026-07-14T08:00:00+08:00
533103,2026-07-14,content_growth,35.2,2026-07-15T08:00:00+08:00,https://example.gov.cn/panel/533103,2026-07-14T18:00:00+08:00,2026-07-15T08:00:00+08:00
533103,2026-07-14,search_growth,33.7,2026-07-15T08:00:00+08:00,https://example.gov.cn/panel/533103,2026-07-14T18:00:00+08:00,2026-07-15T08:00:00+08:00
533103,2026-07-14,event_trigger,31.6,2026-07-15T08:00:00+08:00,https://example.gov.cn/panel/533103,2026-07-14T18:00:00+08:00,2026-07-15T08:00:00+08:00
533103,2026-07-14,accessibility,26.4,2026-07-15T08:00:00+08:00,https://example.gov.cn/panel/533103,2026-07-14T18:00:00+08:00,2026-07-15T08:00:00+08:00
533103,2026-07-14,supply_capacity,23.9,2026-07-15T08:00:00+08:00,https://example.gov.cn/panel/533103,2026-07-14T18:00:00+08:00,2026-07-15T08:00:00+08:00
533103,2026-07-14,weather_fit,27.4,2026-07-15T08:00:00+08:00,https://example.gov.cn/panel/533103,2026-07-14T18:00:00+08:00,2026-07-15T08:00:00+08:00
533103,2026-07-14,novelty,32.3,2026-07-15T08:00:00+08:00,https://example.gov.cn/panel/533103,2026-07-14T18:00:00+08:00,2026-07-15T08:00:00+08:00
533103,2026-07-14,cross_region_spread,30.2,2026-07-15T08:00:00+08:00,https://example.gov.cn/panel/533103,2026-07-14T18:00:00+08:00,2026-07-15T08:00:00+08:00
533103,2026-07-14,risk_pressure,26,2026-07-15T08:00:00+08:00,https://example.gov.cn/panel/533103,2026-07-14T18:00:00+08:00,2026-07-15T08:00:00+08:00
533103,2026-07-15,content_growth,36.0,2026-07-16T08:00:00+08:00,https://example.gov.cn/panel/533103,2026-07-15T18:00:00+08:00,2026-07-16T08:00:00+08:00
533103,2026-07-15,search_growth,34.5,2026-07-16T08:00:00+08:00,https://example.gov.cn/panel/533103,2026-07-15T18:00:00+08:00,2026-07-16T08:00:00+08:00
533103,2026-07-15,event_trigger,32.4,2026-07-16T08:00:00+08:00,https://example.gov.cn/panel/533103,2026-07-15T18:00:00+08:00,2026-07-16T08:00:00+08:00
533103,2026-07-15,accessibility,27.0,2026-07-16T08:00:00+08:00,https://example.gov.cn/panel/533103,2026-07-15T18:00:00+08:00,2026-07-16T08:00:00+08:00
533103,2026-07-15,supply_capacity,24.5,2026-07-16T08:00:00+08:00,https://example.gov.cn/panel/533103,2026-07-15T18:00:00+08:00,2026-07-16T08:00:00+08:00
533103,2026-07-15,weather_fit,28.0,2026-07-16T08:00:00+08:00,https://example.gov.cn/panel/533103,2026-07-15T18:00:00+08:00,2026-07-16T08:00:00+08:00
533103,2026-07-15,novelty,33.1,2026-07-16T08:00:00+08:00,https://example.gov.cn/panel/533103,2026-07-15T18:00:00+08:00,2026-07-16T08:00:00+08:00
533103,2026-07-15,cross_region_spread,30.9,2026-07-16T08:00:00+08:00,https://example.gov.cn/panel/533103,2026-07-15T18:00:00+08:00,2026-07-16T08:00:00+08:00
533103,2026-07-15,risk_pressure,26,2026-07-16T08:00:00+08:00,https://example.gov.cn/panel/533103,2026-07-15T18:00:00+08:00,2026-07-16T08:00:00+08:00
533103,2026-07-16,content_growth,36.8,2026-07-17T08:00:00+08:00,https://example.gov.cn/panel/533103,2026-07-16T18:00:00+08:00,2026-07-17T08:00:00+08:00
533103,2026-07-16,search_growth,35.3,2026-07-17T08:00:00+08:00,https://example.gov.cn/panel/533103,2026-07-16T18:00:00+08:00,2026-07-17T08:00:00+08:00
533103,2026-07-16,event_trigger,33.1,2026-07-17T08:00:00+08:00,https://example.gov.cn/panel/533103,2026-07-16T18:00:00+08:00,2026-07-17T08:00:00+08:00
533103,2026-07-16,accessibility,27.6,2026-07-17T08:00:00+08:00,https://example.gov.cn/panel/533103,2026-07-16T18:00:00+08:00,2026-07-17T08:00:00+08:00
533103,2026-07-16,supply_capacity,25.0,2026-07-17T08:00:00+08:00,https://example.gov.cn/panel/533103,2026-07-16T18:00:00+08:00,2026-07-17T08:00:00+08:00
533103,2026-07-16,weather_fit,28.7,2026-07-17T08:00:00+08:00,https://example.gov.cn/panel/533103,2026-07-16T18:00:00+08:00,2026-07-17T08:00:00+08:00
533103,2026-07-16,novelty,33.8,2026-07-17T08:00:00+08:00,https://example.gov.cn/panel/533103,2026-07-16T18:00:00+08:00,2026-07-17T08:00:00+08:00
533103,2026-07-16,cross_region_spread,31.6,2026-07-17T08:00:00+08:00,https://example.gov.cn/panel/533103,2026-07-16T18:00:00+08:00,2026-07-17T08:00:00+08:00
533103,2026-07-16,risk_pressure,26,2026-07-17T08:00:00+08:00,https://example.gov.cn/panel/533103,2026-07-16T18:00:00+08:00,2026-07-17T08:00:00+08:00
533103,2026-07-17,content_growth,37.6,2026-07-18T08:00:00+08:00,https://example.gov.cn/panel/533103,2026-07-17T18:00:00+08:00,2026-07-18T08:00:00+08:00
533103,2026-07-17,search_growth,36.1,2026-07-18T08:00:00+08:00,https://example.gov.cn/panel/533103,2026-07-17T18:00:00+08:00,2026-07-18T08:00:00+08:00
533103,2026-07-17,event_trigger,33.8,2026-07-18T08:00:00+08:00,https://example.gov.cn/panel/533103,2026-07-17T18:00:00+08:00,2026-07-18T08:00:00+08:00
533103,2026-07-17,accessibility,28.2,2026-07-18T08:00:00+08:00,https://example.gov.cn/panel/533103,2026-07-17T18:00:00+08:00,2026-07-18T08:00:00+08:00
533103,2026-07-17,supply_capacity,25.5,2026-07-18T08:00:00+08:00,https://example.gov.cn/panel/533103,2026-07-17T18:00:00+08:00,2026-07-18T08:00:00+08:00
533103,2026-07-17,weather_fit,29.3,2026-07-18T08:00:00+08:00,https://example.gov.cn/panel/533103,2026-07-17T18:00:00+08:00,2026-07-18T08:00:00+08:00
533103,2026-07-17,novelty,34.6,2026-07-18T08:00:00+08:00,https://example.gov.cn/panel/533103,2026-07-17T18:00:00+08:00,2026-07-18T08:00:00+08:00
533103,2026-07-17,cross_region_spread,32.3,2026-07-18T08:00:00+08:00,https://example.gov.cn/panel/533103,2026-07-17T18:00:00+08:00,2026-07-18T08:00:00+08:00
533103,2026-07-17,risk_pressure,26,2026-07-18T08:00:00+08:00,https://example.gov.cn/panel/533103,2026-07-17T18:00:00+08:00,2026-07-18T08:00:00+08:00
533103,2026-07-18,content_growth,38.4,2026-07-19T08:00:00+08:00,https://example.gov.cn/panel/533103,2026-07-18T18:00:00+08:00,2026-07-19T08:00:00+08:00
533103,2026-07-18,search_growth,36.8,2026-07-19T08:00:00+08:00,https://example.gov.cn/panel/533103,2026-07-18T18:00:00+08:00,2026-07-19T08:00:00+08:00
533103,2026-07-18,event_trigger,34.5,2026-07-19T08:00:00+08:00,https://example.gov.cn/panel/533103,2026-07-18T18:00:00+08:00,2026-07-19T08:00:00+08:00
533103,2026-07-18,accessibility,28.8,2026-07-19T08:00:00+08:00,https://example.gov.cn/panel/533103,2026-07-18T18:00:00+08:00,2026-07-19T08:00:00+08:00
533103,2026-07-18,supply_capacity,26.1,2026-07-19T08:00:00+08:00,https://example.gov.cn/panel/533103,2026-07-18T18:00:00+08:00,2026-07-19T08:00:00+08:00
533103,2026-07-18,weather_fit,29.9,2026-07-19T08:00:00+08:00,https://example.gov.cn/panel/533103,2026-07-18T18:00:00+08:00,2026-07-19T08:00:00+08:00
533103,2026-07-18,novelty,35.3,2026-07-19T08:00:00+08:00,https://example.gov.cn/panel/533103,2026-07-18T18:00:00+08:00,2026-07-19T08:00:00+08:00
533103,2026-07-18,cross_region_spread,33.0,2026-07-19T08:00:00+08:00,https://example.gov.cn/panel/533103,2026-07-18T18:00:00+08:00,2026-07-19T08:00:00+08:00
533103,2026-07-18,risk_pressure,26,2026-07-19T08:00:00+08:00,https://example.gov.cn/panel/533103,2026-07-18T18:00:00+08:00,2026-07-19T08:00:00+08:00
533103,2026-07-19,content_growth,39.2,2026-07-20T08:00:00+08:00,https://example.gov.cn/panel/533103,2026-07-19T18:00:00+08:00,2026-07-20T08:00:00+08:00
533103,2026-07-19,search_growth,37.6,2026-07-20T08:00:00+08:00,https://example.gov.cn/panel/533103,2026-07-19T18:00:00+08:00,2026-07-20T08:00:00+08:00
533103,2026-07-19,event_trigger,35.3,2026-07-20T08:00:00+08:00,https://example.gov.cn/panel/533103,2026-07-19T18:00:00+08:00,2026-07-20T08:00:00+08:00
533103,2026-07-19,accessibility,29.4,2026-07-20T08:00:00+08:00,https://example.gov.cn/panel/533103,2026-07-19T18:00:00+08:00,2026-07-20T08:00:00+08:00
533103,2026-07-19,supply_capacity,26.6,2026-07-20T08:00:00+08:00,https://example.gov.cn/panel/533103,2026-07-19T18:00:00+08:00,2026-07-20T08:00:00+08:00
533103,2026-07-19,weather_fit,30.6,2026-07-20T08:00:00+08:00,https://example.gov.cn/panel/533103,2026-07-19T18:00:00+08:00,2026-07-20T08:00:00+08:00
533103,2026-07-19,novelty,36.0,2026-07-20T08:00:00+08:00,https://example.gov.cn/panel/533103,2026-07-19T18:00:00+08:00,2026-07-20T08:00:00+08:00
533103,2026-07-19,cross_region_spread,33.7,2026-07-20T08:00:00+08:00,https://example.gov.cn/panel/533103,2026-07-19T18:00:00+08:00,2026-07-20T08:00:00+08:00
533103,2026-07-19,risk_pressure,26,2026-07-20T08:00:00+08:00,https://example.gov.cn/panel/533103,2026-07-19T18:00:00+08:00,2026-07-20T08:00:00+08:00
533103,2026-07-20,content_growth,40.0,2026-07-21T08:00:00+08:00,https://example.gov.cn/panel/533103,2026-07-20T18:00:00+08:00,2026-07-21T08:00:00+08:00
533103,2026-07-20,search_growth,38.4,2026-07-21T08:00:00+08:00,https://example.gov.cn/panel/533103,2026-07-20T18:00:00+08:00,2026-07-21T08:00:00+08:00
533103,2026-07-20,event_trigger,36.0,2026-07-21T08:00:00+08:00,https://example.gov.cn/panel/533103,2026-07-20T18:00:00+08:00,2026-07-21T08:00:00+08:00
533103,2026-07-20,accessibility,30.0,2026-07-21T08:00:00+08:00,https://example.gov.cn/panel/533103,2026-07-20T18:00:00+08:00,2026-07-21T08:00:00+08:00
533103,2026-07-20,supply_capacity,27.2,2026-07-21T08:00:00+08:00,https://example.gov.cn/panel/533103,2026-07-20T18:00:00+08:00,2026-07-21T08:00:00+08:00
533103,2026-07-20,weather_fit,31.2,2026-07-21T08:00:00+08:00,https://example.gov.cn/panel/533103,2026-07-20T18:00:00+08:00,2026-07-21T08:00:00+08:00
533103,2026-07-20,novelty,36.8,2026-07-21T08:00:00+08:00,https://example.gov.cn/panel/533103,2026-07-20T18:00:00+08:00,2026-07-21T08:00:00+08:00
533103,2026-07-20,cross_region_spread,34.4,2026-07-21T08:00:00+08:00,https://example.gov.cn/panel/533103,2026-07-20T18:00:00+08:00,2026-07-21T08:00:00+08:00
533103,2026-07-20,risk_pressure,26,2026-07-21T08:00:00+08:00,https://example.gov.cn/panel/533103,2026-07-20T18:00:00+08:00,2026-07-21T08:00:00+08:00
533103,2026-07-21,content_growth,40.8,2026-07-22T08:00:00+08:00,https://example.gov.cn/panel/533103,2026-07-21T18:00:00+08:00,2026-07-22T08:00:00+08:00
533103,2026-07-21,search_growth,39.2,2026-07-22T08:00:00+08:00,https://example.gov.cn/panel/533103,2026-07-21T18:00:00+08:00,2026-07-22T08:00:00+08:00
533103,2026-07-21,event_trigger,36.7,2026-07-22T08:00:00+08:00,https://example.gov.cn/panel/533103,2026-07-21T18:00:00+08:00,2026-07-22T08:00:00+08:00
533103,2026-07-21,accessibility,30.6,2026-07-22T08:00:00+08:00,https://example.gov.cn/panel/533103,2026-07-21T18:00:00+08:00,2026-07-22T08:00:00+08:00
533103,2026-07-21,supply_capacity,27.7,2026-07-22T08:00:00+08:00,https://example.gov.cn/panel/533103,2026-07-21T18:00:00+08:00,2026-07-22T08:00:00+08:00
533103,2026-07-21,weather_fit,31.8,2026-07-22T08:00:00+08:00,https://example.gov.cn/panel/533103,2026-07-21T18:00:00+08:00,2026-07-22T08:00:00+08:00
533103,2026-07-21,novelty,37.5,2026-07-22T08:00:00+08:00,https://example.gov.cn/panel/533103,2026-07-21T18:00:00+08:00,2026-07-22T08:00:00+08:00
533103,2026-07-21,cross_region_spread,35.1,2026-07-22T08:00:00+08:00,https://example.gov.cn/panel/533103,2026-07-21T18:00:00+08:00,2026-07-22T08:00:00+08:00
533103,2026-07-21,risk_pressure,26,2026-07-22T08:00:00+08:00,https://example.gov.cn/panel/533103,2026-07-21T18:00:00+08:00,2026-07-22T08:00:00+08:00
533103,2026-07-22,content_growth,41.6,2026-07-23T08:00:00+08:00,https://example.gov.cn/panel/533103,2026-07-22T18:00:00+08:00,2026-07-23T08:00:00+08:00
533103,2026-07-22,search_growth,39.9,2026-07-23T08:00:00+08:00,https://example.gov.cn/panel/533103,2026-07-22T18:00:00+08:00,2026-07-23T08:00:00+08:00
533103,2026-07-22,event_trigger,37.4,2026-07-23T08:00:00+08:00,https://example.gov.cn/panel/533103,2026-07-22T18:00:00+08:00,2026-07-23T08:00:00+08:00
533103,2026-07-22,accessibility,31.2,2026-07-23T08:00:00+08:00,https://example.gov.cn/panel/533103,2026-07-22T18:00:00+08:00,2026-07-23T08:00:00+08:00
533103,2026-07-22,supply_capacity,28.3,2026-07-23T08:00:00+08:00,https://example.gov.cn/panel/533103,2026-07-22T18:00:00+08:00,2026-07-23T08:00:00+08:00
533103,2026-07-22,weather_fit,32.4,2026-07-23T08:00:00+08:00,https://example.gov.cn/panel/533103,2026-07-22T18:00:00+08:00,2026-07-23T08:00:00+08:00
533103,2026-07-22,novelty,38.3,2026-07-23T08:00:00+08:00,https://example.gov.cn/panel/533103,2026-07-22T18:00:00+08:00,2026-07-23T08:00:00+08:00
533103,2026-07-22,cross_region_spread,35.8,2026-07-23T08:00:00+08:00,https://example.gov.cn/panel/533103,2026-07-22T18:00:00+08:00,2026-07-23T08:00:00+08:00
533103,2026-07-22,risk_pressure,26,2026-07-23T08:00:00+08:00,https://example.gov.cn/panel/533103,2026-07-22T18:00:00+08:00,2026-07-23T08:00:00+08:00
533103,2026-07-23,content_growth,42.4,2026-07-24T08:00:00+08:00,https://example.gov.cn/panel/533103,2026-07-23T18:00:00+08:00,2026-07-24T08:00:00+08:00
533103,2026-07-23,search_growth,40.7,2026-07-24T08:00:00+08:00,https://example.gov.cn/panel/533103,2026-07-23T18:00:00+08:00,2026-07-24T08:00:00+08:00
533103,2026-07-23,event_trigger,38.2,2026-07-24T08:00:00+08:00,https://example.gov.cn/panel/533103,2026-07-23T18:00:00+08:00,2026-07-24T08:00:00+08:00
533103,2026-07-23,accessibility,31.8,2026-07-24T08:00:00+08:00,https://example.gov.cn/panel/533103,2026-07-23T18:00:00+08:00,2026-07-24T08:00:00+08:00
533103,2026-07-23,supply_capacity,28.8,2026-07-24T08:00:00+08:00,https://example.gov.cn/panel/533103,2026-07-23T18:00:00+08:00,2026-07-24T08:00:00+08:00
533103,2026-07-23,weather_fit,33.1,2026-07-24T08:00:00+08:00,https://example.gov.cn/panel/533103,2026-07-23T18:00:00+08:00,2026-07-24T08:00:00+08:00
533103,2026-07-23,novelty,39.0,2026-07-24T08:00:00+08:00,https://example.gov.cn/panel/533103,2026-07-23T18:00:00+08:00,2026-07-24T08:00:00+08:00
533103,2026-07-23,cross_region_spread,36.5,2026-07-24T08:00:00+08:00,https://example.gov.cn/panel/533103,2026-07-23T18:00:00+08:00,2026-07-24T08:00:00+08:00
533103,2026-07-23,risk_pressure,26,2026-07-24T08:00:00+08:00,https://example.gov.cn/panel/533103,2026-07-23T18:00:00+08:00,2026-07-24T08:00:00+08:00
533103,2026-07-24,content_growth,43.2,2026-07-25T08:00:00+08:00,https://example.gov.cn/panel/533103,2026-07-24T18:00:00+08:00,2026-07-25T08:00:00+08:00
533103,2026-07-24,search_growth,41.5,2026-07-25T08:00:00+08:00,https://example.gov.cn/panel/533103,2026-07-24T18:00:00+08:00,2026-07-25T08:00:00+08:00
533103,2026-07-24,event_trigger,38.9,2026-07-25T08:00:00+08:00,https://example.gov.cn/panel/533103,2026-07-24T18:00:00+08:00,2026-07-25T08:00:00+08:00
533103,2026-07-24,accessibility,32.4,2026-07-25T08:00:00+08:00,https://example.gov.cn/panel/533103,2026-07-24T18:00:00+08:00,2026-07-25T08:00:00+08:00
533103,2026-07-24,supply_capacity,29.4,2026-07-25T08:00:00+08:00,https://example.gov.cn/panel/533103,2026-07-24T18:00:00+08:00,2026-07-25T08:00:00+08:00
533103,2026-07-24,weather_fit,33.7,2026-07-25T08:00:00+08:00,https://example.gov.cn/panel/533103,2026-07-24T18:00:00+08:00,2026-07-25T08:00:00+08:00
533103,2026-07-24,novelty,39.7,2026-07-25T08:00:00+08:00,https://example.gov.cn/panel/533103,2026-07-24T18:00:00+08:00,2026-07-25T08:00:00+08:00
533103,2026-07-24,cross_region_spread,37.1,2026-07-25T08:00:00+08:00,https://example.gov.cn/panel/533103,2026-07-24T18:00:00+08:00,2026-07-25T08:00:00+08:00
533103,2026-07-24,risk_pressure,26,2026-07-25T08:00:00+08:00,https://example.gov.cn/panel/533103,2026-07-24T18:00:00+08:00,2026-07-25T08:00:00+08:00
533103,2026-07-25,content_growth,44.0,2026-07-26T08:00:00+08:00,https://example.gov.cn/panel/533103,2026-07-25T18:00:00+08:00,2026-07-26T08:00:00+08:00
533103,2026-07-25,search_growth,42.2,2026-07-26T08:00:00+08:00,https://example.gov.cn/panel/533103,2026-07-25T18:00:00+08:00,2026-07-26T08:00:00+08:00
533103,2026-07-25,event_trigger,39.6,2026-07-26T08:00:00+08:00,https://example.gov.cn/panel/533103,2026-07-25T18:00:00+08:00,2026-07-26T08:00:00+08:00
533103,2026-07-25,accessibility,33.0,2026-07-26T08:00:00+08:00,https://example.gov.cn/panel/533103,2026-07-25T18:00:00+08:00,2026-07-26T08:00:00+08:00
533103,2026-07-25,supply_capacity,29.9,2026-07-26T08:00:00+08:00,https://example.gov.cn/panel/533103,2026-07-25T18:00:00+08:00,2026-07-26T08:00:00+08:00
533103,2026-07-25,weather_fit,34.3,2026-07-26T08:00:00+08:00,https://example.gov.cn/panel/533103,2026-07-25T18:00:00+08:00,2026-07-26T08:00:00+08:00
533103,2026-07-25,novelty,40.5,2026-07-26T08:00:00+08:00,https://example.gov.cn/panel/533103,2026-07-25T18:00:00+08:00,2026-07-26T08:00:00+08:00
533103,2026-07-25,cross_region_spread,37.8,2026-07-26T08:00:00+08:00,https://example.gov.cn/panel/533103,2026-07-25T18:00:00+08:00,2026-07-26T08:00:00+08:00
533103,2026-07-25,risk_pressure,26,2026-07-26T08:00:00+08:00,https://example.gov.cn/panel/533103,2026-07-25T18:00:00+08:00,2026-07-26T08:00:00+08:00
533103,2026-07-26,content_growth,44.8,2026-07-27T08:00:00+08:00,https://example.gov.cn/panel/533103,2026-07-26T18:00:00+08:00,2026-07-27T08:00:00+08:00
533103,2026-07-26,search_growth,43.0,2026-07-27T08:00:00+08:00,https://example.gov.cn/panel/533103,2026-07-26T18:00:00+08:00,2026-07-27T08:00:00+08:00
533103,2026-07-26,event_trigger,40.3,2026-07-27T08:00:00+08:00,https://example.gov.cn/panel/533103,2026-07-26T18:00:00+08:00,2026-07-27T08:00:00+08:00
533103,2026-07-26,accessibility,33.6,2026-07-27T08:00:00+08:00,https://example.gov.cn/panel/533103,2026-07-26T18:00:00+08:00,2026-07-27T08:00:00+08:00
533103,2026-07-26,supply_capacity,30.5,2026-07-27T08:00:00+08:00,https://example.gov.cn/panel/533103,2026-07-26T18:00:00+08:00,2026-07-27T08:00:00+08:00
533103,2026-07-26,weather_fit,34.9,2026-07-27T08:00:00+08:00,https://example.gov.cn/panel/533103,2026-07-26T18:00:00+08:00,2026-07-27T08:00:00+08:00
533103,2026-07-26,novelty,41.2,2026-07-27T08:00:00+08:00,https://example.gov.cn/panel/533103,2026-07-26T18:00:00+08:00,2026-07-27T08:00:00+08:00
533103,2026-07-26,cross_region_spread,38.5,2026-07-27T08:00:00+08:00,https://example.gov.cn/panel/533103,2026-07-26T18:00:00+08:00,2026-07-27T08:00:00+08:00
533103,2026-07-26,risk_pressure,26,2026-07-27T08:00:00+08:00,https://example.gov.cn/panel/533103,2026-07-26T18:00:00+08:00,2026-07-27T08:00:00+08:00
533103,2026-07-27,content_growth,45.6,2026-07-28T08:00:00+08:00,https://example.gov.cn/panel/533103,2026-07-27T18:00:00+08:00,2026-07-28T08:00:00+08:00
533103,2026-07-27,search_growth,43.8,2026-07-28T08:00:00+08:00,https://example.gov.cn/panel/533103,2026-07-27T18:00:00+08:00,2026-07-28T08:00:00+08:00
533103,2026-07-27,event_trigger,41.0,2026-07-28T08:00:00+08:00,https://example.gov.cn/panel/533103,2026-07-27T18:00:00+08:00,2026-07-28T08:00:00+08:00
533103,2026-07-27,accessibility,34.2,2026-07-28T08:00:00+08:00,https://example.gov.cn/panel/533103,2026-07-27T18:00:00+08:00,2026-07-28T08:00:00+08:00
533103,2026-07-27,supply_capacity,31.0,2026-07-28T08:00:00+08:00,https://example.gov.cn/panel/533103,2026-07-27T18:00:00+08:00,2026-07-28T08:00:00+08:00
533103,2026-07-27,weather_fit,35.6,2026-07-28T08:00:00+08:00,https://example.gov.cn/panel/533103,2026-07-27T18:00:00+08:00,2026-07-28T08:00:00+08:00
533103,2026-07-27,novelty,42.0,2026-07-28T08:00:00+08:00,https://example.gov.cn/panel/533103,2026-07-27T18:00:00+08:00,2026-07-28T08:00:00+08:00
533103,2026-07-27,cross_region_spread,39.2,2026-07-28T08:00:00+08:00,https://example.gov.cn/panel/533103,2026-07-27T18:00:00+08:00,2026-07-28T08:00:00+08:00
533103,2026-07-27,risk_pressure,26,2026-07-28T08:00:00+08:00,https://example.gov.cn/panel/533103,2026-07-27T18:00:00+08:00,2026-07-28T08:00:00+08:00
533103,2026-07-28,content_growth,46.4,2026-07-29T08:00:00+08:00,https://example.gov.cn/panel/533103,2026-07-28T18:00:00+08:00,2026-07-29T08:00:00+08:00
533103,2026-07-28,search_growth,44.6,2026-07-29T08:00:00+08:00,https://example.gov.cn/panel/533103,2026-07-28T18:00:00+08:00,2026-07-29T08:00:00+08:00
533103,2026-07-28,event_trigger,41.8,2026-07-29T08:00:00+08:00,https://example.gov.cn/panel/533103,2026-07-28T18:00:00+08:00,2026-07-29T08:00:00+08:00
533103,2026-07-28,accessibility,34.8,2026-07-29T08:00:00+08:00,https://example.gov.cn/panel/533103,2026-07-28T18:00:00+08:00,2026-07-29T08:00:00+08:00
533103,2026-07-28,supply_capacity,31.6,2026-07-29T08:00:00+08:00,https://example.gov.cn/panel/533103,2026-07-28T18:00:00+08:00,2026-07-29T08:00:00+08:00
533103,2026-07-28,weather_fit,36.2,2026-07-29T08:00:00+08:00,https://example.gov.cn/panel/533103,2026-07-28T18:00:00+08:00,2026-07-29T08:00:00+08:00
533103,2026-07-28,novelty,42.7,2026-07-29T08:00:00+08:00,https://example.gov.cn/panel/533103,2026-07-28T18:00:00+08:00,2026-07-29T08:00:00+08:00
533103,2026-07-28,cross_region_spread,39.9,2026-07-29T08:00:00+08:00,https://example.gov.cn/panel/533103,2026-07-28T18:00:00+08:00,2026-07-29T08:00:00+08:00
533103,2026-07-28,risk_pressure,26,2026-07-29T08:00:00+08:00,https://example.gov.cn/panel/533103,2026-07-28T18:00:00+08:00,2026-07-29T08:00:00+08:00
533103,2026-07-29,content_growth,47.2,2026-07-30T08:00:00+08:00,https://example.gov.cn/panel/533103,2026-07-29T18:00:00+08:00,2026-07-30T08:00:00+08:00
533103,2026-07-29,search_growth,45.3,2026-07-30T08:00:00+08:00,https://example.gov.cn/panel/533103,2026-07-29T18:00:00+08:00,2026-07-30T08:00:00+08:00
533103,2026-07-29,event_trigger,42.5,2026-07-30T08:00:00+08:00,https://example.gov.cn/panel/533103,2026-07-29T18:00:00+08:00,2026-07-30T08:00:00+08:00
533103,2026-07-29,accessibility,35.4,2026-07-30T08:00:00+08:00,https://example.gov.cn/panel/533103,2026-07-29T18:00:00+08:00,2026-07-30T08:00:00+08:00
533103,2026-07-29,supply_capacity,32.1,2026-07-30T08:00:00+08:00,https://example.gov.cn/panel/533103,2026-07-29T18:00:00+08:00,2026-07-30T08:00:00+08:00
533103,2026-07-29,weather_fit,36.8,2026-07-30T08:00:00+08:00,https://example.gov.cn/panel/533103,2026-07-29T18:00:00+08:00,2026-07-30T08:00:00+08:00
533103,2026-07-29,novelty,43.4,2026-07-30T08:00:00+08:00,https://example.gov.cn/panel/533103,2026-07-29T18:00:00+08:00,2026-07-30T08:00:00+08:00
533103,2026-07-29,cross_region_spread,40.6,2026-07-30T08:00:00+08:00,https://example.gov.cn/panel/533103,2026-07-29T18:00:00+08:00,2026-07-30T08:00:00+08:00
533103,2026-07-29,risk_pressure,26,2026-07-30T08:00:00+08:00,https://example.gov.cn/panel/533103,2026-07-29T18:00:00+08:00,2026-07-30T08:00:00+08:00
533103,2026-07-30,content_growth,48.0,2026-07-31T08:00:00+08:00,https://example.gov.cn/panel/533103,2026-07-30T18:00:00+08:00,2026-07-31T08:00:00+08:00
533103,2026-07-30,search_growth,46.1,2026-07-31T08:00:00+08:00,https://example.gov.cn/panel/533103,2026-07-30T18:00:00+08:00,2026-07-31T08:00:00+08:00
533103,2026-07-30,event_trigger,43.2,2026-07-31T08:00:00+08:00,https://example.gov.cn/panel/533103,2026-07-30T18:00:00+08:00,2026-07-31T08:00:00+08:00
533103,2026-07-30,accessibility,36.0,2026-07-31T08:00:00+08:00,https://example.gov.cn/panel/533103,2026-07-30T18:00:00+08:00,2026-07-31T08:00:00+08:00
533103,2026-07-30,supply_capacity,32.7,2026-07-31T08:00:00+08:00,https://example.gov.cn/panel/533103,2026-07-30T18:00:00+08:00,2026-07-31T08:00:00+08:00
533103,2026-07-30,weather_fit,37.5,2026-07-31T08:00:00+08:00,https://example.gov.cn/panel/533103,2026-07-30T18:00:00+08:00,2026-07-31T08:00:00+08:00
533103,2026-07-30,novelty,44.2,2026-07-31T08:00:00+08:00,https://example.gov.cn/panel/533103,2026-07-30T18:00:00+08:00,2026-07-31T08:00:00+08:00
533103,2026-07-30,cross_region_spread,41.3,2026-07-31T08:00:00+08:00,https://example.gov.cn/panel/533103,2026-07-30T18:00:00+08:00,2026-07-31T08:00:00+08:00
533103,2026-07-30,risk_pressure,26,2026-07-31T08:00:00+08:00,https://example.gov.cn/panel/533103,2026-07-30T18:00:00+08:00,2026-07-31T08:00:00+08:00
533103,2026-07-31,content_growth,48.8,2026-08-01T08:00:00+08:00,https://example.gov.cn/panel/533103,2026-07-31T18:00:00+08:00,2026-08-01T08:00:00+08:00
533103,2026-07-31,search_growth,46.9,2026-08-01T08:00:00+08:00,https://example.gov.cn/panel/533103,2026-07-31T18:00:00+08:00,2026-08-01T08:00:00+08:00
533103,2026-07-31,event_trigger,43.9,2026-08-01T08:00:00+08:00,https://example.gov.cn/panel/533103,2026-07-31T18:00:00+08:00,2026-08-01T08:00:00+08:00
533103,2026-07-31,accessibility,36.6,2026-08-01T08:00:00+08:00,https://example.gov.cn/panel/533103,2026-07-31T18:00:00+08:00,2026-08-01T08:00:00+08:00
533103,2026-07-31,supply_capacity,33.2,2026-08-01T08:00:00+08:00,https://example.gov.cn/panel/533103,2026-07-31T18:00:00+08:00,2026-08-01T08:00:00+08:00
533103,2026-07-31,weather_fit,38.1,2026-08-01T08:00:00+08:00,https://example.gov.cn/panel/533103,2026-07-31T18:00:00+08:00,2026-08-01T08:00:00+08:00
533103,2026-07-31,novelty,44.9,2026-08-01T08:00:00+08:00,https://example.gov.cn/panel/533103,2026-07-31T18:00:00+08:00,2026-08-01T08:00:00+08:00
533103,2026-07-31,cross_region_spread,42.0,2026-08-01T08:00:00+08:00,https://example.gov.cn/panel/533103,2026-07-31T18:00:00+08:00,2026-08-01T08:00:00+08:00
533103,2026-07-31,risk_pressure,26,2026-08-01T08:00:00+08:00,https://example.gov.cn/panel/533103,2026-07-31T18:00:00+08:00,2026-08-01T08:00:00+08:00
533103,2026-08-01,content_growth,49.6,2026-08-02T08:00:00+08:00,https://example.gov.cn/panel/533103,2026-08-01T18:00:00+08:00,2026-08-02T08:00:00+08:00
533103,2026-08-01,search_growth,47.6,2026-08-02T08:00:00+08:00,https://example.gov.cn/panel/533103,2026-08-01T18:00:00+08:00,2026-08-02T08:00:00+08:00
533103,2026-08-01,event_trigger,44.7,2026-08-02T08:00:00+08:00,https://example.gov.cn/panel/533103,2026-08-01T18:00:00+08:00,2026-08-02T08:00:00+08:00
533103,2026-08-01,accessibility,37.2,2026-08-02T08:00:00+08:00,https://example.gov.cn/panel/533103,2026-08-01T18:00:00+08:00,2026-08-02T08:00:00+08:00
533103,2026-08-01,supply_capacity,33.7,2026-08-02T08:00:00+08:00,https://example.gov.cn/panel/533103,2026-08-01T18:00:00+08:00,2026-08-02T08:00:00+08:00
533103,2026-08-01,weather_fit,38.7,2026-08-02T08:00:00+08:00,https://example.gov.cn/panel/533103,2026-08-01T18:00:00+08:00,2026-08-02T08:00:00+08:00
533103,2026-08-01,novelty,45.7,2026-08-02T08:00:00+08:00,https://example.gov.cn/panel/533103,2026-08-01T18:00:00+08:00,2026-08-02T08:00:00+08:00
533103,2026-08-01,cross_region_spread,42.7,2026-08-02T08:00:00+08:00,https://example.gov.cn/panel/533103,2026-08-01T18:00:00+08:00,2026-08-02T08:00:00+08:00
533103,2026-08-01,risk_pressure,26,2026-08-02T08:00:00+08:00,https://example.gov.cn/panel/533103,2026-08-01T18:00:00+08:00,2026-08-02T08:00:00+08:00
533103,2026-08-02,content_growth,50.4,2026-08-03T08:00:00+08:00,https://example.gov.cn/panel/533103,2026-08-02T18:00:00+08:00,2026-08-03T08:00:00+08:00
533103,2026-08-02,search_growth,48.4,2026-08-03T08:00:00+08:00,https://example.gov.cn/panel/533103,2026-08-02T18:00:00+08:00,2026-08-03T08:00:00+08:00
533103,2026-08-02,event_trigger,45.4,2026-08-03T08:00:00+08:00,https://example.gov.cn/panel/533103,2026-08-02T18:00:00+08:00,2026-08-03T08:00:00+08:00
533103,2026-08-02,accessibility,37.8,2026-08-03T08:00:00+08:00,https://example.gov.cn/panel/533103,2026-08-02T18:00:00+08:00,2026-08-03T08:00:00+08:00
533103,2026-08-02,supply_capacity,34.3,2026-08-03T08:00:00+08:00,https://example.gov.cn/panel/533103,2026-08-02T18:00:00+08:00,2026-08-03T08:00:00+08:00
533103,2026-08-02,weather_fit,39.3,2026-08-03T08:00:00+08:00,https://example.gov.cn/panel/533103,2026-08-02T18:00:00+08:00,2026-08-03T08:00:00+08:00
533103,2026-08-02,novelty,46.4,2026-08-03T08:00:00+08:00,https://example.gov.cn/panel/533103,2026-08-02T18:00:00+08:00,2026-08-03T08:00:00+08:00
533103,2026-08-02,cross_region_spread,43.4,2026-08-03T08:00:00+08:00,https://example.gov.cn/panel/533103,2026-08-02T18:00:00+08:00,2026-08-03T08:00:00+08:00
533103,2026-08-02,risk_pressure,26,2026-08-03T08:00:00+08:00,https://example.gov.cn/panel/533103,2026-08-02T18:00:00+08:00,2026-08-03T08:00:00+08:00
533103,2026-08-03,content_growth,51.2,2026-08-04T08:00:00+08:00,https://example.gov.cn/panel/533103,2026-08-03T18:00:00+08:00,2026-08-04T08:00:00+08:00
533103,2026-08-03,search_growth,49.2,2026-08-04T08:00:00+08:00,https://example.gov.cn/panel/533103,2026-08-03T18:00:00+08:00,2026-08-04T08:00:00+08:00
533103,2026-08-03,event_trigger,46.1,2026-08-04T08:00:00+08:00,https://example.gov.cn/panel/533103,2026-08-03T18:00:00+08:00,2026-08-04T08:00:00+08:00
533103,2026-08-03,accessibility,38.4,2026-08-04T08:00:00+08:00,https://example.gov.cn/panel/533103,2026-08-03T18:00:00+08:00,2026-08-04T08:00:00+08:00
533103,2026-08-03,supply_capacity,34.8,2026-08-04T08:00:00+08:00,https://example.gov.cn/panel/533103,2026-08-03T18:00:00+08:00,2026-08-04T08:00:00+08:00
533103,2026-08-03,weather_fit,40.0,2026-08-04T08:00:00+08:00,https://example.gov.cn/panel/533103,2026-08-03T18:00:00+08:00,2026-08-04T08:00:00+08:00
533103,2026-08-03,novelty,47.1,2026-08-04T08:00:00+08:00,https://example.gov.cn/panel/533103,2026-08-03T18:00:00+08:00,2026-08-04T08:00:00+08:00
533103,2026-08-03,cross_region_spread,44.1,2026-08-04T08:00:00+08:00,https://example.gov.cn/panel/533103,2026-08-03T18:00:00+08:00,2026-08-04T08:00:00+08:00
533103,2026-08-03,risk_pressure,26,2026-08-04T08:00:00+08:00,https://example.gov.cn/panel/533103,2026-08-03T18:00:00+08:00,2026-08-04T08:00:00+08:00
533103,2026-08-04,content_growth,52.0,2026-08-05T08:00:00+08:00,https://example.gov.cn/panel/533103,2026-08-04T18:00:00+08:00,2026-08-05T08:00:00+08:00
533103,2026-08-04,search_growth,50.0,2026-08-05T08:00:00+08:00,https://example.gov.cn/panel/533103,2026-08-04T18:00:00+08:00,2026-08-05T08:00:00+08:00
533103,2026-08-04,event_trigger,46.8,2026-08-05T08:00:00+08:00,https://example.gov.cn/panel/533103,2026-08-04T18:00:00+08:00,2026-08-05T08:00:00+08:00
533103,2026-08-04,accessibility,39.0,2026-08-05T08:00:00+08:00,https://example.gov.cn/panel/533103,2026-08-04T18:00:00+08:00,2026-08-05T08:00:00+08:00
533103,2026-08-04,supply_capacity,35.4,2026-08-05T08:00:00+08:00,https://example.gov.cn/panel/533103,2026-08-04T18:00:00+08:00,2026-08-05T08:00:00+08:00
533103,2026-08-04,weather_fit,40.6,2026-08-05T08:00:00+08:00,https://example.gov.cn/panel/533103,2026-08-04T18:00:00+08:00,2026-08-05T08:00:00+08:00
533103,2026-08-04,novelty,47.9,2026-08-05T08:00:00+08:00,https://example.gov.cn/panel/533103,2026-08-04T18:00:00+08:00,2026-08-05T08:00:00+08:00
533103,2026-08-04,cross_region_spread,44.8,2026-08-05T08:00:00+08:00,https://example.gov.cn/panel/533103,2026-08-04T18:00:00+08:00,2026-08-05T08:00:00+08:00
533103,2026-08-04,risk_pressure,26,2026-08-05T08:00:00+08:00,https://example.gov.cn/panel/533103,2026-08-04T18:00:00+08:00,2026-08-05T08:00:00+08:00
533103,2026-08-05,content_growth,52.8,2026-08-06T08:00:00+08:00,https://example.gov.cn/panel/533103,2026-08-05T18:00:00+08:00,2026-08-06T08:00:00+08:00
533103,2026-08-05,search_growth,50.7,2026-08-06T08:00:00+08:00,https://example.gov.cn/panel/533103,2026-08-05T18:00:00+08:00,2026-08-06T08:00:00+08:00
533103,2026-08-05,event_trigger,47.6,2026-08-06T08:00:00+08:00,https://example.gov.cn/panel/533103,2026-08-05T18:00:00+08:00,2026-08-06T08:00:00+08:00
533103,2026-08-05,accessibility,39.6,2026-08-06T08:00:00+08:00,https://example.gov.cn/panel/533103,2026-08-05T18:00:00+08:00,2026-08-06T08:00:00+08:00
533103,2026-08-05,supply_capacity,35.9,2026-08-06T08:00:00+08:00,https://example.gov.cn/panel/533103,2026-08-05T18:00:00+08:00,2026-08-06T08:00:00+08:00
533103,2026-08-05,weather_fit,41.2,2026-08-06T08:00:00+08:00,https://example.gov.cn/panel/533103,2026-08-05T18:00:00+08:00,2026-08-06T08:00:00+08:00
533103,2026-08-05,novelty,48.6,2026-08-06T08:00:00+08:00,https://example.gov.cn/panel/533103,2026-08-05T18:00:00+08:00,2026-08-06T08:00:00+08:00
533103,2026-08-05,cross_region_spread,45.4,2026-08-06T08:00:00+08:00,https://example.gov.cn/panel/533103,2026-08-05T18:00:00+08:00,2026-08-06T08:00:00+08:00
533103,2026-08-05,risk_pressure,26,2026-08-06T08:00:00+08:00,https://example.gov.cn/panel/533103,2026-08-05T18:00:00+08:00,2026-08-06T08:00:00+08:00
533103,2026-08-06,content_growth,53.6,2026-08-07T08:00:00+08:00,https://example.gov.cn/panel/533103,2026-08-06T18:00:00+08:00,2026-08-07T08:00:00+08:00
533103,2026-08-06,search_growth,51.5,2026-08-07T08:00:00+08:00,https://example.gov.cn/panel/533103,2026-08-06T18:00:00+08:00,2026-08-07T08:00:00+08:00
533103,2026-08-06,event_trigger,48.3,2026-08-07T08:00:00+08:00,https://example.gov.cn/panel/533103,2026-08-06T18:00:00+08:00,2026-08-07T08:00:00+08:00
533103,2026-08-06,accessibility,40.2,2026-08-07T08:00:00+08:00,https://example.gov.cn/panel/533103,2026-08-06T18:00:00+08:00,2026-08-07T08:00:00+08:00
533103,2026-08-06,supply_capacity,36.5,2026-08-07T08:00:00+08:00,https://example.gov.cn/panel/533103,2026-08-06T18:00:00+08:00,2026-08-07T08:00:00+08:00
533103,2026-08-06,weather_fit,41.8,2026-08-07T08:00:00+08:00,https://example.gov.cn/panel/533103,2026-08-06T18:00:00+08:00,2026-08-07T08:00:00+08:00
533103,2026-08-06,novelty,49.4,2026-08-07T08:00:00+08:00,https://example.gov.cn/panel/533103,2026-08-06T18:00:00+08:00,2026-08-07T08:00:00+08:00
533103,2026-08-06,cross_region_spread,46.1,2026-08-07T08:00:00+08:00,https://example.gov.cn/panel/533103,2026-08-06T18:00:00+08:00,2026-08-07T08:00:00+08:00
533103,2026-08-06,risk_pressure,26,2026-08-07T08:00:00+08:00,https://example.gov.cn/panel/533103,2026-08-06T18:00:00+08:00,2026-08-07T08:00:00+08:00
533103,2026-08-07,content_growth,54.4,2026-08-08T08:00:00+08:00,https://example.gov.cn/panel/533103,2026-08-07T18:00:00+08:00,2026-08-08T08:00:00+08:00
533103,2026-08-07,search_growth,52.3,2026-08-08T08:00:00+08:00,https://example.gov.cn/panel/533103,2026-08-07T18:00:00+08:00,2026-08-08T08:00:00+08:00
533103,2026-08-07,event_trigger,49.0,2026-08-08T08:00:00+08:00,https://example.gov.cn/panel/533103,2026-08-07T18:00:00+08:00,2026-08-08T08:00:00+08:00
533103,2026-08-07,accessibility,40.8,2026-08-08T08:00:00+08:00,https://example.gov.cn/panel/533103,2026-08-07T18:00:00+08:00,2026-08-08T08:00:00+08:00
533103,2026-08-07,supply_capacity,37.0,2026-08-08T08:00:00+08:00,https://example.gov.cn/panel/533103,2026-08-07T18:00:00+08:00,2026-08-08T08:00:00+08:00
533103,2026-08-07,weather_fit,42.5,2026-08-08T08:00:00+08:00,https://example.gov.cn/panel/533103,2026-08-07T18:00:00+08:00,2026-08-08T08:00:00+08:00
533103,2026-08-07,novelty,50.1,2026-08-08T08:00:00+08:00,https://example.gov.cn/panel/533103,2026-08-07T18:00:00+08:00,2026-08-08T08:00:00+08:00
533103,2026-08-07,cross_region_spread,46.8,2026-08-08T08:00:00+08:00,https://example.gov.cn/panel/533103,2026-08-07T18:00:00+08:00,2026-08-08T08:00:00+08:00
533103,2026-08-07,risk_pressure,26,2026-08-08T08:00:00+08:00,https://example.gov.cn/panel/533103,2026-08-07T18:00:00+08:00,2026-08-08T08:00:00+08:00
533103,2026-08-08,content_growth,55.3,2026-08-09T08:00:00+08:00,https://example.gov.cn/panel/533103,2026-08-08T18:00:00+08:00,2026-08-09T08:00:00+08:00
533103,2026-08-08,search_growth,53.0,2026-08-09T08:00:00+08:00,https://example.gov.cn/panel/533103,2026-08-08T18:00:00+08:00,2026-08-09T08:00:00+08:00
533103,2026-08-08,event_trigger,49.7,2026-08-09T08:00:00+08:00,https://example.gov.cn/panel/533103,2026-08-08T18:00:00+08:00,2026-08-09T08:00:00+08:00
533103,2026-08-08,accessibility,41.4,2026-08-09T08:00:00+08:00,https://example.gov.cn/panel/533103,2026-08-08T18:00:00+08:00,2026-08-09T08:00:00+08:00
533103,2026-08-08,supply_capacity,37.6,2026-08-09T08:00:00+08:00,https://example.gov.cn/panel/533103,2026-08-08T18:00:00+08:00,2026-08-09T08:00:00+08:00
533103,2026-08-08,weather_fit,43.1,2026-08-09T08:00:00+08:00,https://example.gov.cn/panel/533103,2026-08-08T18:00:00+08:00,2026-08-09T08:00:00+08:00
533103,2026-08-08,novelty,50.8,2026-08-09T08:00:00+08:00,https://example.gov.cn/panel/533103,2026-08-08T18:00:00+08:00,2026-08-09T08:00:00+08:00
533103,2026-08-08,cross_region_spread,47.5,2026-08-09T08:00:00+08:00,https://example.gov.cn/panel/533103,2026-08-08T18:00:00+08:00,2026-08-09T08:00:00+08:00
533103,2026-08-08,risk_pressure,26,2026-08-09T08:00:00+08:00,https://example.gov.cn/panel/533103,2026-08-08T18:00:00+08:00,2026-08-09T08:00:00+08:00
533103,2026-08-09,content_growth,56.1,2026-08-10T08:00:00+08:00,https://example.gov.cn/panel/533103,2026-08-09T18:00:00+08:00,2026-08-10T08:00:00+08:00
533103,2026-08-09,search_growth,53.8,2026-08-10T08:00:00+08:00,https://example.gov.cn/panel/533103,2026-08-09T18:00:00+08:00,2026-08-10T08:00:00+08:00
533103,2026-08-09,event_trigger,50.5,2026-08-10T08:00:00+08:00,https://example.gov.cn/panel/533103,2026-08-09T18:00:00+08:00,2026-08-10T08:00:00+08:00
533103,2026-08-09,accessibility,42.0,2026-08-10T08:00:00+08:00,https://example.gov.cn/panel/533103,2026-08-09T18:00:00+08:00,2026-08-10T08:00:00+08:00
533103,2026-08-09,supply_capacity,38.1,2026-08-10T08:00:00+08:00,https://example.gov.cn/panel/533103,2026-08-09T18:00:00+08:00,2026-08-10T08:00:00+08:00
533103,2026-08-09,weather_fit,43.7,2026-08-10T08:00:00+08:00,https://example.gov.cn/panel/533103,2026-08-09T18:00:00+08:00,2026-08-10T08:00:00+08:00
533103,2026-08-09,novelty,51.6,2026-08-10T08:00:00+08:00,https://example.gov.cn/panel/533103,2026-08-09T18:00:00+08:00,2026-08-10T08:00:00+08:00
533103,2026-08-09,cross_region_spread,48.2,2026-08-10T08:00:00+08:00,https://example.gov.cn/panel/533103,2026-08-09T18:00:00+08:00,2026-08-10T08:00:00+08:00
533103,2026-08-09,risk_pressure,26,2026-08-10T08:00:00+08:00,https://example.gov.cn/panel/533103,2026-08-09T18:00:00+08:00,2026-08-10T08:00:00+08:00
533103,2026-08-10,content_growth,56.9,2026-08-11T08:00:00+08:00,https://example.gov.cn/panel/533103,2026-08-10T18:00:00+08:00,2026-08-11T08:00:00+08:00
533103,2026-08-10,search_growth,54.6,2026-08-11T08:00:00+08:00,https://example.gov.cn/panel/533103,2026-08-10T18:00:00+08:00,2026-08-11T08:00:00+08:00
533103,2026-08-10,event_trigger,51.2,2026-08-11T08:00:00+08:00,https://example.gov.cn/panel/533103,2026-08-10T18:00:00+08:00,2026-08-11T08:00:00+08:00
533103,2026-08-10,accessibility,42.6,2026-08-11T08:00:00+08:00,https://example.gov.cn/panel/533103,2026-08-10T18:00:00+08:00,2026-08-11T08:00:00+08:00
533103,2026-08-10,supply_capacity,38.7,2026-08-11T08:00:00+08:00,https://example.gov.cn/panel/533103,2026-08-10T18:00:00+08:00,2026-08-11T08:00:00+08:00
533103,2026-08-10,weather_fit,44.4,2026-08-11T08:00:00+08:00,https://example.gov.cn/panel/533103,2026-08-10T18:00:00+08:00,2026-08-11T08:00:00+08:00
533103,2026-08-10,novelty,52.3,2026-08-11T08:00:00+08:00,https://example.gov.cn/panel/533103,2026-08-10T18:00:00+08:00,2026-08-11T08:00:00+08:00
533103,2026-08-10,cross_region_spread,48.9,2026-08-11T08:00:00+08:00,https://example.gov.cn/panel/533103,2026-08-10T18:00:00+08:00,2026-08-11T08:00:00+08:00
533103,2026-08-10,risk_pressure,26,2026-08-11T08:00:00+08:00,https://example.gov.cn/panel/533103,2026-08-10T18:00:00+08:00,2026-08-11T08:00:00+08:00
533103,2026-08-11,content_growth,57.7,2026-08-12T08:00:00+08:00,https://example.gov.cn/panel/533103,2026-08-11T18:00:00+08:00,2026-08-12T08:00:00+08:00
533103,2026-08-11,search_growth,55.4,2026-08-12T08:00:00+08:00,https://example.gov.cn/panel/533103,2026-08-11T18:00:00+08:00,2026-08-12T08:00:00+08:00
533103,2026-08-11,event_trigger,51.9,2026-08-12T08:00:00+08:00,https://example.gov.cn/panel/533103,2026-08-11T18:00:00+08:00,2026-08-12T08:00:00+08:00
533103,2026-08-11,accessibility,43.2,2026-08-12T08:00:00+08:00,https://example.gov.cn/panel/533103,2026-08-11T18:00:00+08:00,2026-08-12T08:00:00+08:00
533103,2026-08-11,supply_capacity,39.2,2026-08-12T08:00:00+08:00,https://example.gov.cn/panel/533103,2026-08-11T18:00:00+08:00,2026-08-12T08:00:00+08:00
533103,2026-08-11,weather_fit,45.0,2026-08-12T08:00:00+08:00,https://example.gov.cn/panel/533103,2026-08-11T18:00:00+08:00,2026-08-12T08:00:00+08:00
533103,2026-08-11,novelty,53.1,2026-08-12T08:00:00+08:00,https://example.gov.cn/panel/533103,2026-08-11T18:00:00+08:00,2026-08-12T08:00:00+08:00
533103,2026-08-11,cross_region_spread,49.6,2026-08-12T08:00:00+08:00,https://example.gov.cn/panel/533103,2026-08-11T18:00:00+08:00,2026-08-12T08:00:00+08:00
533103,2026-08-11,risk_pressure,26,2026-08-12T08:00:00+08:00,https://example.gov.cn/panel/533103,2026-08-11T18:00:00+08:00,2026-08-12T08:00:00+08:00
533103,2026-08-12,content_growth,58.5,2026-08-13T08:00:00+08:00,https://example.gov.cn/panel/533103,2026-08-12T18:00:00+08:00,2026-08-13T08:00:00+08:00
533103,2026-08-12,search_growth,56.1,2026-08-13T08:00:00+08:00,https://example.gov.cn/panel/533103,2026-08-12T18:00:00+08:00,2026-08-13T08:00:00+08:00
533103,2026-08-12,event_trigger,52.6,2026-08-13T08:00:00+08:00,https://example.gov.cn/panel/533103,2026-08-12T18:00:00+08:00,2026-08-13T08:00:00+08:00
533103,2026-08-12,accessibility,43.9,2026-08-13T08:00:00+08:00,https://example.gov.cn/panel/533103,2026-08-12T18:00:00+08:00,2026-08-13T08:00:00+08:00
533103,2026-08-12,supply_capacity,39.8,2026-08-13T08:00:00+08:00,https://example.gov.cn/panel/533103,2026-08-12T18:00:00+08:00,2026-08-13T08:00:00+08:00
533103,2026-08-12,weather_fit,45.6,2026-08-13T08:00:00+08:00,https://example.gov.cn/panel/533103,2026-08-12T18:00:00+08:00,2026-08-13T08:00:00+08:00
533103,2026-08-12,novelty,53.8,2026-08-13T08:00:00+08:00,https://example.gov.cn/panel/533103,2026-08-12T18:00:00+08:00,2026-08-13T08:00:00+08:00
533103,2026-08-12,cross_region_spread,50.3,2026-08-13T08:00:00+08:00,https://example.gov.cn/panel/533103,2026-08-12T18:00:00+08:00,2026-08-13T08:00:00+08:00
533103,2026-08-12,risk_pressure,26,2026-08-13T08:00:00+08:00,https://example.gov.cn/panel/533103,2026-08-12T18:00:00+08:00,2026-08-13T08:00:00+08:00
533103,2026-08-13,content_growth,58.5,2026-08-14T08:00:00+08:00,https://example.gov.cn/panel/533103,2026-08-13T18:00:00+08:00,2026-08-14T08:00:00+08:00
533103,2026-08-13,search_growth,56.1,2026-08-14T08:00:00+08:00,https://example.gov.cn/panel/533103,2026-08-13T18:00:00+08:00,2026-08-14T08:00:00+08:00
533103,2026-08-13,event_trigger,52.6,2026-08-14T08:00:00+08:00,https://example.gov.cn/panel/533103,2026-08-13T18:00:00+08:00,2026-08-14T08:00:00+08:00
533103,2026-08-13,accessibility,43.9,2026-08-14T08:00:00+08:00,https://example.gov.cn/panel/533103,2026-08-13T18:00:00+08:00,2026-08-14T08:00:00+08:00
533103,2026-08-13,supply_capacity,39.8,2026-08-14T08:00:00+08:00,https://example.gov.cn/panel/533103,2026-08-13T18:00:00+08:00,2026-08-14T08:00:00+08:00
533103,2026-08-13,weather_fit,45.6,2026-08-14T08:00:00+08:00,https://example.gov.cn/panel/533103,2026-08-13T18:00:00+08:00,2026-08-14T08:00:00+08:00
533103,2026-08-13,novelty,53.8,2026-08-14T08:00:00+08:00,https://example.gov.cn/panel/533103,2026-08-13T18:00:00+08:00,2026-08-14T08:00:00+08:00
533103,2026-08-13,cross_region_spread,50.3,2026-08-14T08:00:00+08:00,https://example.gov.cn/panel/533103,2026-08-13T18:00:00+08:00,2026-08-14T08:00:00+08:00
533103,2026-08-13,risk_pressure,26,2026-08-14T08:00:00+08:00,https://example.gov.cn/panel/533103,2026-08-13T18:00:00+08:00,2026-08-14T08:00:00+08:00
533103,2026-08-14,content_growth,58.5,2026-08-15T08:00:00+08:00,https://example.gov.cn/panel/533103,2026-08-14T18:00:00+08:00,2026-08-15T08:00:00+08:00
533103,2026-08-14,search_growth,56.1,2026-08-15T08:00:00+08:00,https://example.gov.cn/panel/533103,2026-08-14T18:00:00+08:00,2026-08-15T08:00:00+08:00
533103,2026-08-14,event_trigger,52.6,2026-08-15T08:00:00+08:00,https://example.gov.cn/panel/533103,2026-08-14T18:00:00+08:00,2026-08-15T08:00:00+08:00
533103,2026-08-14,accessibility,43.9,2026-08-15T08:00:00+08:00,https://example.gov.cn/panel/533103,2026-08-14T18:00:00+08:00,2026-08-15T08:00:00+08:00
533103,2026-08-14,supply_capacity,39.8,2026-08-15T08:00:00+08:00,https://example.gov.cn/panel/533103,2026-08-14T18:00:00+08:00,2026-08-15T08:00:00+08:00
533103,2026-08-14,weather_fit,45.6,2026-08-15T08:00:00+08:00,https://example.gov.cn/panel/533103,2026-08-14T18:00:00+08:00,2026-08-15T08:00:00+08:00
533103,2026-08-14,novelty,53.8,2026-08-15T08:00:00+08:00,https://example.gov.cn/panel/533103,2026-08-14T18:00:00+08:00,2026-08-15T08:00:00+08:00
533103,2026-08-14,cross_region_spread,50.3,2026-08-15T08:00:00+08:00,https://example.gov.cn/panel/533103,2026-08-14T18:00:00+08:00,2026-08-15T08:00:00+08:00
533103,2026-08-14,risk_pressure,26,2026-08-15T08:00:00+08:00,https://example.gov.cn/panel/533103,2026-08-14T18:00:00+08:00,2026-08-15T08:00:00+08:00
